date,blood_group,donation_supply,day_of_week,month,time_idx,estimated_demand
2020-11-08,A+,40,6,11,0,46.0
2020-11-08,A-,7,6,11,0,8.88
2020-11-08,AB+,6,6,11,0,7.48
2020-11-08,AB-,2,6,11,0,2.89
2020-11-08,B+,66,6,11,0,73.81
2020-11-08,B-,8,6,11,0,9.88
2020-11-08,O+,66,6,11,0,73.99
2020-11-08,O-,10,6,11,0,12.18
2020-11-09,A+,0,0,11,1,23.13
2020-11-09,A-,0,0,11,1,4.94
2020-11-09,AB+,0,0,11,1,4.37
2020-11-09,AB-,0,0,11,1,1.7
2020-11-09,B+,0,0,11,1,36.84
2020-11-09,B-,0,0,11,1,4.47
2020-11-09,O+,0,0,11,1,36.3
2020-11-09,O-,0,0,11,1,5.5
2020-11-10,A+,0,1,11,2,14.67
2020-11-10,A-,0,1,11,2,2.57
2020-11-10,AB+,0,1,11,2,2.2
2020-11-10,AB-,0,1,11,2,0.73
2020-11-10,B+,0,1,11,2,24.2
2020-11-10,B-,0,1,11,2,2.93
2020-11-10,O+,0,1,11,2,24.2
2020-11-10,O-,0,1,11,2,3.67
2020-11-11,A+,0,2,11,3,11.0
2020-11-11,A-,0,2,11,3,1.93
2020-11-11,AB+,0,2,11,3,1.65
2020-11-11,AB-,0,2,11,3,0.55
2020-11-11,B+,0,2,11,3,18.15
2020-11-11,B-,0,2,11,3,2.2
2020-11-11,O+,0,2,11,3,18.15
2020-11-11,O-,0,2,11,3,2.75
2020-11-12,A+,0,3,11,4,8.8
2020-11-12,A-,0,3,11,4,1.54
2020-11-12,AB+,0,3,11,4,1.32
2020-11-12,AB-,0,3,11,4,0.44
2020-11-12,B+,0,3,11,4,14.52
2020-11-12,B-,0,3,11,4,1.76
2020-11-12,O+,0,3,11,4,14.52
2020-11-12,O-,0,3,11,4,2.2
2020-11-13,A+,0,4,11,5,7.33
2020-11-13,A-,0,4,11,5,1.28
2020-11-13,AB+,0,4,11,5,1.1
2020-11-13,AB-,0,4,11,5,0.37
2020-11-13,B+,0,4,11,5,12.1
2020-11-13,B-,0,4,11,5,1.47
2020-11-13,O+,0,4,11,5,12.1
2020-11-13,O-,1,4,11,5,2.02
2020-11-14,A+,0,5,11,6,6.29
2020-11-14,A-,0,5,11,6,1.11
2020-11-14,AB+,0,5,11,6,0.95
2020-11-14,AB-,0,5,11,6,0.32
2020-11-14,B+,0,5,11,6,10.38
2020-11-14,B-,0,5,11,6,1.26
2020-11-14,O+,0,5,11,6,10.37
2020-11-14,O-,0,5,11,6,1.73
2020-11-15,A+,1,6,11,7,5.64
2020-11-15,A-,0,6,11,7,0.97
2020-11-15,AB+,0,6,11,7,0.83
2020-11-15,AB-,0,6,11,7,0.28
2020-11-15,B+,0,6,11,7,9.08
2020-11-15,B-,0,6,11,7,1.11
2020-11-15,O+,0,6,11,7,9.08
2020-11-15,O-,0,6,11,7,1.51
2020-11-16,A+,0,0,11,8,5.01
2020-11-16,A-,0,0,11,8,0.86
2020-11-16,AB+,0,0,11,8,0.73
2020-11-16,AB-,0,0,11,8,0.24
2020-11-16,B+,1,0,11,8,8.2
2020-11-16,B-,0,0,11,8,0.98
2020-11-16,O+,0,0,11,8,8.07
2020-11-16,O-,0,0,11,8,1.35
2020-11-17,A+,0,1,11,9,4.52
2020-11-17,A-,0,1,11,9,0.78
2020-11-17,AB+,0,1,11,9,0.67
2020-11-17,AB-,0,1,11,9,0.22
2020-11-17,B+,0,1,11,9,7.37
2020-11-17,B-,0,1,11,9,0.88
2020-11-17,O+,0,1,11,9,7.26
2020-11-17,O-,0,1,11,9,1.21
2020-11-18,A+,0,2,11,10,4.1
2020-11-18,A-,0,2,11,10,0.7
2020-11-18,AB+,0,2,11,10,0.6
2020-11-18,AB-,0,2,11,10,0.2
2020-11-18,B+,0,2,11,10,6.7
2020-11-18,B-,0,2,11,10,0.8
2020-11-18,O+,0,2,11,10,6.6
2020-11-18,O-,0,2,11,10,1.1
2020-11-19,A+,0,3,11,11,3.76
2020-11-19,A-,0,3,11,11,0.64
2020-11-19,AB+,0,3,11,11,0.55
2020-11-19,AB-,0,3,11,11,0.18
2020-11-19,B+,0,3,11,11,6.14
2020-11-19,B-,0,3,11,11,0.73
2020-11-19,O+,0,3,11,11,6.05
2020-11-19,O-,0,3,11,11,1.01
2020-11-20,A+,0,4,11,12,3.47
2020-11-20,A-,0,4,11,12,0.59
2020-11-20,AB+,0,4,11,12,0.51
2020-11-20,AB-,0,4,11,12,0.17
2020-11-20,B+,0,4,11,12,5.67
2020-11-20,B-,0,4,11,12,0.68
2020-11-20,O+,0,4,11,12,5.58
2020-11-20,O-,0,4,11,12,0.93
2020-11-21,A+,0,5,11,13,3.22
2020-11-21,A-,0,5,11,13,0.55
2020-11-21,AB+,0,5,11,13,0.47
2020-11-21,AB-,0,5,11,13,0.16
2020-11-21,B+,0,5,11,13,5.26
2020-11-21,B-,0,5,11,13,0.63
2020-11-21,O+,0,5,11,13,5.19
2020-11-21,O-,0,5,11,13,0.86
2020-11-22,A+,0,6,11,14,0.08
2020-11-22,A-,0,6,11,14,0.0
2020-11-22,AB+,0,6,11,14,0.0
2020-11-22,AB-,0,6,11,14,0.0
2020-11-22,B+,0,6,11,14,0.08
2020-11-22,B-,0,6,11,14,0.0
2020-11-22,O+,0,6,11,14,0.0
2020-11-22,O-,0,6,11,14,0.08
2020-11-23,A+,1,0,11,15,0.16
2020-11-23,A-,0,0,11,15,0.01
2020-11-23,AB+,0,0,11,15,0.01
2020-11-23,AB-,0,0,11,15,0.01
2020-11-23,B+,0,0,11,15,0.09
2020-11-23,B-,0,0,11,15,0.01
2020-11-23,O+,0,0,11,15,0.01
2020-11-23,O-,0,0,11,15,0.08
2020-11-24,A+,0,1,11,16,0.16
2020-11-24,A-,0,1,11,16,0.0
2020-11-24,AB+,0,1,11,16,0.0
2020-11-24,AB-,0,1,11,16,0.0
2020-11-24,B+,0,1,11,16,0.08
2020-11-24,B-,0,1,11,16,0.0
2020-11-24,O+,0,1,11,16,0.0
2020-11-24,O-,0,1,11,16,0.08
2020-11-25,A+,0,2,11,17,0.16
2020-11-25,A-,0,2,11,17,0.0
2020-11-25,AB+,0,2,11,17,0.0
2020-11-25,AB-,0,2,11,17,0.0
2020-11-25,B+,0,2,11,17,0.08
2020-11-25,B-,0,2,11,17,0.0
2020-11-25,O+,2,2,11,17,0.17
2020-11-25,O-,0,2,11,17,0.09
2020-11-26,A+,0,3,11,18,0.17
2020-11-26,A-,0,3,11,18,0.01
2020-11-26,AB+,0,3,11,18,0.01
2020-11-26,AB-,0,3,11,18,0.01
2020-11-26,B+,0,3,11,18,0.09
2020-11-26,B-,0,3,11,18,0.0
2020-11-26,O+,0,3,11,18,0.16
2020-11-26,O-,0,3,11,18,0.08
2020-11-27,A+,0,4,11,19,0.16
2020-11-27,A-,0,4,11,19,0.0
2020-11-27,AB+,0,4,11,19,0.0
2020-11-27,AB-,0,4,11,19,0.0
2020-11-27,B+,0,4,11,19,0.08
2020-11-27,B-,0,4,11,19,0.0
2020-11-27,O+,0,4,11,19,0.16
2020-11-27,O-,0,4,11,19,0.0
2020-11-28,A+,0,5,11,20,0.16
2020-11-28,A-,0,5,11,20,0.0
2020-11-28,AB+,0,5,11,20,0.0
2020-11-28,AB-,0,5,11,20,0.0
2020-11-28,B+,0,5,11,20,0.08
2020-11-28,B-,0,5,11,20,0.0
2020-11-28,O+,0,5,11,20,0.16
2020-11-28,O-,0,5,11,20,0.0
2020-11-29,A+,0,6,11,21,0.08
2020-11-29,A-,0,6,11,21,0.0
2020-11-29,AB+,0,6,11,21,0.0
2020-11-29,AB-,0,6,11,21,0.0
2020-11-29,B+,0,6,11,21,0.08
2020-11-29,B-,0,6,11,21,0.0
2020-11-29,O+,0,6,11,21,0.16
2020-11-29,O-,0,6,11,21,0.0
2020-11-30,A+,0,0,11,22,0.08
2020-11-30,A-,0,0,11,22,0.0
2020-11-30,AB+,0,0,11,22,0.0
2020-11-30,AB-,0,0,11,22,0.0
2020-11-30,B+,0,0,11,22,0.0
2020-11-30,B-,0,0,11,22,0.0
2020-11-30,O+,0,0,11,22,0.16
2020-11-30,O-,0,0,11,22,0.0
2020-12-01,A+,0,1,12,23,0.08
2020-12-01,A-,0,1,12,23,0.0
2020-12-01,AB+,0,1,12,23,0.0
2020-12-01,AB-,0,1,12,23,0.0
2020-12-01,B+,0,1,12,23,0.0
2020-12-01,B-,0,1,12,23,0.0
2020-12-01,O+,0,1,12,23,0.16
2020-12-01,O-,0,1,12,23,0.0
2020-12-02,A+,0,2,12,24,0.08
2020-12-02,A-,0,2,12,24,0.0
2020-12-02,AB+,0,2,12,24,0.0
2020-12-02,AB-,0,2,12,24,0.0
2020-12-02,B+,0,2,12,24,0.0
2020-12-02,B-,0,2,12,24,0.0
2020-12-02,O+,0,2,12,24,0.16
2020-12-02,O-,0,2,12,24,0.0
2020-12-03,A+,0,3,12,25,0.08
2020-12-03,A-,0,3,12,25,0.0
2020-12-03,AB+,0,3,12,25,0.0
2020-12-03,AB-,0,3,12,25,0.0
2020-12-03,B+,0,3,12,25,0.0
2020-12-03,B-,0,3,12,25,0.0
2020-12-03,O+,0,3,12,25,0.16
2020-12-03,O-,0,3,12,25,0.0
2020-12-04,A+,0,4,12,26,0.08
2020-12-04,A-,0,4,12,26,0.0
2020-12-04,AB+,0,4,12,26,0.0
2020-12-04,AB-,0,4,12,26,0.0
2020-12-04,B+,0,4,12,26,0.0
2020-12-04,B-,0,4,12,26,0.0
2020-12-04,O+,0,4,12,26,0.16
2020-12-04,O-,0,4,12,26,0.0
2020-12-05,A+,0,5,12,27,0.08
2020-12-05,A-,0,5,12,27,0.0
2020-12-05,AB+,0,5,12,27,0.0
2020-12-05,AB-,0,5,12,27,0.0
2020-12-05,B+,0,5,12,27,0.0
2020-12-05,B-,0,5,12,27,0.0
2020-12-05,O+,0,5,12,27,0.16
2020-12-05,O-,0,5,12,27,0.0
2020-12-06,A+,0,6,12,28,0.08
2020-12-06,A-,0,6,12,28,0.0
2020-12-06,AB+,0,6,12,28,0.0
2020-12-06,AB-,0,6,12,28,0.0
2020-12-06,B+,0,6,12,28,0.0
2020-12-06,B-,0,6,12,28,0.0
2020-12-06,O+,0,6,12,28,0.16
2020-12-06,O-,0,6,12,28,0.0
2020-12-07,A+,0,0,12,29,0.0
2020-12-07,A-,0,0,12,29,0.0
2020-12-07,AB+,0,0,12,29,0.0
2020-12-07,AB-,0,0,12,29,0.0
2020-12-07,B+,0,0,12,29,0.0
2020-12-07,B-,0,0,12,29,0.0
2020-12-07,O+,0,0,12,29,0.16
2020-12-07,O-,0,0,12,29,0.0
2020-12-08,A+,0,1,12,30,0.0
2020-12-08,A-,0,1,12,30,0.0
2020-12-08,AB+,0,1,12,30,0.0
2020-12-08,AB-,0,1,12,30,0.0
2020-12-08,B+,1,1,12,30,0.09
2020-12-08,B-,0,1,12,30,0.01
2020-12-08,O+,1,1,12,30,0.25
2020-12-08,O-,0,1,12,30,0.01
2020-12-09,A+,0,2,12,31,0.01
2020-12-09,A-,0,2,12,31,0.01
2020-12-09,AB+,0,2,12,31,0.01
2020-12-09,AB-,0,2,12,31,0.01
2020-12-09,B+,0,2,12,31,0.09
2020-12-09,B-,0,2,12,31,0.0
2020-12-09,O+,0,2,12,31,0.08
2020-12-09,O-,0,2,12,31,0.0
2020-12-10,A+,0,3,12,32,0.0
2020-12-10,A-,0,3,12,32,0.0
2020-12-10,AB+,0,3,12,32,0.0
2020-12-10,AB-,0,3,12,32,0.0
2020-12-10,B+,0,3,12,32,0.08
2020-12-10,B-,0,3,12,32,0.0
2020-12-10,O+,0,3,12,32,0.08
2020-12-10,O-,0,3,12,32,0.0
2020-12-11,A+,0,4,12,33,0.0
2020-12-11,A-,0,4,12,33,0.0
2020-12-11,AB+,0,4,12,33,0.0
2020-12-11,AB-,0,4,12,33,0.0
2020-12-11,B+,0,4,12,33,0.08
2020-12-11,B-,0,4,12,33,0.0
2020-12-11,O+,0,4,12,33,0.08
2020-12-11,O-,0,4,12,33,0.0
2020-12-12,A+,1,5,12,34,0.09
2020-12-12,A-,0,5,12,34,0.01
2020-12-12,AB+,0,5,12,34,0.01
2020-12-12,AB-,0,5,12,34,0.01
2020-12-12,B+,0,5,12,34,0.09
2020-12-12,B-,0,5,12,34,0.01
2020-12-12,O+,0,5,12,34,0.09
2020-12-12,O-,0,5,12,34,0.0
2020-12-13,A+,0,6,12,35,0.08
2020-12-13,A-,0,6,12,35,0.0
2020-12-13,AB+,1,6,12,35,0.09
2020-12-13,AB-,0,6,12,35,0.01
2020-12-13,B+,0,6,12,35,0.09
2020-12-13,B-,0,6,12,35,0.01
2020-12-13,O+,0,6,12,35,0.09
2020-12-13,O-,0,6,12,35,0.01
2020-12-14,A+,0,0,12,36,0.09
2020-12-14,A-,0,0,12,36,0.0
2020-12-14,AB+,0,0,12,36,0.08
2020-12-14,AB-,0,0,12,36,0.0
2020-12-14,B+,0,0,12,36,0.08
2020-12-14,B-,0,0,12,36,0.0
2020-12-14,O+,0,0,12,36,0.08
2020-12-14,O-,0,0,12,36,0.0
2020-12-15,A+,0,1,12,37,0.08
2020-12-15,A-,0,1,12,37,0.0
2020-12-15,AB+,0,1,12,37,0.08
2020-12-15,AB-,0,1,12,37,0.0
2020-12-15,B+,0,1,12,37,0.08
2020-12-15,B-,0,1,12,37,0.0
2020-12-15,O+,0,1,12,37,0.08
2020-12-15,O-,0,1,12,37,0.0
2020-12-16,A+,0,2,12,38,0.08
2020-12-16,A-,0,2,12,38,0.0
2020-12-16,AB+,0,2,12,38,0.08
2020-12-16,AB-,0,2,12,38,0.0
2020-12-16,B+,0,2,12,38,0.08
2020-12-16,B-,0,2,12,38,0.0
2020-12-16,O+,0,2,12,38,0.08
2020-12-16,O-,0,2,12,38,0.0
2020-12-17,A+,0,3,12,39,0.08
2020-12-17,A-,0,3,12,39,0.0
2020-12-17,AB+,0,3,12,39,0.08
2020-12-17,AB-,0,3,12,39,0.0
2020-12-17,B+,0,3,12,39,0.08
2020-12-17,B-,0,3,12,39,0.0
2020-12-17,O+,0,3,12,39,0.08
2020-12-17,O-,0,3,12,39,0.0
2020-12-18,A+,0,4,12,40,0.08
2020-12-18,A-,0,4,12,40,0.0
2020-12-18,AB+,1,4,12,40,0.16
2020-12-18,AB-,0,4,12,40,0.01
2020-12-18,B+,2,4,12,40,0.26
2020-12-18,B-,0,4,12,40,0.02
2020-12-18,O+,0,4,12,40,0.1
2020-12-18,O-,0,4,12,40,0.02
2020-12-19,A+,0,5,12,41,0.1
2020-12-19,A-,0,5,12,41,0.01
2020-12-19,AB+,0,5,12,41,0.17
2020-12-19,AB-,0,5,12,41,0.0
2020-12-19,B+,0,5,12,41,0.24
2020-12-19,B-,0,5,12,41,0.0
2020-12-19,O+,0,5,12,41,0.08
2020-12-19,O-,0,5,12,41,0.0
2020-12-20,A+,0,6,12,42,0.08
2020-12-20,A-,0,6,12,42,0.0
2020-12-20,AB+,0,6,12,42,0.16
2020-12-20,AB-,0,6,12,42,0.0
2020-12-20,B+,0,6,12,42,0.24
2020-12-20,B-,0,6,12,42,0.0
2020-12-20,O+,1,6,12,42,0.16
2020-12-20,O-,0,6,12,42,0.01
2020-12-21,A+,0,0,12,43,0.09
2020-12-21,A-,0,0,12,43,0.01
2020-12-21,AB+,0,0,12,43,0.16
2020-12-21,AB-,0,0,12,43,0.01
2020-12-21,B+,0,0,12,43,0.24
2020-12-21,B-,0,0,12,43,0.0
2020-12-21,O+,0,0,12,43,0.16
2020-12-21,O-,0,0,12,43,0.0
2020-12-22,A+,0,1,12,44,0.08
2020-12-22,A-,0,1,12,44,0.0
2020-12-22,AB+,0,1,12,44,0.16
2020-12-22,AB-,0,1,12,44,0.0
2020-12-22,B+,0,1,12,44,0.16
2020-12-22,B-,0,1,12,44,0.0
2020-12-22,O+,0,1,12,44,0.08
2020-12-22,O-,0,1,12,44,0.0
2020-12-23,A+,0,2,12,45,0.08
2020-12-23,A-,0,2,12,45,0.0
2020-12-23,AB+,0,2,12,45,0.16
2020-12-23,AB-,0,2,12,45,0.0
2020-12-23,B+,1,2,12,45,0.24
2020-12-23,B-,0,2,12,45,0.01
2020-12-23,O+,1,2,12,45,0.17
2020-12-23,O-,0,2,12,45,0.01
2020-12-24,A+,0,3,12,46,0.09
2020-12-24,A-,0,3,12,46,0.01
2020-12-24,AB+,0,3,12,46,0.17
2020-12-24,AB-,0,3,12,46,0.01
2020-12-24,B+,0,3,12,46,0.24
2020-12-24,B-,0,3,12,46,0.0
2020-12-24,O+,0,3,12,46,0.16
2020-12-24,O-,0,3,12,46,0.0
2020-12-25,A+,0,4,12,47,0.08
2020-12-25,A-,0,4,12,47,0.0
2020-12-25,AB+,0,4,12,47,0.16
2020-12-25,AB-,0,4,12,47,0.0
2020-12-25,B+,0,4,12,47,0.24
2020-12-25,B-,0,4,12,47,0.0
2020-12-25,O+,0,4,12,47,0.16
2020-12-25,O-,0,4,12,47,0.0
2020-12-26,A+,0,5,12,48,0.0
2020-12-26,A-,0,5,12,48,0.0
2020-12-26,AB+,0,5,12,48,0.16
2020-12-26,AB-,0,5,12,48,0.0
2020-12-26,B+,0,5,12,48,0.24
2020-12-26,B-,0,5,12,48,0.0
2020-12-26,O+,0,5,12,48,0.16
2020-12-26,O-,0,5,12,48,0.0
2020-12-27,A+,0,6,12,49,0.0
2020-12-27,A-,0,6,12,49,0.0
2020-12-27,AB+,0,6,12,49,0.08
2020-12-27,AB-,0,6,12,49,0.0
2020-12-27,B+,0,6,12,49,0.24
2020-12-27,B-,0,6,12,49,0.0
2020-12-27,O+,0,6,12,49,0.16
2020-12-27,O-,0,6,12,49,0.0
2020-12-28,A+,0,0,12,50,0.0
2020-12-28,A-,0,0,12,50,0.0
2020-12-28,AB+,0,0,12,50,0.08
2020-12-28,AB-,0,0,12,50,0.0
2020-12-28,B+,0,0,12,50,0.24
2020-12-28,B-,0,0,12,50,0.0
2020-12-28,O+,0,0,12,50,0.16
2020-12-28,O-,0,0,12,50,0.0
2020-12-29,A+,0,1,12,51,0.0
2020-12-29,A-,0,1,12,51,0.0
2020-12-29,AB+,0,1,12,51,0.08
2020-12-29,AB-,0,1,12,51,0.0
2020-12-29,B+,0,1,12,51,0.24
2020-12-29,B-,0,1,12,51,0.0
2020-12-29,O+,0,1,12,51,0.16
2020-12-29,O-,0,1,12,51,0.0
2020-12-30,A+,0,2,12,52,0.0
2020-12-30,A-,0,2,12,52,0.0
2020-12-30,AB+,0,2,12,52,0.08
2020-12-30,AB-,0,2,12,52,0.0
2020-12-30,B+,0,2,12,52,0.24
2020-12-30,B-,0,2,12,52,0.0
2020-12-30,O+,0,2,12,52,0.16
2020-12-30,O-,0,2,12,52,0.0
2020-12-31,A+,0,3,12,53,0.0
2020-12-31,A-,0,3,12,53,0.0
2020-12-31,AB+,0,3,12,53,0.08
2020-12-31,AB-,0,3,12,53,0.0
2020-12-31,B+,0,3,12,53,0.24
2020-12-31,B-,0,3,12,53,0.0
2020-12-31,O+,0,3,12,53,0.16
2020-12-31,O-,0,3,12,53,0.0
2021-01-01,A+,0,4,1,54,0.0
2021-01-01,A-,0,4,1,54,0.0
2021-01-01,AB+,0,4,1,54,0.0
2021-01-01,AB-,0,4,1,54,0.0
2021-01-01,B+,0,4,1,54,0.08
2021-01-01,B-,0,4,1,54,0.0
2021-01-01,O+,0,4,1,54,0.16
2021-01-01,O-,0,4,1,54,0.0
2021-01-02,A+,0,5,1,55,0.0
2021-01-02,A-,0,5,1,55,0.0
2021-01-02,AB+,0,5,1,55,0.0
2021-01-02,AB-,0,5,1,55,0.0
2021-01-02,B+,0,5,1,55,0.08
2021-01-02,B-,0,5,1,55,0.0
2021-01-02,O+,0,5,1,55,0.16
2021-01-02,O-,0,5,1,55,0.0
2021-01-03,A+,0,6,1,56,0.0
2021-01-03,A-,0,6,1,56,0.0
2021-01-03,AB+,0,6,1,56,0.0
2021-01-03,AB-,0,6,1,56,0.0
2021-01-03,B+,0,6,1,56,0.08
2021-01-03,B-,0,6,1,56,0.0
2021-01-03,O+,0,6,1,56,0.08
2021-01-03,O-,0,6,1,56,0.0
2021-01-04,A+,0,0,1,57,0.0
2021-01-04,A-,0,0,1,57,0.0
2021-01-04,AB+,0,0,1,57,0.0
2021-01-04,AB-,0,0,1,57,0.0
2021-01-04,B+,0,0,1,57,0.08
2021-01-04,B-,0,0,1,57,0.0
2021-01-04,O+,0,0,1,57,0.08
2021-01-04,O-,0,0,1,57,0.0
2021-01-05,A+,0,1,1,58,0.0
2021-01-05,A-,0,1,1,58,0.0
2021-01-05,AB+,0,1,1,58,0.0
2021-01-05,AB-,0,1,1,58,0.0
2021-01-05,B+,1,1,1,58,0.16
2021-01-05,B-,0,1,1,58,0.01
2021-01-05,O+,0,1,1,58,0.09
2021-01-05,O-,0,1,1,58,0.01
2021-01-06,A+,0,2,1,59,0.01
2021-01-06,A-,0,2,1,59,0.01
2021-01-06,AB+,0,2,1,59,0.01
2021-01-06,AB-,0,2,1,59,0.0
2021-01-06,B+,0,2,1,59,0.08
2021-01-06,B-,0,2,1,59,0.0
2021-01-06,O+,1,2,1,59,0.09
2021-01-06,O-,0,2,1,59,0.01
2021-01-07,A+,0,3,1,60,0.01
2021-01-07,A-,0,3,1,60,0.01
2021-01-07,AB+,0,3,1,60,0.01
2021-01-07,AB-,0,3,1,60,0.01
2021-01-07,B+,1,3,1,60,0.17
2021-01-07,B-,0,3,1,60,0.01
2021-01-07,O+,0,3,1,60,0.09
2021-01-07,O-,0,3,1,60,0.01
2021-01-08,A+,0,4,1,61,0.01
2021-01-08,A-,0,4,1,61,0.01
2021-01-08,AB+,0,4,1,61,0.01
2021-01-08,AB-,0,4,1,61,0.0
2021-01-08,B+,0,4,1,61,0.16
2021-01-08,B-,0,4,1,61,0.0
2021-01-08,O+,0,4,1,61,0.08
2021-01-08,O-,0,4,1,61,0.0
2021-01-09,A+,0,5,1,62,0.0
2021-01-09,A-,0,5,1,62,0.0
2021-01-09,AB+,0,5,1,62,0.0
2021-01-09,AB-,0,5,1,62,0.0
2021-01-09,B+,1,5,1,62,0.24
2021-01-09,B-,0,5,1,62,0.01
2021-01-09,O+,2,5,1,62,0.26
2021-01-09,O-,0,5,1,62,0.02
2021-01-10,A+,0,6,1,63,0.02
2021-01-10,A-,0,6,1,63,0.02
2021-01-10,AB+,0,6,1,63,0.02
2021-01-10,AB-,0,6,1,63,0.01
2021-01-10,B+,1,6,1,63,0.34
2021-01-10,B-,0,6,1,63,0.01
2021-01-10,O+,0,6,1,63,0.24
2021-01-10,O-,0,6,1,63,0.01
2021-01-11,A+,0,0,1,64,0.01
2021-01-11,A-,0,0,1,64,0.01
2021-01-11,AB+,0,0,1,64,0.01
2021-01-11,AB-,0,0,1,64,0.0
2021-01-11,B+,0,0,1,64,0.31
2021-01-11,B-,0,0,1,64,0.0
2021-01-11,O+,0,0,1,64,0.24
2021-01-11,O-,1,0,1,64,0.09
2021-01-12,A+,0,1,1,65,0.01
2021-01-12,A-,0,1,1,65,0.01
2021-01-12,AB+,0,1,1,65,0.01
2021-01-12,AB-,0,1,1,65,0.01
2021-01-12,B+,0,1,1,65,0.32
2021-01-12,B-,0,1,1,65,0.01
2021-01-12,O+,1,1,1,65,0.32
2021-01-12,O-,0,1,1,65,0.09
2021-01-13,A+,0,2,1,66,0.01
2021-01-13,A-,0,2,1,66,0.01
2021-01-13,AB+,0,2,1,66,0.01
2021-01-13,AB-,0,2,1,66,0.01
2021-01-13,B+,0,2,1,66,0.32
2021-01-13,B-,0,2,1,66,0.0
2021-01-13,O+,0,2,1,66,0.31
2021-01-13,O-,0,2,1,66,0.08
2021-01-14,A+,0,3,1,67,0.0
2021-01-14,A-,0,3,1,67,0.0
2021-01-14,AB+,0,3,1,67,0.0
2021-01-14,AB-,0,3,1,67,0.0
2021-01-14,B+,0,3,1,67,0.31
2021-01-14,B-,0,3,1,67,0.0
2021-01-14,O+,0,3,1,67,0.31
2021-01-14,O-,0,3,1,67,0.08
2021-01-15,A+,0,4,1,68,0.0
2021-01-15,A-,0,4,1,68,0.0
2021-01-15,AB+,0,4,1,68,0.0
2021-01-15,AB-,0,4,1,68,0.0
2021-01-15,B+,0,4,1,68,0.31
2021-01-15,B-,0,4,1,68,0.0
2021-01-15,O+,1,4,1,68,0.4
2021-01-15,O-,0,4,1,68,0.09
2021-01-16,A+,0,5,1,69,0.01
2021-01-16,A-,0,5,1,69,0.01
2021-01-16,AB+,0,5,1,69,0.01
2021-01-16,AB-,0,5,1,69,0.01
2021-01-16,B+,1,5,1,69,0.41
2021-01-16,B-,0,5,1,69,0.01
2021-01-16,O+,0,5,1,69,0.4
2021-01-16,O-,0,5,1,69,0.09
2021-01-17,A+,0,6,1,70,0.01
2021-01-17,A-,0,6,1,70,0.01
2021-01-17,AB+,0,6,1,70,0.01
2021-01-17,AB-,0,6,1,70,0.0
2021-01-17,B+,1,6,1,70,0.48
2021-01-17,B-,0,6,1,70,0.01
2021-01-17,O+,0,6,1,70,0.4
2021-01-17,O-,0,6,1,70,0.09
2021-01-18,A+,0,0,1,71,0.01
2021-01-18,A-,0,0,1,71,0.01
2021-01-18,AB+,0,0,1,71,0.01
2021-01-18,AB-,0,0,1,71,0.0
2021-01-18,B+,0,0,1,71,0.47
2021-01-18,B-,0,0,1,71,0.0
2021-01-18,O+,0,0,1,71,0.39
2021-01-18,O-,0,0,1,71,0.08
2021-01-19,A+,0,1,1,72,0.0
2021-01-19,A-,0,1,1,72,0.0
2021-01-19,AB+,0,1,1,72,0.0
2021-01-19,AB-,0,1,1,72,0.0
2021-01-19,B+,0,1,1,72,0.39
2021-01-19,B-,0,1,1,72,0.0
2021-01-19,O+,1,1,1,72,0.48
2021-01-19,O-,0,1,1,72,0.09
2021-01-20,A+,0,2,1,73,0.01
2021-01-20,A-,0,2,1,73,0.01
2021-01-20,AB+,0,2,1,73,0.01
2021-01-20,AB-,0,2,1,73,0.01
2021-01-20,B+,0,2,1,73,0.4
2021-01-20,B-,0,2,1,73,0.0
2021-01-20,O+,0,2,1,73,0.39
2021-01-20,O-,0,2,1,73,0.08
2021-01-21,A+,0,3,1,74,0.0
2021-01-21,A-,0,3,1,74,0.0
2021-01-21,AB+,0,3,1,74,0.0
2021-01-21,AB-,0,3,1,74,0.0
2021-01-21,B+,0,3,1,74,0.31
2021-01-21,B-,0,3,1,74,0.0
2021-01-21,O+,0,3,1,74,0.39
2021-01-21,O-,0,3,1,74,0.08
2021-01-22,A+,1,4,1,75,0.09
2021-01-22,A-,0,4,1,75,0.01
2021-01-22,AB+,0,4,1,75,0.01
2021-01-22,AB-,0,4,1,75,0.01
2021-01-22,B+,0,4,1,75,0.32
2021-01-22,B-,0,4,1,75,0.01
2021-01-22,O+,0,4,1,75,0.4
2021-01-22,O-,0,4,1,75,0.08
2021-01-23,A+,1,5,1,76,0.16
2021-01-23,A-,0,5,1,76,0.01
2021-01-23,AB+,0,5,1,76,0.01
2021-01-23,AB-,0,5,1,76,0.01
2021-01-23,B+,0,5,1,76,0.24
2021-01-23,B-,0,5,1,76,0.01
2021-01-23,O+,0,5,1,76,0.24
2021-01-23,O-,0,5,1,76,0.08
2021-01-24,A+,0,6,1,77,0.16
2021-01-24,A-,0,6,1,77,0.0
2021-01-24,AB+,0,6,1,77,0.0
2021-01-24,AB-,0,6,1,77,0.0
2021-01-24,B+,0,6,1,77,0.16
2021-01-24,B-,0,6,1,77,0.0
2021-01-24,O+,0,6,1,77,0.24
2021-01-24,O-,0,6,1,77,0.08
2021-01-25,A+,0,0,1,78,0.16
2021-01-25,A-,0,0,1,78,0.0
2021-01-25,AB+,0,0,1,78,0.0
2021-01-25,AB-,0,0,1,78,0.0
2021-01-25,B+,0,0,1,78,0.16
2021-01-25,B-,0,0,1,78,0.0
2021-01-25,O+,0,0,1,78,0.24
2021-01-25,O-,0,0,1,78,0.0
2021-01-26,A+,1,1,1,79,0.24
2021-01-26,A-,0,1,1,79,0.01
2021-01-26,AB+,0,1,1,79,0.01
2021-01-26,AB-,0,1,1,79,0.01
2021-01-26,B+,0,1,1,79,0.16
2021-01-26,B-,0,1,1,79,0.01
2021-01-26,O+,0,1,1,79,0.16
2021-01-26,O-,0,1,1,79,0.0
2021-01-27,A+,0,2,1,80,0.24
2021-01-27,A-,0,2,1,80,0.0
2021-01-27,AB+,0,2,1,80,0.0
2021-01-27,AB-,0,2,1,80,0.0
2021-01-27,B+,0,2,1,80,0.16
2021-01-27,B-,0,2,1,80,0.0
2021-01-27,O+,1,2,1,80,0.24
2021-01-27,O-,0,2,1,80,0.01
2021-01-28,A+,0,3,1,81,0.24
2021-01-28,A-,0,3,1,81,0.01
2021-01-28,AB+,0,3,1,81,0.01
2021-01-28,AB-,0,3,1,81,0.01
2021-01-28,B+,0,3,1,81,0.16
2021-01-28,B-,0,3,1,81,0.0
2021-01-28,O+,0,3,1,81,0.24
2021-01-28,O-,0,3,1,81,0.0
2021-01-29,A+,0,4,1,82,0.24
2021-01-29,A-,0,4,1,82,0.0
2021-01-29,AB+,0,4,1,82,0.0
2021-01-29,AB-,0,4,1,82,0.0
2021-01-29,B+,1,4,1,82,0.24
2021-01-29,B-,0,4,1,82,0.01
2021-01-29,O+,0,4,1,82,0.16
2021-01-29,O-,0,4,1,82,0.01
2021-01-30,A+,0,5,1,83,0.24
2021-01-30,A-,0,5,1,83,0.01
2021-01-30,AB+,0,5,1,83,0.01
2021-01-30,AB-,0,5,1,83,0.0
2021-01-30,B+,0,5,1,83,0.16
2021-01-30,B-,0,5,1,83,0.0
2021-01-30,O+,0,5,1,83,0.16
2021-01-30,O-,0,5,1,83,0.0
2021-01-31,A+,0,6,1,84,0.24
2021-01-31,A-,0,6,1,84,0.0
2021-01-31,AB+,0,6,1,84,0.0
2021-01-31,AB-,0,6,1,84,0.0
2021-01-31,B+,0,6,1,84,0.08
2021-01-31,B-,0,6,1,84,0.0
2021-01-31,O+,0,6,1,84,0.16
2021-01-31,O-,0,6,1,84,0.0
2021-02-01,A+,0,0,2,85,0.24
2021-02-01,A-,0,0,2,85,0.0
2021-02-01,AB+,0,0,2,85,0.0
2021-02-01,AB-,0,0,2,85,0.0
2021-02-01,B+,0,0,2,85,0.08
2021-02-01,B-,0,0,2,85,0.0
2021-02-01,O+,0,0,2,85,0.16
2021-02-01,O-,0,0,2,85,0.0
2021-02-02,A+,0,1,2,86,0.24
2021-02-02,A-,0,1,2,86,0.0
2021-02-02,AB+,0,1,2,86,0.0
2021-02-02,AB-,0,1,2,86,0.0
2021-02-02,B+,0,1,2,86,0.08
2021-02-02,B-,0,1,2,86,0.0
2021-02-02,O+,1,1,2,86,0.16
2021-02-02,O-,0,1,2,86,0.01
2021-02-03,A+,0,2,2,87,0.24
2021-02-03,A-,0,2,2,87,0.01
2021-02-03,AB+,0,2,2,87,0.01
2021-02-03,AB-,0,2,2,87,0.01
2021-02-03,B+,1,2,2,87,0.17
2021-02-03,B-,0,2,2,87,0.01
2021-02-03,O+,0,2,2,87,0.16
2021-02-03,O-,0,2,2,87,0.01
2021-02-04,A+,0,3,2,88,0.24
2021-02-04,A-,0,3,2,88,0.01
2021-02-04,AB+,0,3,2,88,0.01
2021-02-04,AB-,0,3,2,88,0.0
2021-02-04,B+,0,3,2,88,0.16
2021-02-04,B-,0,3,2,88,0.0
2021-02-04,O+,0,3,2,88,0.16
2021-02-04,O-,0,3,2,88,0.0
2021-02-05,A+,0,4,2,89,0.16
2021-02-05,A-,0,4,2,89,0.0
2021-02-05,AB+,0,4,2,89,0.0
2021-02-05,AB-,0,4,2,89,0.0
2021-02-05,B+,0,4,2,89,0.16
2021-02-05,B-,0,4,2,89,0.0
2021-02-05,O+,1,4,2,89,0.24
2021-02-05,O-,0,4,2,89,0.01
2021-02-06,A+,0,5,2,90,0.09
2021-02-06,A-,0,5,2,90,0.01
2021-02-06,AB+,0,5,2,90,0.01
2021-02-06,AB-,0,5,2,90,0.01
2021-02-06,B+,1,5,2,90,0.25
2021-02-06,B-,0,5,2,90,0.01
2021-02-06,O+,0,5,2,90,0.24
2021-02-06,O-,0,5,2,90,0.01
2021-02-07,A+,1,6,2,91,0.17
2021-02-07,A-,0,6,2,91,0.01
2021-02-07,AB+,0,6,2,91,0.01
2021-02-07,AB-,0,6,2,91,0.01
2021-02-07,B+,0,6,2,91,0.24
2021-02-07,B-,0,6,2,91,0.01
2021-02-07,O+,0,6,2,91,0.24
2021-02-07,O-,0,6,2,91,0.0
2021-02-08,A+,0,0,2,92,0.16
2021-02-08,A-,0,0,2,92,0.0
2021-02-08,AB+,0,0,2,92,0.0
2021-02-08,AB-,0,0,2,92,0.0
2021-02-08,B+,0,0,2,92,0.24
2021-02-08,B-,0,0,2,92,0.0
2021-02-08,O+,0,0,2,92,0.24
2021-02-08,O-,0,0,2,92,0.0
2021-02-09,A+,0,1,2,93,0.08
2021-02-09,A-,0,1,2,93,0.0
2021-02-09,AB+,0,1,2,93,0.0
2021-02-09,AB-,0,1,2,93,0.0
2021-02-09,B+,0,1,2,93,0.24
2021-02-09,B-,0,1,2,93,0.0
2021-02-09,O+,0,1,2,93,0.24
2021-02-09,O-,0,1,2,93,0.0
2021-02-10,A+,0,2,2,94,0.08
2021-02-10,A-,0,2,2,94,0.0
2021-02-10,AB+,0,2,2,94,0.0
2021-02-10,AB-,0,2,2,94,0.0
2021-02-10,B+,0,2,2,94,0.24
2021-02-10,B-,0,2,2,94,0.0
2021-02-10,O+,0,2,2,94,0.16
2021-02-10,O-,0,2,2,94,0.0
2021-02-11,A+,0,3,2,95,0.08
2021-02-11,A-,0,3,2,95,0.0
2021-02-11,AB+,0,3,2,95,0.0
2021-02-11,AB-,0,3,2,95,0.0
2021-02-11,B+,0,3,2,95,0.24
2021-02-11,B-,0,3,2,95,0.0
2021-02-11,O+,0,3,2,95,0.16
2021-02-11,O-,0,3,2,95,0.0
2021-02-12,A+,0,4,2,96,0.08
2021-02-12,A-,0,4,2,96,0.0
2021-02-12,AB+,0,4,2,96,0.0
2021-02-12,AB-,0,4,2,96,0.0
2021-02-12,B+,0,4,2,96,0.16
2021-02-12,B-,0,4,2,96,0.0
2021-02-12,O+,0,4,2,96,0.16
2021-02-12,O-,0,4,2,96,0.0
2021-02-13,A+,0,5,2,97,0.08
2021-02-13,A-,0,5,2,97,0.0
2021-02-13,AB+,0,5,2,97,0.0
2021-02-13,AB-,0,5,2,97,0.0
2021-02-13,B+,0,5,2,97,0.16
2021-02-13,B-,0,5,2,97,0.0
2021-02-13,O+,0,5,2,97,0.16
2021-02-13,O-,0,5,2,97,0.0
2021-02-14,A+,0,6,2,98,0.08
2021-02-14,A-,0,6,2,98,0.0
2021-02-14,AB+,0,6,2,98,0.0
2021-02-14,AB-,0,6,2,98,0.0
2021-02-14,B+,1,6,2,98,0.24
2021-02-14,B-,0,6,2,98,0.01
2021-02-14,O+,1,6,2,98,0.25
2021-02-14,O-,0,6,2,98,0.01
2021-02-15,A+,0,0,2,99,0.09
2021-02-15,A-,0,0,2,99,0.01
2021-02-15,AB+,0,0,2,99,0.01
2021-02-15,AB-,0,0,2,99,0.01
2021-02-15,B+,0,0,2,99,0.24
2021-02-15,B-,0,0,2,99,0.0
2021-02-15,O+,0,0,2,99,0.24
2021-02-15,O-,0,0,2,99,0.0
2021-02-16,A+,0,1,2,100,0.08
2021-02-16,A-,0,1,2,100,0.0
2021-02-16,AB+,0,1,2,100,0.0
2021-02-16,AB-,0,1,2,100,0.0
2021-02-16,B+,0,1,2,100,0.24
2021-02-16,B-,0,1,2,100,0.0
2021-02-16,O+,0,1,2,100,0.16
2021-02-16,O-,0,1,2,100,0.0
2021-02-17,A+,0,2,2,101,0.08
2021-02-17,A-,0,2,2,101,0.0
2021-02-17,AB+,0,2,2,101,0.0
2021-02-17,AB-,0,2,2,101,0.0
2021-02-17,B+,0,2,2,101,0.16
2021-02-17,B-,0,2,2,101,0.0
2021-02-17,O+,1,2,2,101,0.24
2021-02-17,O-,0,2,2,101,0.01
2021-02-18,A+,0,3,2,102,0.09
2021-02-18,A-,0,3,2,102,0.01
2021-02-18,AB+,0,3,2,102,0.01
2021-02-18,AB-,0,3,2,102,0.01
2021-02-18,B+,0,3,2,102,0.16
2021-02-18,B-,0,3,2,102,0.0
2021-02-18,O+,1,3,2,102,0.32
2021-02-18,O-,0,3,2,102,0.01
2021-02-19,A+,0,4,2,103,0.09
2021-02-19,A-,0,4,2,103,0.01
2021-02-19,AB+,0,4,2,103,0.01
2021-02-19,AB-,0,4,2,103,0.01
2021-02-19,B+,0,4,2,103,0.16
2021-02-19,B-,0,4,2,103,0.0
2021-02-19,O+,1,4,2,103,0.32
2021-02-19,O-,0,4,2,103,0.01
2021-02-20,A+,0,5,2,104,0.09
2021-02-20,A-,0,5,2,104,0.01
2021-02-20,AB+,0,5,2,104,0.01
2021-02-20,AB-,0,5,2,104,0.01
2021-02-20,B+,0,5,2,104,0.09
2021-02-20,B-,0,5,2,104,0.0
2021-02-20,O+,0,5,2,104,0.31
2021-02-20,O-,0,5,2,104,0.0
2021-02-21,A+,0,6,2,105,0.0
2021-02-21,A-,0,6,2,105,0.0
2021-02-21,AB+,0,6,2,105,0.0
2021-02-21,AB-,0,6,2,105,0.0
2021-02-21,B+,0,6,2,105,0.08
2021-02-21,B-,0,6,2,105,0.0
2021-02-21,O+,1,6,2,105,0.4
2021-02-21,O-,0,6,2,105,0.01
2021-02-22,A+,0,0,2,106,0.01
2021-02-22,A-,0,0,2,106,0.01
2021-02-22,AB+,0,0,2,106,0.01
2021-02-22,AB-,0,0,2,106,0.01
2021-02-22,B+,0,0,2,106,0.09
2021-02-22,B-,0,0,2,106,0.0
2021-02-22,O+,0,0,2,106,0.39
2021-02-22,O-,0,0,2,106,0.0
2021-02-23,A+,0,1,2,107,0.0
2021-02-23,A-,0,1,2,107,0.0
2021-02-23,AB+,0,1,2,107,0.0
2021-02-23,AB-,0,1,2,107,0.0
2021-02-23,B+,0,1,2,107,0.08
2021-02-23,B-,0,1,2,107,0.0
2021-02-23,O+,0,1,2,107,0.39
2021-02-23,O-,0,1,2,107,0.0
2021-02-24,A+,0,2,2,108,0.0
2021-02-24,A-,0,2,2,108,0.0
2021-02-24,AB+,0,2,2,108,0.0
2021-02-24,AB-,0,2,2,108,0.0
2021-02-24,B+,0,2,2,108,0.08
2021-02-24,B-,0,2,2,108,0.0
2021-02-24,O+,0,2,2,108,0.39
2021-02-24,O-,0,2,2,108,0.0
2021-02-25,A+,0,3,2,109,0.0
2021-02-25,A-,0,3,2,109,0.0
2021-02-25,AB+,0,3,2,109,0.0
2021-02-25,AB-,0,3,2,109,0.0
2021-02-25,B+,0,3,2,109,0.08
2021-02-25,B-,0,3,2,109,0.0
2021-02-25,O+,1,3,2,109,0.48
2021-02-25,O-,0,3,2,109,0.01
2021-02-26,A+,0,4,2,110,0.01
2021-02-26,A-,0,4,2,110,0.01
2021-02-26,AB+,0,4,2,110,0.01
2021-02-26,AB-,0,4,2,110,0.01
2021-02-26,B+,0,4,2,110,0.09
2021-02-26,B-,0,4,2,110,0.0
2021-02-26,O+,0,4,2,110,0.47
2021-02-26,O-,0,4,2,110,0.0
2021-02-27,A+,1,5,2,111,0.09
2021-02-27,A-,0,5,2,111,0.01
2021-02-27,AB+,0,5,2,111,0.01
2021-02-27,AB-,0,5,2,111,0.01
2021-02-27,B+,0,5,2,111,0.09
2021-02-27,B-,0,5,2,111,0.01
2021-02-27,O+,0,5,2,111,0.48
2021-02-27,O-,0,5,2,111,0.0
2021-02-28,A+,0,6,2,112,0.08
2021-02-28,A-,0,6,2,112,0.0
2021-02-28,AB+,0,6,2,112,0.0
2021-02-28,AB-,0,6,2,112,0.0
2021-02-28,B+,0,6,2,112,0.0
2021-02-28,B-,0,6,2,112,0.0
2021-02-28,O+,0,6,2,112,0.39
2021-02-28,O-,0,6,2,112,0.0
2021-03-01,A+,0,0,3,113,0.08
2021-03-01,A-,0,0,3,113,0.0
2021-03-01,AB+,0,0,3,113,0.0
2021-03-01,AB-,0,0,3,113,0.0
2021-03-01,B+,0,0,3,113,0.0
2021-03-01,B-,0,0,3,113,0.0
2021-03-01,O+,0,0,3,113,0.39
2021-03-01,O-,0,0,3,113,0.0
2021-03-02,A+,0,1,3,114,0.08
2021-03-02,A-,0,1,3,114,0.0
2021-03-02,AB+,0,1,3,114,0.0
2021-03-02,AB-,0,1,3,114,0.0
2021-03-02,B+,0,1,3,114,0.0
2021-03-02,B-,0,1,3,114,0.0
2021-03-02,O+,0,1,3,114,0.39
2021-03-02,O-,0,1,3,114,0.0
2021-03-03,A+,1,2,3,115,0.16
2021-03-03,A-,0,2,3,115,0.01
2021-03-03,AB+,0,2,3,115,0.01
2021-03-03,AB-,0,2,3,115,0.01
2021-03-03,B+,0,2,3,115,0.01
2021-03-03,B-,0,2,3,115,0.01
2021-03-03,O+,0,2,3,115,0.32
2021-03-03,O-,0,2,3,115,0.0
2021-03-04,A+,0,3,3,116,0.16
2021-03-04,A-,0,3,3,116,0.0
2021-03-04,AB+,0,3,3,116,0.0
2021-03-04,AB-,0,3,3,116,0.0
2021-03-04,B+,0,3,3,116,0.0
2021-03-04,B-,0,3,3,116,0.0
2021-03-04,O+,0,3,3,116,0.24
2021-03-04,O-,0,3,3,116,0.0
2021-03-05,A+,0,4,3,117,0.16
2021-03-05,A-,0,4,3,117,0.0
2021-03-05,AB+,0,4,3,117,0.0
2021-03-05,AB-,0,4,3,117,0.0
2021-03-05,B+,0,4,3,117,0.0
2021-03-05,B-,0,4,3,117,0.0
2021-03-05,O+,0,4,3,117,0.16
2021-03-05,O-,0,4,3,117,0.0
2021-03-06,A+,0,5,3,118,0.16
2021-03-06,A-,0,5,3,118,0.0
2021-03-06,AB+,0,5,3,118,0.0
2021-03-06,AB-,0,5,3,118,0.0
2021-03-06,B+,0,5,3,118,0.0
2021-03-06,B-,0,5,3,118,0.0
2021-03-06,O+,1,5,3,118,0.24
2021-03-06,O-,0,5,3,118,0.01
2021-03-07,A+,0,6,3,119,0.16
2021-03-07,A-,0,6,3,119,0.01
2021-03-07,AB+,0,6,3,119,0.01
2021-03-07,AB-,0,6,3,119,0.01
2021-03-07,B+,0,6,3,119,0.01
2021-03-07,B-,0,6,3,119,0.0
2021-03-07,O+,1,6,3,119,0.24
2021-03-07,O-,0,6,3,119,0.01
2021-03-08,A+,0,0,3,120,0.16
2021-03-08,A-,0,0,3,120,0.01
2021-03-08,AB+,0,0,3,120,0.01
2021-03-08,AB-,0,0,3,120,0.01
2021-03-08,B+,0,0,3,120,0.01
2021-03-08,B-,0,0,3,120,0.0
2021-03-08,O+,0,0,3,120,0.24
2021-03-08,O-,0,0,3,120,0.0
2021-03-09,A+,0,1,3,121,0.16
2021-03-09,A-,0,1,3,121,0.0
2021-03-09,AB+,0,1,3,121,0.0
2021-03-09,AB-,0,1,3,121,0.0
2021-03-09,B+,0,1,3,121,0.0
2021-03-09,B-,0,1,3,121,0.0
2021-03-09,O+,0,1,3,121,0.24
2021-03-09,O-,0,1,3,121,0.0
2021-03-10,A+,0,2,3,122,0.16
2021-03-10,A-,0,2,3,122,0.0
2021-03-10,AB+,0,2,3,122,0.0
2021-03-10,AB-,0,2,3,122,0.0
2021-03-10,B+,0,2,3,122,0.0
2021-03-10,B-,0,2,3,122,0.0
2021-03-10,O+,1,2,3,122,0.32
2021-03-10,O-,0,2,3,122,0.01
2021-03-11,A+,0,3,3,123,0.16
2021-03-11,A-,0,3,3,123,0.01
2021-03-11,AB+,0,3,3,123,0.01
2021-03-11,AB-,0,3,3,123,0.01
2021-03-11,B+,0,3,3,123,0.01
2021-03-11,B-,0,3,3,123,0.0
2021-03-11,O+,0,3,3,123,0.24
2021-03-11,O-,0,3,3,123,0.0
2021-03-12,A+,0,4,3,124,0.16
2021-03-12,A-,0,4,3,124,0.0
2021-03-12,AB+,0,4,3,124,0.0
2021-03-12,AB-,0,4,3,124,0.0
2021-03-12,B+,0,4,3,124,0.0
2021-03-12,B-,0,4,3,124,0.0
2021-03-12,O+,0,4,3,124,0.24
2021-03-12,O-,0,4,3,124,0.0
2021-03-13,A+,0,5,3,125,0.08
2021-03-13,A-,0,5,3,125,0.0
2021-03-13,AB+,0,5,3,125,0.0
2021-03-13,AB-,0,5,3,125,0.0
2021-03-13,B+,0,5,3,125,0.0
2021-03-13,B-,0,5,3,125,0.0
2021-03-13,O+,0,5,3,125,0.24
2021-03-13,O-,0,5,3,125,0.0
2021-03-14,A+,0,6,3,126,0.08
2021-03-14,A-,0,6,3,126,0.0
2021-03-14,AB+,0,6,3,126,0.0
2021-03-14,AB-,0,6,3,126,0.0
2021-03-14,B+,0,6,3,126,0.0
2021-03-14,B-,0,6,3,126,0.0
2021-03-14,O+,1,6,3,126,0.32
2021-03-14,O-,0,6,3,126,0.01
2021-03-15,A+,0,0,3,127,0.09
2021-03-15,A-,0,0,3,127,0.01
2021-03-15,AB+,0,0,3,127,0.01
2021-03-15,AB-,0,0,3,127,0.01
2021-03-15,B+,1,0,3,127,0.09
2021-03-15,B-,0,0,3,127,0.01
2021-03-15,O+,0,0,3,127,0.32
2021-03-15,O-,0,0,3,127,0.01
2021-03-16,A+,0,1,3,128,0.09
2021-03-16,A-,1,1,3,128,0.09
2021-03-16,AB+,0,1,3,128,0.01
2021-03-16,AB-,0,1,3,128,0.01
2021-03-16,B+,0,1,3,128,0.09
2021-03-16,B-,0,1,3,128,0.01
2021-03-16,O+,0,1,3,128,0.32
2021-03-16,O-,0,1,3,128,0.01
2021-03-17,A+,0,2,3,129,0.0
2021-03-17,A-,0,2,3,129,0.08
2021-03-17,AB+,0,2,3,129,0.0
2021-03-17,AB-,0,2,3,129,0.0
2021-03-17,B+,0,2,3,129,0.08
2021-03-17,B-,1,2,3,129,0.09
2021-03-17,O+,0,2,3,129,0.32
2021-03-17,O-,0,2,3,129,0.01
2021-03-18,A+,0,3,3,130,0.01
2021-03-18,A-,0,3,3,130,0.09
2021-03-18,AB+,0,3,3,130,0.01
2021-03-18,AB-,0,3,3,130,0.01
2021-03-18,B+,0,3,3,130,0.08
2021-03-18,B-,0,3,3,130,0.08
2021-03-18,O+,0,3,3,130,0.31
2021-03-18,O-,0,3,3,130,0.0
2021-03-19,A+,0,4,3,131,0.0
2021-03-19,A-,0,4,3,131,0.08
2021-03-19,AB+,0,4,3,131,0.0
2021-03-19,AB-,0,4,3,131,0.0
2021-03-19,B+,0,4,3,131,0.08
2021-03-19,B-,0,4,3,131,0.08
2021-03-19,O+,0,4,3,131,0.31
2021-03-19,O-,0,4,3,131,0.0
2021-03-20,A+,1,5,3,132,0.09
2021-03-20,A-,0,5,3,132,0.09
2021-03-20,AB+,0,5,3,132,0.01
2021-03-20,AB-,0,5,3,132,0.01
2021-03-20,B+,0,5,3,132,0.09
2021-03-20,B-,0,5,3,132,0.09
2021-03-20,O+,0,5,3,132,0.24
2021-03-20,O-,0,5,3,132,0.0
2021-03-21,A+,0,6,3,133,0.08
2021-03-21,A-,0,6,3,133,0.08
2021-03-21,AB+,0,6,3,133,0.0
2021-03-21,AB-,0,6,3,133,0.0
2021-03-21,B+,0,6,3,133,0.08
2021-03-21,B-,0,6,3,133,0.08
2021-03-21,O+,0,6,3,133,0.16
2021-03-21,O-,0,6,3,133,0.0
2021-03-22,A+,0,0,3,134,0.08
2021-03-22,A-,0,0,3,134,0.08
2021-03-22,AB+,0,0,3,134,0.0
2021-03-22,AB-,0,0,3,134,0.0
2021-03-22,B+,0,0,3,134,0.08
2021-03-22,B-,0,0,3,134,0.08
2021-03-22,O+,0,0,3,134,0.16
2021-03-22,O-,0,0,3,134,0.0
2021-03-23,A+,0,1,3,135,0.08
2021-03-23,A-,0,1,3,135,0.08
2021-03-23,AB+,0,1,3,135,0.0
2021-03-23,AB-,0,1,3,135,0.0
2021-03-23,B+,0,1,3,135,0.08
2021-03-23,B-,0,1,3,135,0.08
2021-03-23,O+,0,1,3,135,0.16
2021-03-23,O-,0,1,3,135,0.0
2021-03-24,A+,0,2,3,136,0.08
2021-03-24,A-,0,2,3,136,0.08
2021-03-24,AB+,0,2,3,136,0.0
2021-03-24,AB-,0,2,3,136,0.0
2021-03-24,B+,1,2,3,136,0.16
2021-03-24,B-,0,2,3,136,0.09
2021-03-24,O+,0,2,3,136,0.09
2021-03-24,O-,0,2,3,136,0.01
2021-03-25,A+,0,3,3,137,0.09
2021-03-25,A-,0,3,3,137,0.09
2021-03-25,AB+,0,3,3,137,0.01
2021-03-25,AB-,0,3,3,137,0.0
2021-03-25,B+,0,3,3,137,0.16
2021-03-25,B-,0,3,3,137,0.08
2021-03-25,O+,0,3,3,137,0.08
2021-03-25,O-,0,3,3,137,0.0
2021-03-26,A+,0,4,3,138,0.08
2021-03-26,A-,0,4,3,138,0.08
2021-03-26,AB+,0,4,3,138,0.0
2021-03-26,AB-,0,4,3,138,0.0
2021-03-26,B+,0,4,3,138,0.16
2021-03-26,B-,1,4,3,138,0.16
2021-03-26,O+,0,4,3,138,0.09
2021-03-26,O-,0,4,3,138,0.01
2021-03-27,A+,1,5,3,139,0.17
2021-03-27,A-,0,5,3,139,0.09
2021-03-27,AB+,0,5,3,139,0.01
2021-03-27,AB-,0,5,3,139,0.01
2021-03-27,B+,0,5,3,139,0.16
2021-03-27,B-,0,5,3,139,0.16
2021-03-27,O+,1,5,3,139,0.17
2021-03-27,O-,0,5,3,139,0.01
2021-03-28,A+,0,6,3,140,0.16
2021-03-28,A-,0,6,3,140,0.09
2021-03-28,AB+,0,6,3,140,0.01
2021-03-28,AB-,0,6,3,140,0.01
2021-03-28,B+,0,6,3,140,0.16
2021-03-28,B-,0,6,3,140,0.16
2021-03-28,O+,0,6,3,140,0.08
2021-03-28,O-,0,6,3,140,0.0
2021-03-29,A+,0,0,3,141,0.16
2021-03-29,A-,0,0,3,141,0.08
2021-03-29,AB+,0,0,3,141,0.0
2021-03-29,AB-,0,0,3,141,0.0
2021-03-29,B+,1,0,3,141,0.16
2021-03-29,B-,0,0,3,141,0.16
2021-03-29,O+,0,0,3,141,0.09
2021-03-29,O-,0,0,3,141,0.01
2021-03-30,A+,0,1,3,142,0.16
2021-03-30,A-,0,1,3,142,0.01
2021-03-30,AB+,0,1,3,142,0.01
2021-03-30,AB-,0,1,3,142,0.0
2021-03-30,B+,1,1,3,142,0.24
2021-03-30,B-,0,1,3,142,0.16
2021-03-30,O+,0,1,3,142,0.09
2021-03-30,O-,0,1,3,142,0.01
2021-03-31,A+,0,2,3,143,0.16
2021-03-31,A-,0,2,3,143,0.01
2021-03-31,AB+,0,2,3,143,0.01
2021-03-31,AB-,0,2,3,143,0.0
2021-03-31,B+,0,2,3,143,0.24
2021-03-31,B-,0,2,3,143,0.08
2021-03-31,O+,0,2,3,143,0.08
2021-03-31,O-,0,2,3,143,0.0
2021-04-01,A+,0,3,4,144,0.16
2021-04-01,A-,0,3,4,144,0.0
2021-04-01,AB+,0,3,4,144,0.0
2021-04-01,AB-,0,3,4,144,0.0
2021-04-01,B+,1,3,4,144,0.32
2021-04-01,B-,0,3,4,144,0.09
2021-04-01,O+,0,3,4,144,0.09
2021-04-01,O-,0,3,4,144,0.01
2021-04-02,A+,0,4,4,145,0.16
2021-04-02,A-,0,4,4,145,0.01
2021-04-02,AB+,1,4,4,145,0.09
2021-04-02,AB-,0,4,4,145,0.01
2021-04-02,B+,0,4,4,145,0.32
2021-04-02,B-,0,4,4,145,0.09
2021-04-02,O+,1,4,4,145,0.17
2021-04-02,O-,0,4,4,145,0.01
2021-04-03,A+,0,5,4,146,0.09
2021-04-03,A-,0,5,4,146,0.01
2021-04-03,AB+,0,5,4,146,0.09
2021-04-03,AB-,0,5,4,146,0.01
2021-04-03,B+,0,5,4,146,0.32
2021-04-03,B-,0,5,4,146,0.08
2021-04-03,O+,0,5,4,146,0.16
2021-04-03,O-,0,5,4,146,0.0
2021-04-04,A+,0,6,4,147,0.08
2021-04-04,A-,0,6,4,147,0.0
2021-04-04,AB+,0,6,4,147,0.08
2021-04-04,AB-,0,6,4,147,0.0
2021-04-04,B+,0,6,4,147,0.31
2021-04-04,B-,0,6,4,147,0.08
2021-04-04,O+,0,6,4,147,0.16
2021-04-04,O-,0,6,4,147,0.0
2021-04-05,A+,0,0,4,148,0.08
2021-04-05,A-,0,0,4,148,0.0
2021-04-05,AB+,0,0,4,148,0.08
2021-04-05,AB-,0,0,4,148,0.0
2021-04-05,B+,0,0,4,148,0.31
2021-04-05,B-,0,0,4,148,0.08
2021-04-05,O+,0,0,4,148,0.16
2021-04-05,O-,0,0,4,148,0.0
2021-04-06,A+,0,1,4,149,0.08
2021-04-06,A-,0,1,4,149,0.0
2021-04-06,AB+,0,1,4,149,0.08
2021-04-06,AB-,0,1,4,149,0.0
2021-04-06,B+,0,1,4,149,0.31
2021-04-06,B-,0,1,4,149,0.08
2021-04-06,O+,0,1,4,149,0.16
2021-04-06,O-,0,1,4,149,0.0
2021-04-07,A+,1,2,4,150,0.16
2021-04-07,A-,0,2,4,150,0.01
2021-04-07,AB+,0,2,4,150,0.09
2021-04-07,AB-,0,2,4,150,0.01
2021-04-07,B+,0,2,4,150,0.24
2021-04-07,B-,0,2,4,150,0.09
2021-04-07,O+,1,2,4,150,0.25
2021-04-07,O-,0,2,4,150,0.01
2021-04-08,A+,0,3,4,151,0.16
2021-04-08,A-,0,3,4,151,0.01
2021-04-08,AB+,0,3,4,151,0.09
2021-04-08,AB-,0,3,4,151,0.01
2021-04-08,B+,0,3,4,151,0.24
2021-04-08,B-,0,3,4,151,0.08
2021-04-08,O+,0,3,4,151,0.24
2021-04-08,O-,0,3,4,151,0.0
2021-04-09,A+,1,4,4,152,0.24
2021-04-09,A-,0,4,4,152,0.01
2021-04-09,AB+,0,4,4,152,0.09
2021-04-09,AB-,0,4,4,152,0.01
2021-04-09,B+,0,4,4,152,0.24
2021-04-09,B-,0,4,4,152,0.01
2021-04-09,O+,0,4,4,152,0.24
2021-04-09,O-,0,4,4,152,0.0
2021-04-10,A+,0,5,4,153,0.16
2021-04-10,A-,0,5,4,153,0.0
2021-04-10,AB+,0,5,4,153,0.08
2021-04-10,AB-,0,5,4,153,0.0
2021-04-10,B+,0,5,4,153,0.24
2021-04-10,B-,0,5,4,153,0.0
2021-04-10,O+,0,5,4,153,0.16
2021-04-10,O-,0,5,4,153,0.0
2021-04-11,A+,0,6,4,154,0.16
2021-04-11,A-,0,6,4,154,0.0
2021-04-11,AB+,0,6,4,154,0.08
2021-04-11,AB-,0,6,4,154,0.0
2021-04-11,B+,1,6,4,154,0.32
2021-04-11,B-,0,6,4,154,0.01
2021-04-11,O+,0,6,4,154,0.16
2021-04-11,O-,0,6,4,154,0.01
2021-04-12,A+,1,0,4,155,0.25
2021-04-12,A-,0,0,4,155,0.01
2021-04-12,AB+,0,0,4,155,0.09
2021-04-12,AB-,0,0,4,155,0.01
2021-04-12,B+,0,0,4,155,0.24
2021-04-12,B-,0,0,4,155,0.01
2021-04-12,O+,0,0,4,155,0.16
2021-04-12,O-,1,0,4,155,0.09
2021-04-13,A+,1,1,4,156,0.33
2021-04-13,A-,0,1,4,156,0.01
2021-04-13,AB+,0,1,4,156,0.09
2021-04-13,AB-,0,1,4,156,0.01
2021-04-13,B+,0,1,4,156,0.17
2021-04-13,B-,0,1,4,156,0.01
2021-04-13,O+,0,1,4,156,0.16
2021-04-13,O-,0,1,4,156,0.08
2021-04-14,A+,0,2,4,157,0.31
2021-04-14,A-,0,2,4,157,0.0
2021-04-14,AB+,0,2,4,157,0.08
2021-04-14,AB-,0,2,4,157,0.0
2021-04-14,B+,0,2,4,157,0.16
2021-04-14,B-,0,2,4,157,0.0
2021-04-14,O+,1,2,4,157,0.24
2021-04-14,O-,0,2,4,157,0.09
2021-04-15,A+,0,3,4,158,0.32
2021-04-15,A-,0,3,4,158,0.01
2021-04-15,AB+,0,3,4,158,0.09
2021-04-15,AB-,0,3,4,158,0.01
2021-04-15,B+,1,3,4,158,0.17
2021-04-15,B-,0,3,4,158,0.01
2021-04-15,O+,0,3,4,158,0.24
2021-04-15,O-,0,3,4,158,0.09
2021-04-16,A+,0,4,4,159,0.32
2021-04-16,A-,0,4,4,159,0.01
2021-04-16,AB+,0,4,4,159,0.01
2021-04-16,AB-,0,4,4,159,0.0
2021-04-16,B+,0,4,4,159,0.16
2021-04-16,B-,0,4,4,159,0.0
2021-04-16,O+,1,4,4,159,0.24
2021-04-16,O-,0,4,4,159,0.09
2021-04-17,A+,0,5,4,160,0.32
2021-04-17,A-,0,5,4,160,0.01
2021-04-17,AB+,0,5,4,160,0.01
2021-04-17,AB-,0,5,4,160,0.01
2021-04-17,B+,0,5,4,160,0.16
2021-04-17,B-,0,5,4,160,0.0
2021-04-17,O+,0,5,4,160,0.24
2021-04-17,O-,0,5,4,160,0.08
2021-04-18,A+,0,6,4,161,0.31
2021-04-18,A-,0,6,4,161,0.0
2021-04-18,AB+,0,6,4,161,0.0
2021-04-18,AB-,0,6,4,161,0.0
2021-04-18,B+,0,6,4,161,0.16
2021-04-18,B-,0,6,4,161,0.0
2021-04-18,O+,0,6,4,161,0.24
2021-04-18,O-,0,6,4,161,0.08
2021-04-19,A+,0,0,4,162,0.31
2021-04-19,A-,0,0,4,162,0.0
2021-04-19,AB+,1,0,4,162,0.09
2021-04-19,AB-,0,0,4,162,0.01
2021-04-19,B+,0,0,4,162,0.16
2021-04-19,B-,0,0,4,162,0.01
2021-04-19,O+,0,0,4,162,0.24
2021-04-19,O-,0,0,4,162,0.09
2021-04-20,A+,0,1,4,163,0.32
2021-04-20,A-,0,1,4,163,0.0
2021-04-20,AB+,0,1,4,163,0.08
2021-04-20,AB-,0,1,4,163,0.0
2021-04-20,B+,0,1,4,163,0.16
2021-04-20,B-,0,1,4,163,0.0
2021-04-20,O+,0,1,4,163,0.24
2021-04-20,O-,0,1,4,163,0.08
2021-04-21,A+,0,2,4,164,0.24
2021-04-21,A-,0,2,4,164,0.0
2021-04-21,AB+,0,2,4,164,0.08
2021-04-21,AB-,0,2,4,164,0.0
2021-04-21,B+,1,2,4,164,0.24
2021-04-21,B-,0,2,4,164,0.01
2021-04-21,O+,0,2,4,164,0.16
2021-04-21,O-,0,2,4,164,0.09
2021-04-22,A+,1,3,4,165,0.33
2021-04-22,A-,0,3,4,165,0.01
2021-04-22,AB+,0,3,4,165,0.09
2021-04-22,AB-,0,3,4,165,0.01
2021-04-22,B+,0,3,4,165,0.24
2021-04-22,B-,0,3,4,165,0.01
2021-04-22,O+,0,3,4,165,0.16
2021-04-22,O-,0,3,4,165,0.08
2021-04-23,A+,0,4,4,166,0.24
2021-04-23,A-,0,4,4,166,0.0
2021-04-23,AB+,0,4,4,166,0.08
2021-04-23,AB-,0,4,4,166,0.0
2021-04-23,B+,0,4,4,166,0.24
2021-04-23,B-,0,4,4,166,0.0
2021-04-23,O+,1,4,4,166,0.24
2021-04-23,O-,0,4,4,166,0.09
2021-04-24,A+,0,5,4,167,0.24
2021-04-24,A-,0,5,4,167,0.01
2021-04-24,AB+,0,5,4,167,0.09
2021-04-24,AB-,0,5,4,167,0.01
2021-04-24,B+,0,5,4,167,0.24
2021-04-24,B-,0,5,4,167,0.0
2021-04-24,O+,2,5,4,167,0.41
2021-04-24,O-,0,5,4,167,0.09
2021-04-25,A+,1,6,4,168,0.34
2021-04-25,A-,0,6,4,168,0.02
2021-04-25,AB+,0,6,4,168,0.1
2021-04-25,AB-,0,6,4,168,0.02
2021-04-25,B+,0,6,4,168,0.18
2021-04-25,B-,0,6,4,168,0.01
2021-04-25,O+,0,6,4,168,0.4
2021-04-25,O-,0,6,4,168,0.08
2021-04-26,A+,0,0,4,169,0.24
2021-04-26,A-,0,0,4,169,0.0
2021-04-26,AB+,0,0,4,169,0.08
2021-04-26,AB-,0,0,4,169,0.0
2021-04-26,B+,0,0,4,169,0.16
2021-04-26,B-,0,0,4,169,0.0
2021-04-26,O+,0,0,4,169,0.39
2021-04-26,O-,0,0,4,169,0.0
2021-04-27,A+,0,1,4,170,0.16
2021-04-27,A-,0,1,4,170,0.0
2021-04-27,AB+,0,1,4,170,0.08
2021-04-27,AB-,0,1,4,170,0.0
2021-04-27,B+,0,1,4,170,0.16
2021-04-27,B-,0,1,4,170,0.0
2021-04-27,O+,0,1,4,170,0.39
2021-04-27,O-,0,1,4,170,0.0
2021-04-28,A+,0,2,4,171,0.16
2021-04-28,A-,0,2,4,171,0.0
2021-04-28,AB+,0,2,4,171,0.08
2021-04-28,AB-,0,2,4,171,0.0
2021-04-28,B+,0,2,4,171,0.16
2021-04-28,B-,0,2,4,171,0.0
2021-04-28,O+,0,2,4,171,0.31
2021-04-28,O-,0,2,4,171,0.0
2021-04-29,A+,0,3,4,172,0.16
2021-04-29,A-,0,3,4,172,0.0
2021-04-29,AB+,0,3,4,172,0.08
2021-04-29,AB-,0,3,4,172,0.0
2021-04-29,B+,0,3,4,172,0.08
2021-04-29,B-,0,3,4,172,0.0
2021-04-29,O+,1,3,4,172,0.4
2021-04-29,O-,0,3,4,172,0.01
2021-04-30,A+,0,4,4,173,0.16
2021-04-30,A-,0,4,4,173,0.01
2021-04-30,AB+,0,4,4,173,0.09
2021-04-30,AB-,0,4,4,173,0.01
2021-04-30,B+,0,4,4,173,0.09
2021-04-30,B-,0,4,4,173,0.0
2021-04-30,O+,1,4,4,173,0.4
2021-04-30,O-,0,4,4,173,0.01
2021-05-01,A+,0,5,5,174,0.16
2021-05-01,A-,0,5,5,174,0.01
2021-05-01,AB+,0,5,5,174,0.09
2021-05-01,AB-,0,5,5,174,0.01
2021-05-01,B+,0,5,5,174,0.09
2021-05-01,B-,0,5,5,174,0.0
2021-05-01,O+,0,5,5,174,0.39
2021-05-01,O-,0,5,5,174,0.0
2021-05-02,A+,0,6,5,175,0.16
2021-05-02,A-,0,6,5,175,0.0
2021-05-02,AB+,0,6,5,175,0.08
2021-05-02,AB-,0,6,5,175,0.0
2021-05-02,B+,1,6,5,175,0.16
2021-05-02,B-,0,6,5,175,0.01
2021-05-02,O+,0,6,5,175,0.4
2021-05-02,O-,0,6,5,175,0.01
2021-05-03,A+,0,0,5,176,0.16
2021-05-03,A-,0,0,5,176,0.01
2021-05-03,AB+,0,0,5,176,0.01
2021-05-03,AB-,0,0,5,176,0.0
2021-05-03,B+,0,0,5,176,0.16
2021-05-03,B-,0,0,5,176,0.0
2021-05-03,O+,0,0,5,176,0.39
2021-05-03,O-,0,0,5,176,0.0
2021-05-04,A+,0,1,5,177,0.16
2021-05-04,A-,0,1,5,177,0.0
2021-05-04,AB+,0,1,5,177,0.0
2021-05-04,AB-,0,1,5,177,0.0
2021-05-04,B+,0,1,5,177,0.16
2021-05-04,B-,0,1,5,177,0.0
2021-05-04,O+,0,1,5,177,0.39
2021-05-04,O-,0,1,5,177,0.0
2021-05-05,A+,0,2,5,178,0.16
2021-05-05,A-,0,2,5,178,0.0
2021-05-05,AB+,0,2,5,178,0.0
2021-05-05,AB-,0,2,5,178,0.0
2021-05-05,B+,0,2,5,178,0.08
2021-05-05,B-,0,2,5,178,0.0
2021-05-05,O+,0,2,5,178,0.39
2021-05-05,O-,0,2,5,178,0.0
2021-05-06,A+,0,3,5,179,0.08
2021-05-06,A-,0,3,5,179,0.0
2021-05-06,AB+,0,3,5,179,0.0
2021-05-06,AB-,0,3,5,179,0.0
2021-05-06,B+,0,3,5,179,0.08
2021-05-06,B-,0,3,5,179,0.0
2021-05-06,O+,0,3,5,179,0.39
2021-05-06,O-,0,3,5,179,0.0
2021-05-07,A+,0,4,5,180,0.08
2021-05-07,A-,0,4,5,180,0.0
2021-05-07,AB+,0,4,5,180,0.0
2021-05-07,AB-,0,4,5,180,0.0
2021-05-07,B+,0,4,5,180,0.08
2021-05-07,B-,0,4,5,180,0.0
2021-05-07,O+,1,4,5,180,0.4
2021-05-07,O-,0,4,5,180,0.01
2021-05-08,A+,0,5,5,181,0.09
2021-05-08,A-,0,5,5,181,0.01
2021-05-08,AB+,0,5,5,181,0.01
2021-05-08,AB-,0,5,5,181,0.01
2021-05-08,B+,0,5,5,181,0.09
2021-05-08,B-,0,5,5,181,0.0
2021-05-08,O+,0,5,5,181,0.24
2021-05-08,O-,0,5,5,181,0.0
2021-05-09,A+,0,6,5,182,0.0
2021-05-09,A-,0,6,5,182,0.0
2021-05-09,AB+,0,6,5,182,0.0
2021-05-09,AB-,0,6,5,182,0.0
2021-05-09,B+,0,6,5,182,0.08
2021-05-09,B-,0,6,5,182,0.0
2021-05-09,O+,0,6,5,182,0.24
2021-05-09,O-,0,6,5,182,0.0
2021-05-10,A+,0,0,5,183,0.0
2021-05-10,A-,0,0,5,183,0.0
2021-05-10,AB+,0,0,5,183,0.0
2021-05-10,AB-,0,0,5,183,0.0
2021-05-10,B+,1,0,5,183,0.16
2021-05-10,B-,0,0,5,183,0.01
2021-05-10,O+,0,0,5,183,0.24
2021-05-10,O-,0,0,5,183,0.01
2021-05-11,A+,2,1,5,184,0.18
2021-05-11,A-,0,1,5,184,0.02
2021-05-11,AB+,0,1,5,184,0.02
2021-05-11,AB-,0,1,5,184,0.01
2021-05-11,B+,0,1,5,184,0.17
2021-05-11,B-,0,1,5,184,0.01
2021-05-11,O+,0,1,5,184,0.25
2021-05-11,O-,0,1,5,184,0.0
2021-05-12,A+,0,2,5,185,0.16
2021-05-12,A-,0,2,5,185,0.0
2021-05-12,AB+,0,2,5,185,0.0
2021-05-12,AB-,0,2,5,185,0.0
2021-05-12,B+,0,2,5,185,0.16
2021-05-12,B-,0,2,5,185,0.0
2021-05-12,O+,0,2,5,185,0.24
2021-05-12,O-,1,2,5,185,0.09
2021-05-13,A+,0,3,5,186,0.16
2021-05-13,A-,0,3,5,186,0.01
2021-05-13,AB+,0,3,5,186,0.01
2021-05-13,AB-,0,3,5,186,0.01
2021-05-13,B+,0,3,5,186,0.16
2021-05-13,B-,0,3,5,186,0.01
2021-05-13,O+,1,3,5,186,0.24
2021-05-13,O-,0,3,5,186,0.09
2021-05-14,A+,0,4,5,187,0.16
2021-05-14,A-,0,4,5,187,0.01
2021-05-14,AB+,0,4,5,187,0.01
2021-05-14,AB-,0,4,5,187,0.01
2021-05-14,B+,0,4,5,187,0.16
2021-05-14,B-,0,4,5,187,0.0
2021-05-14,O+,0,4,5,187,0.16
2021-05-14,O-,0,4,5,187,0.08
2021-05-15,A+,0,5,5,188,0.16
2021-05-15,A-,0,5,5,188,0.0
2021-05-15,AB+,0,5,5,188,0.0
2021-05-15,AB-,0,5,5,188,0.0
2021-05-15,B+,0,5,5,188,0.16
2021-05-15,B-,0,5,5,188,0.0
2021-05-15,O+,0,5,5,188,0.16
2021-05-15,O-,0,5,5,188,0.08
2021-05-16,A+,0,6,5,189,0.16
2021-05-16,A-,0,6,5,189,0.0
2021-05-16,AB+,0,6,5,189,0.0
2021-05-16,AB-,0,6,5,189,0.0
2021-05-16,B+,0,6,5,189,0.08
2021-05-16,B-,0,6,5,189,0.0
2021-05-16,O+,0,6,5,189,0.16
2021-05-16,O-,0,6,5,189,0.08
2021-05-17,A+,0,0,5,190,0.16
2021-05-17,A-,0,0,5,190,0.0
2021-05-17,AB+,0,0,5,190,0.0
2021-05-17,AB-,0,0,5,190,0.0
2021-05-17,B+,1,0,5,190,0.16
2021-05-17,B-,0,0,5,190,0.01
2021-05-17,O+,0,0,5,190,0.16
2021-05-17,O-,0,0,5,190,0.09
2021-05-18,A+,0,1,5,191,0.16
2021-05-18,A-,0,1,5,191,0.01
2021-05-18,AB+,0,1,5,191,0.01
2021-05-18,AB-,0,1,5,191,0.0
2021-05-18,B+,0,1,5,191,0.16
2021-05-18,B-,0,1,5,191,0.0
2021-05-18,O+,0,1,5,191,0.16
2021-05-18,O-,0,1,5,191,0.08
2021-05-19,A+,0,2,5,192,0.16
2021-05-19,A-,0,2,5,192,0.0
2021-05-19,AB+,0,2,5,192,0.0
2021-05-19,AB-,0,2,5,192,0.0
2021-05-19,B+,0,2,5,192,0.16
2021-05-19,B-,0,2,5,192,0.0
2021-05-19,O+,0,2,5,192,0.16
2021-05-19,O-,0,2,5,192,0.08
2021-05-20,A+,0,3,5,193,0.16
2021-05-20,A-,0,3,5,193,0.0
2021-05-20,AB+,0,3,5,193,0.0
2021-05-20,AB-,0,3,5,193,0.0
2021-05-20,B+,0,3,5,193,0.16
2021-05-20,B-,0,3,5,193,0.0
2021-05-20,O+,0,3,5,193,0.16
2021-05-20,O-,0,3,5,193,0.08
2021-05-21,A+,0,4,5,194,0.16
2021-05-21,A-,0,4,5,194,0.0
2021-05-21,AB+,0,4,5,194,0.0
2021-05-21,AB-,0,4,5,194,0.0
2021-05-21,B+,0,4,5,194,0.16
2021-05-21,B-,0,4,5,194,0.0
2021-05-21,O+,1,4,5,194,0.16
2021-05-21,O-,0,4,5,194,0.09
2021-05-22,A+,0,5,5,195,0.16
2021-05-22,A-,0,5,5,195,0.01
2021-05-22,AB+,0,5,5,195,0.01
2021-05-22,AB-,0,5,5,195,0.01
2021-05-22,B+,0,5,5,195,0.16
2021-05-22,B-,0,5,5,195,0.0
2021-05-22,O+,0,5,5,195,0.16
2021-05-22,O-,0,5,5,195,0.08
2021-05-23,A+,0,6,5,196,0.16
2021-05-23,A-,0,6,5,196,0.0
2021-05-23,AB+,0,6,5,196,0.0
2021-05-23,AB-,0,6,5,196,0.0
2021-05-23,B+,0,6,5,196,0.16
2021-05-23,B-,0,6,5,196,0.0
2021-05-23,O+,0,6,5,196,0.16
2021-05-23,O-,0,6,5,196,0.08
2021-05-24,A+,0,0,5,197,0.16
2021-05-24,A-,0,0,5,197,0.0
2021-05-24,AB+,0,0,5,197,0.0
2021-05-24,AB-,0,0,5,197,0.0
2021-05-24,B+,0,0,5,197,0.08
2021-05-24,B-,0,0,5,197,0.0
2021-05-24,O+,0,0,5,197,0.16
2021-05-24,O-,0,0,5,197,0.08
2021-05-25,A+,0,1,5,198,0.0
2021-05-25,A-,0,1,5,198,0.0
2021-05-25,AB+,0,1,5,198,0.0
2021-05-25,AB-,0,1,5,198,0.0
2021-05-25,B+,0,1,5,198,0.08
2021-05-25,B-,0,1,5,198,0.0
2021-05-25,O+,1,1,5,198,0.24
2021-05-25,O-,0,1,5,198,0.09
2021-05-26,A+,0,2,5,199,0.01
2021-05-26,A-,0,2,5,199,0.01
2021-05-26,AB+,0,2,5,199,0.01
2021-05-26,AB-,0,2,5,199,0.01
2021-05-26,B+,0,2,5,199,0.09
2021-05-26,B-,1,2,5,199,0.09
2021-05-26,O+,0,2,5,199,0.24
2021-05-26,O-,1,2,5,199,0.09
2021-05-27,A+,0,3,5,200,0.01
2021-05-27,A-,0,3,5,200,0.01
2021-05-27,AB+,0,3,5,200,0.01
2021-05-27,AB-,0,3,5,200,0.01
2021-05-27,B+,0,3,5,200,0.09
2021-05-27,B-,0,3,5,200,0.09
2021-05-27,O+,1,3,5,200,0.24
2021-05-27,O-,0,3,5,200,0.09
2021-05-28,A+,1,4,5,201,0.09
2021-05-28,A-,0,4,5,201,0.01
2021-05-28,AB+,0,4,5,201,0.01
2021-05-28,AB-,0,4,5,201,0.01
2021-05-28,B+,0,4,5,201,0.09
2021-05-28,B-,0,4,5,201,0.09
2021-05-28,O+,0,4,5,201,0.24
2021-05-28,O-,0,4,5,201,0.08
2021-05-29,A+,0,5,5,202,0.08
2021-05-29,A-,0,5,5,202,0.0
2021-05-29,AB+,0,5,5,202,0.0
2021-05-29,AB-,0,5,5,202,0.0
2021-05-29,B+,0,5,5,202,0.08
2021-05-29,B-,0,5,5,202,0.08
2021-05-29,O+,0,5,5,202,0.24
2021-05-29,O-,0,5,5,202,0.08
2021-05-30,A+,0,6,5,203,0.08
2021-05-30,A-,0,6,5,203,0.0
2021-05-30,AB+,0,6,5,203,0.0
2021-05-30,AB-,0,6,5,203,0.0
2021-05-30,B+,1,6,5,203,0.16
2021-05-30,B-,0,6,5,203,0.09
2021-05-30,O+,0,6,5,203,0.24
2021-05-30,O-,0,6,5,203,0.09
2021-05-31,A+,0,0,5,204,0.09
2021-05-31,A-,0,0,5,204,0.01
2021-05-31,AB+,0,0,5,204,0.01
2021-05-31,AB-,0,0,5,204,0.0
2021-05-31,B+,0,0,5,204,0.08
2021-05-31,B-,0,0,5,204,0.08
2021-05-31,O+,2,0,5,204,0.41
2021-05-31,O-,0,0,5,204,0.09
2021-06-01,A+,0,1,6,205,0.09
2021-06-01,A-,0,1,6,205,0.01
2021-06-01,AB+,0,1,6,205,0.01
2021-06-01,AB-,0,1,6,205,0.01
2021-06-01,B+,0,1,6,205,0.09
2021-06-01,B-,0,1,6,205,0.08
2021-06-01,O+,0,1,6,205,0.39
2021-06-01,O-,0,1,6,205,0.08
2021-06-02,A+,0,2,6,206,0.08
2021-06-02,A-,0,2,6,206,0.0
2021-06-02,AB+,0,2,6,206,0.0
2021-06-02,AB-,0,2,6,206,0.0
2021-06-02,B+,0,2,6,206,0.08
2021-06-02,B-,0,2,6,206,0.08
2021-06-02,O+,0,2,6,206,0.39
2021-06-02,O-,0,2,6,206,0.08
2021-06-03,A+,0,3,6,207,0.08
2021-06-03,A-,0,3,6,207,0.0
2021-06-03,AB+,0,3,6,207,0.0
2021-06-03,AB-,0,3,6,207,0.0
2021-06-03,B+,0,3,6,207,0.08
2021-06-03,B-,0,3,6,207,0.08
2021-06-03,O+,0,3,6,207,0.39
2021-06-03,O-,0,3,6,207,0.08
2021-06-04,A+,0,4,6,208,0.08
2021-06-04,A-,0,4,6,208,0.0
2021-06-04,AB+,0,4,6,208,0.0
2021-06-04,AB-,0,4,6,208,0.0
2021-06-04,B+,1,4,6,208,0.16
2021-06-04,B-,0,4,6,208,0.09
2021-06-04,O+,1,4,6,208,0.41
2021-06-04,O-,0,4,6,208,0.09
2021-06-05,A+,0,5,6,209,0.09
2021-06-05,A-,0,5,6,209,0.01
2021-06-05,AB+,0,5,6,209,0.01
2021-06-05,AB-,0,5,6,209,0.01
2021-06-05,B+,0,5,6,209,0.16
2021-06-05,B-,0,5,6,209,0.08
2021-06-05,O+,0,5,6,209,0.39
2021-06-05,O-,0,5,6,209,0.08
2021-06-06,A+,0,6,6,210,0.08
2021-06-06,A-,0,6,6,210,0.0
2021-06-06,AB+,0,6,6,210,0.0
2021-06-06,AB-,0,6,6,210,0.0
2021-06-06,B+,0,6,6,210,0.16
2021-06-06,B-,0,6,6,210,0.08
2021-06-06,O+,1,6,6,210,0.48
2021-06-06,O-,0,6,6,210,0.09
2021-06-07,A+,0,0,6,211,0.09
2021-06-07,A-,0,0,6,211,0.01
2021-06-07,AB+,0,0,6,211,0.01
2021-06-07,AB-,0,0,6,211,0.01
2021-06-07,B+,0,0,6,211,0.16
2021-06-07,B-,0,0,6,211,0.08
2021-06-07,O+,1,0,6,211,0.56
2021-06-07,O-,0,0,6,211,0.09
2021-06-08,A+,0,1,6,212,0.09
2021-06-08,A-,0,1,6,212,0.01
2021-06-08,AB+,0,1,6,212,0.01
2021-06-08,AB-,0,1,6,212,0.01
2021-06-08,B+,1,1,6,212,0.25
2021-06-08,B-,0,1,6,212,0.09
2021-06-08,O+,0,1,6,212,0.48
2021-06-08,O-,0,1,6,212,0.09
2021-06-09,A+,0,2,6,213,0.09
2021-06-09,A-,0,2,6,213,0.01
2021-06-09,AB+,0,2,6,213,0.01
2021-06-09,AB-,0,2,6,213,0.0
2021-06-09,B+,0,2,6,213,0.24
2021-06-09,B-,0,2,6,213,0.0
2021-06-09,O+,0,2,6,213,0.47
2021-06-09,O-,0,2,6,213,0.0
2021-06-10,A+,0,3,6,214,0.08
2021-06-10,A-,0,3,6,214,0.0
2021-06-10,AB+,0,3,6,214,0.0
2021-06-10,AB-,0,3,6,214,0.0
2021-06-10,B+,0,3,6,214,0.24
2021-06-10,B-,0,3,6,214,0.0
2021-06-10,O+,0,3,6,214,0.39
2021-06-10,O-,0,3,6,214,0.0
2021-06-11,A+,0,4,6,215,0.0
2021-06-11,A-,0,4,6,215,0.0
2021-06-11,AB+,0,4,6,215,0.0
2021-06-11,AB-,0,4,6,215,0.0
2021-06-11,B+,0,4,6,215,0.24
2021-06-11,B-,0,4,6,215,0.0
2021-06-11,O+,1,4,6,215,0.48
2021-06-11,O-,0,4,6,215,0.01
2021-06-12,A+,0,5,6,216,0.01
2021-06-12,A-,0,5,6,216,0.01
2021-06-12,AB+,0,5,6,216,0.01
2021-06-12,AB-,0,5,6,216,0.01
2021-06-12,B+,0,5,6,216,0.24
2021-06-12,B-,0,5,6,216,0.0
2021-06-12,O+,0,5,6,216,0.47
2021-06-12,O-,0,5,6,216,0.0
2021-06-13,A+,0,6,6,217,0.0
2021-06-13,A-,0,6,6,217,0.0
2021-06-13,AB+,1,6,6,217,0.09
2021-06-13,AB-,0,6,6,217,0.01
2021-06-13,B+,0,6,6,217,0.16
2021-06-13,B-,0,6,6,217,0.01
2021-06-13,O+,0,6,6,217,0.48
2021-06-13,O-,0,6,6,217,0.01
2021-06-14,A+,0,0,6,218,0.01
2021-06-14,A-,0,0,6,218,0.0
2021-06-14,AB+,0,0,6,218,0.08
2021-06-14,AB-,0,0,6,218,0.0
2021-06-14,B+,0,0,6,218,0.16
2021-06-14,B-,0,0,6,218,0.0
2021-06-14,O+,0,0,6,218,0.31
2021-06-14,O-,0,0,6,218,0.0
2021-06-15,A+,0,1,6,219,0.0
2021-06-15,A-,0,1,6,219,0.0
2021-06-15,AB+,0,1,6,219,0.08
2021-06-15,AB-,1,1,6,219,0.09
2021-06-15,B+,0,1,6,219,0.16
2021-06-15,B-,0,1,6,219,0.01
2021-06-15,O+,0,1,6,219,0.32
2021-06-15,O-,0,1,6,219,0.01
2021-06-16,A+,0,2,6,220,0.01
2021-06-16,A-,0,2,6,220,0.01
2021-06-16,AB+,0,2,6,220,0.08
2021-06-16,AB-,0,2,6,220,0.08
2021-06-16,B+,1,2,6,220,0.24
2021-06-16,B-,0,2,6,220,0.01
2021-06-16,O+,1,2,6,220,0.41
2021-06-16,O-,0,2,6,220,0.01
2021-06-17,A+,0,3,6,221,0.01
2021-06-17,A-,0,3,6,221,0.01
2021-06-17,AB+,0,3,6,221,0.09
2021-06-17,AB-,0,3,6,221,0.09
2021-06-17,B+,0,3,6,221,0.24
2021-06-17,B-,0,3,6,221,0.0
2021-06-17,O+,0,3,6,221,0.39
2021-06-17,O-,0,3,6,221,0.0
2021-06-18,A+,0,4,6,222,0.0
2021-06-18,A-,0,4,6,222,0.0
2021-06-18,AB+,0,4,6,222,0.08
2021-06-18,AB-,0,4,6,222,0.08
2021-06-18,B+,0,4,6,222,0.16
2021-06-18,B-,0,4,6,222,0.0
2021-06-18,O+,0,4,6,222,0.31
2021-06-18,O-,0,4,6,222,0.0
2021-06-19,A+,0,5,6,223,0.0
2021-06-19,A-,0,5,6,223,0.0
2021-06-19,AB+,0,5,6,223,0.08
2021-06-19,AB-,0,5,6,223,0.08
2021-06-19,B+,0,5,6,223,0.16
2021-06-19,B-,0,5,6,223,0.0
2021-06-19,O+,0,5,6,223,0.31
2021-06-19,O-,0,5,6,223,0.0
2021-06-20,A+,0,6,6,224,0.0
2021-06-20,A-,0,6,6,224,0.0
2021-06-20,AB+,0,6,6,224,0.08
2021-06-20,AB-,0,6,6,224,0.08
2021-06-20,B+,0,6,6,224,0.16
2021-06-20,B-,0,6,6,224,0.0
2021-06-20,O+,0,6,6,224,0.24
2021-06-20,O-,0,6,6,224,0.0
2021-06-21,A+,0,0,6,225,0.0
2021-06-21,A-,0,0,6,225,0.0
2021-06-21,AB+,0,0,6,225,0.08
2021-06-21,AB-,0,0,6,225,0.08
2021-06-21,B+,0,0,6,225,0.16
2021-06-21,B-,0,0,6,225,0.0
2021-06-21,O+,0,0,6,225,0.16
2021-06-21,O-,0,0,6,225,0.0
2021-06-22,A+,0,1,6,226,0.0
2021-06-22,A-,0,1,6,226,0.0
2021-06-22,AB+,0,1,6,226,0.08
2021-06-22,AB-,0,1,6,226,0.08
2021-06-22,B+,0,1,6,226,0.08
2021-06-22,B-,0,1,6,226,0.0
2021-06-22,O+,0,1,6,226,0.16
2021-06-22,O-,0,1,6,226,0.0
2021-06-23,A+,0,2,6,227,0.0
2021-06-23,A-,0,2,6,227,0.0
2021-06-23,AB+,0,2,6,227,0.08
2021-06-23,AB-,0,2,6,227,0.08
2021-06-23,B+,0,2,6,227,0.08
2021-06-23,B-,0,2,6,227,0.0
2021-06-23,O+,0,2,6,227,0.16
2021-06-23,O-,0,2,6,227,0.0
2021-06-24,A+,1,3,6,228,0.09
2021-06-24,A-,0,3,6,228,0.01
2021-06-24,AB+,0,3,6,228,0.09
2021-06-24,AB-,0,3,6,228,0.09
2021-06-24,B+,0,3,6,228,0.09
2021-06-24,B-,0,3,6,228,0.01
2021-06-24,O+,0,3,6,228,0.16
2021-06-24,O-,0,3,6,228,0.0
2021-06-25,A+,0,4,6,229,0.08
2021-06-25,A-,0,4,6,229,0.0
2021-06-25,AB+,0,4,6,229,0.08
2021-06-25,AB-,0,4,6,229,0.08
2021-06-25,B+,0,4,6,229,0.08
2021-06-25,B-,0,4,6,229,0.0
2021-06-25,O+,0,4,6,229,0.08
2021-06-25,O-,0,4,6,229,0.0
2021-06-26,A+,0,5,6,230,0.08
2021-06-26,A-,0,5,6,230,0.0
2021-06-26,AB+,0,5,6,230,0.08
2021-06-26,AB-,0,5,6,230,0.08
2021-06-26,B+,0,5,6,230,0.08
2021-06-26,B-,0,5,6,230,0.0
2021-06-26,O+,0,5,6,230,0.08
2021-06-26,O-,0,5,6,230,0.0
2021-06-27,A+,0,6,6,231,0.08
2021-06-27,A-,0,6,6,231,0.0
2021-06-27,AB+,0,6,6,231,0.0
2021-06-27,AB-,0,6,6,231,0.08
2021-06-27,B+,0,6,6,231,0.08
2021-06-27,B-,0,6,6,231,0.0
2021-06-27,O+,0,6,6,231,0.08
2021-06-27,O-,0,6,6,231,0.0
2021-06-28,A+,0,0,6,232,0.08
2021-06-28,A-,0,0,6,232,0.0
2021-06-28,AB+,0,0,6,232,0.0
2021-06-28,AB-,0,0,6,232,0.08
2021-06-28,B+,0,0,6,232,0.08
2021-06-28,B-,0,0,6,232,0.0
2021-06-28,O+,0,0,6,232,0.08
2021-06-28,O-,0,0,6,232,0.0
2021-06-29,A+,0,1,6,233,0.08
2021-06-29,A-,0,1,6,233,0.0
2021-06-29,AB+,0,1,6,233,0.0
2021-06-29,AB-,0,1,6,233,0.0
2021-06-29,B+,0,1,6,233,0.08
2021-06-29,B-,0,1,6,233,0.0
2021-06-29,O+,0,1,6,233,0.08
2021-06-29,O-,0,1,6,233,0.0
2021-06-30,A+,0,2,6,234,0.08
2021-06-30,A-,0,2,6,234,0.0
2021-06-30,AB+,0,2,6,234,0.0
2021-06-30,AB-,0,2,6,234,0.0
2021-06-30,B+,0,2,6,234,0.0
2021-06-30,B-,0,2,6,234,0.0
2021-06-30,O+,1,2,6,234,0.09
2021-06-30,O-,0,2,6,234,0.01
2021-07-01,A+,0,3,7,235,0.09
2021-07-01,A-,0,3,7,235,0.01
2021-07-01,AB+,0,3,7,235,0.01
2021-07-01,AB-,0,3,7,235,0.01
2021-07-01,B+,0,3,7,235,0.01
2021-07-01,B-,0,3,7,235,0.0
2021-07-01,O+,0,3,7,235,0.08
2021-07-01,O-,0,3,7,235,0.0
2021-07-02,A+,0,4,7,236,0.08
2021-07-02,A-,0,4,7,236,0.0
2021-07-02,AB+,0,4,7,236,0.0
2021-07-02,AB-,0,4,7,236,0.0
2021-07-02,B+,1,4,7,236,0.09
2021-07-02,B-,0,4,7,236,0.01
2021-07-02,O+,1,4,7,236,0.17
2021-07-02,O-,0,4,7,236,0.01
2021-07-03,A+,0,5,7,237,0.09
2021-07-03,A-,0,5,7,237,0.01
2021-07-03,AB+,0,5,7,237,0.01
2021-07-03,AB-,0,5,7,237,0.01
2021-07-03,B+,0,5,7,237,0.09
2021-07-03,B-,0,5,7,237,0.0
2021-07-03,O+,0,5,7,237,0.16
2021-07-03,O-,0,5,7,237,0.0
2021-07-04,A+,0,6,7,238,0.08
2021-07-04,A-,0,6,7,238,0.0
2021-07-04,AB+,0,6,7,238,0.0
2021-07-04,AB-,0,6,7,238,0.0
2021-07-04,B+,0,6,7,238,0.08
2021-07-04,B-,0,6,7,238,0.0
2021-07-04,O+,0,6,7,238,0.16
2021-07-04,O-,0,6,7,238,0.0
2021-07-05,A+,0,0,7,239,0.08
2021-07-05,A-,0,0,7,239,0.0
2021-07-05,AB+,0,0,7,239,0.0
2021-07-05,AB-,0,0,7,239,0.0
2021-07-05,B+,0,0,7,239,0.08
2021-07-05,B-,0,0,7,239,0.0
2021-07-05,O+,0,0,7,239,0.16
2021-07-05,O-,0,0,7,239,0.0
2021-07-06,A+,0,1,7,240,0.08
2021-07-06,A-,0,1,7,240,0.0
2021-07-06,AB+,0,1,7,240,0.0
2021-07-06,AB-,0,1,7,240,0.0
2021-07-06,B+,0,1,7,240,0.08
2021-07-06,B-,0,1,7,240,0.0
2021-07-06,O+,0,1,7,240,0.16
2021-07-06,O-,0,1,7,240,0.0
2021-07-07,A+,0,2,7,241,0.08
2021-07-07,A-,0,2,7,241,0.0
2021-07-07,AB+,0,2,7,241,0.0
2021-07-07,AB-,0,2,7,241,0.0
2021-07-07,B+,1,2,7,241,0.16
2021-07-07,B-,0,2,7,241,0.01
2021-07-07,O+,0,2,7,241,0.16
2021-07-07,O-,0,2,7,241,0.01
2021-07-08,A+,0,3,7,242,0.01
2021-07-08,A-,0,3,7,242,0.01
2021-07-08,AB+,0,3,7,242,0.01
2021-07-08,AB-,0,3,7,242,0.0
2021-07-08,B+,0,3,7,242,0.16
2021-07-08,B-,0,3,7,242,0.0
2021-07-08,O+,1,3,7,242,0.24
2021-07-08,O-,0,3,7,242,0.01
2021-07-09,A+,0,4,7,243,0.01
2021-07-09,A-,0,4,7,243,0.01
2021-07-09,AB+,0,4,7,243,0.01
2021-07-09,AB-,0,4,7,243,0.01
2021-07-09,B+,0,4,7,243,0.16
2021-07-09,B-,0,4,7,243,0.0
2021-07-09,O+,0,4,7,243,0.24
2021-07-09,O-,0,4,7,243,0.0
2021-07-10,A+,2,5,7,244,0.17
2021-07-10,A-,0,5,7,244,0.01
2021-07-10,AB+,0,5,7,244,0.01
2021-07-10,AB-,0,5,7,244,0.01
2021-07-10,B+,0,5,7,244,0.17
2021-07-10,B-,0,5,7,244,0.01
2021-07-10,O+,1,5,7,244,0.34
2021-07-10,O-,0,5,7,244,0.01
2021-07-11,A+,0,6,7,245,0.16
2021-07-11,A-,0,6,7,245,0.01
2021-07-11,AB+,0,6,7,245,0.01
2021-07-11,AB-,0,6,7,245,0.01
2021-07-11,B+,1,6,7,245,0.25
2021-07-11,B-,0,6,7,245,0.01
2021-07-11,O+,2,6,7,245,0.49
2021-07-11,O-,0,6,7,245,0.02
2021-07-12,A+,0,0,7,246,0.18
2021-07-12,A-,0,0,7,246,0.02
2021-07-12,AB+,0,0,7,246,0.02
2021-07-12,AB-,0,0,7,246,0.01
2021-07-12,B+,0,0,7,246,0.25
2021-07-12,B-,0,0,7,246,0.0
2021-07-12,O+,0,0,7,246,0.47
2021-07-12,O-,0,0,7,246,0.0
2021-07-13,A+,0,1,7,247,0.16
2021-07-13,A-,0,1,7,247,0.0
2021-07-13,AB+,0,1,7,247,0.0
2021-07-13,AB-,0,1,7,247,0.0
2021-07-13,B+,0,1,7,247,0.24
2021-07-13,B-,0,1,7,247,0.0
2021-07-13,O+,0,1,7,247,0.47
2021-07-13,O-,0,1,7,247,0.0
2021-07-14,A+,0,2,7,248,0.16
2021-07-14,A-,0,2,7,248,0.0
2021-07-14,AB+,0,2,7,248,0.0
2021-07-14,AB-,0,2,7,248,0.0
2021-07-14,B+,0,2,7,248,0.24
2021-07-14,B-,0,2,7,248,0.0
2021-07-14,O+,0,2,7,248,0.39
2021-07-14,O-,0,2,7,248,0.0
2021-07-15,A+,0,3,7,249,0.16
2021-07-15,A-,0,3,7,249,0.0
2021-07-15,AB+,0,3,7,249,0.0
2021-07-15,AB-,0,3,7,249,0.0
2021-07-15,B+,0,3,7,249,0.24
2021-07-15,B-,0,3,7,249,0.0
2021-07-15,O+,0,3,7,249,0.39
2021-07-15,O-,0,3,7,249,0.0
2021-07-16,A+,0,4,7,250,0.16
2021-07-16,A-,0,4,7,250,0.0
2021-07-16,AB+,0,4,7,250,0.0
2021-07-16,AB-,0,4,7,250,0.0
2021-07-16,B+,0,4,7,250,0.16
2021-07-16,B-,0,4,7,250,0.0
2021-07-16,O+,0,4,7,250,0.31
2021-07-16,O-,0,4,7,250,0.0
2021-07-17,A+,0,5,7,251,0.16
2021-07-17,A-,0,5,7,251,0.0
2021-07-17,AB+,0,5,7,251,0.0
2021-07-17,AB-,0,5,7,251,0.0
2021-07-17,B+,0,5,7,251,0.16
2021-07-17,B-,0,5,7,251,0.0
2021-07-17,O+,0,5,7,251,0.31
2021-07-17,O-,0,5,7,251,0.0
2021-07-18,A+,0,6,7,252,0.16
2021-07-18,A-,0,6,7,252,0.0
2021-07-18,AB+,0,6,7,252,0.0
2021-07-18,AB-,0,6,7,252,0.0
2021-07-18,B+,0,6,7,252,0.16
2021-07-18,B-,0,6,7,252,0.0
2021-07-18,O+,1,6,7,252,0.4
2021-07-18,O-,0,6,7,252,0.01
2021-07-19,A+,0,0,7,253,0.16
2021-07-19,A-,0,0,7,253,0.01
2021-07-19,AB+,0,0,7,253,0.01
2021-07-19,AB-,0,0,7,253,0.01
2021-07-19,B+,0,0,7,253,0.16
2021-07-19,B-,0,0,7,253,0.0
2021-07-19,O+,0,0,7,253,0.39
2021-07-19,O-,0,0,7,253,0.0
2021-07-20,A+,0,1,7,254,0.16
2021-07-20,A-,0,1,7,254,0.0
2021-07-20,AB+,0,1,7,254,0.0
2021-07-20,AB-,0,1,7,254,0.0
2021-07-20,B+,0,1,7,254,0.16
2021-07-20,B-,0,1,7,254,0.0
2021-07-20,O+,0,1,7,254,0.39
2021-07-20,O-,0,1,7,254,0.0
2021-07-21,A+,0,2,7,255,0.16
2021-07-21,A-,0,2,7,255,0.0
2021-07-21,AB+,0,2,7,255,0.0
2021-07-21,AB-,0,2,7,255,0.0
2021-07-21,B+,1,2,7,255,0.16
2021-07-21,B-,0,2,7,255,0.01
2021-07-21,O+,1,2,7,255,0.49
2021-07-21,O-,0,2,7,255,0.01
2021-07-22,A+,0,3,7,256,0.17
2021-07-22,A-,0,3,7,256,0.01
2021-07-22,AB+,1,3,7,256,0.1
2021-07-22,AB-,0,3,7,256,0.01
2021-07-22,B+,0,3,7,256,0.17
2021-07-22,B-,0,3,7,256,0.01
2021-07-22,O+,1,3,7,256,0.49
2021-07-22,O-,0,3,7,256,0.01
2021-07-23,A+,0,4,7,257,0.17
2021-07-23,A-,0,4,7,257,0.01
2021-07-23,AB+,0,4,7,257,0.09
2021-07-23,AB-,0,4,7,257,0.01
2021-07-23,B+,0,4,7,257,0.16
2021-07-23,B-,0,4,7,257,0.0
2021-07-23,O+,0,4,7,257,0.47
2021-07-23,O-,0,4,7,257,0.0
2021-07-24,A+,0,5,7,258,0.0
2021-07-24,A-,0,5,7,258,0.0
2021-07-24,AB+,0,5,7,258,0.08
2021-07-24,AB-,0,5,7,258,0.0
2021-07-24,B+,1,5,7,258,0.24
2021-07-24,B-,0,5,7,258,0.01
2021-07-24,O+,1,5,7,258,0.49
2021-07-24,O-,0,5,7,258,0.01
2021-07-25,A+,0,6,7,259,0.01
2021-07-25,A-,0,6,7,259,0.01
2021-07-25,AB+,0,6,7,259,0.09
2021-07-25,AB-,0,6,7,259,0.01
2021-07-25,B+,1,6,7,259,0.25
2021-07-25,B-,0,6,7,259,0.01
2021-07-25,O+,1,6,7,259,0.41
2021-07-25,O-,0,6,7,259,0.01
2021-07-26,A+,0,0,7,260,0.01
2021-07-26,A-,0,0,7,260,0.01
2021-07-26,AB+,0,0,7,260,0.09
2021-07-26,AB-,0,0,7,260,0.01
2021-07-26,B+,0,0,7,260,0.24
2021-07-26,B-,0,0,7,260,0.0
2021-07-26,O+,0,0,7,260,0.39
2021-07-26,O-,0,0,7,260,0.0
2021-07-27,A+,0,1,7,261,0.0
2021-07-27,A-,0,1,7,261,0.0
2021-07-27,AB+,0,1,7,261,0.08
2021-07-27,AB-,0,1,7,261,0.0
2021-07-27,B+,1,1,7,261,0.32
2021-07-27,B-,0,1,7,261,0.01
2021-07-27,O+,0,1,7,261,0.4
2021-07-27,O-,0,1,7,261,0.01
2021-07-28,A+,0,2,7,262,0.01
2021-07-28,A-,0,2,7,262,0.01
2021-07-28,AB+,0,2,7,262,0.09
2021-07-28,AB-,0,2,7,262,0.0
2021-07-28,B+,0,2,7,262,0.31
2021-07-28,B-,0,2,7,262,0.0
2021-07-28,O+,0,2,7,262,0.39
2021-07-28,O-,0,2,7,262,0.0
2021-07-29,A+,0,3,7,263,0.0
2021-07-29,A-,0,3,7,263,0.0
2021-07-29,AB+,0,3,7,263,0.08
2021-07-29,AB-,0,3,7,263,0.0
2021-07-29,B+,1,3,7,263,0.4
2021-07-29,B-,0,3,7,263,0.01
2021-07-29,O+,0,3,7,263,0.4
2021-07-29,O-,0,3,7,263,0.01
2021-07-30,A+,1,4,7,264,0.09
2021-07-30,A-,0,4,7,264,0.01
2021-07-30,AB+,0,4,7,264,0.09
2021-07-30,AB-,0,4,7,264,0.01
2021-07-30,B+,1,4,7,264,0.49
2021-07-30,B-,0,4,7,264,0.01
2021-07-30,O+,0,4,7,264,0.41
2021-07-30,O-,0,4,7,264,0.01
2021-07-31,A+,0,5,7,265,0.09
2021-07-31,A-,0,5,7,265,0.01
2021-07-31,AB+,0,5,7,265,0.09
2021-07-31,AB-,0,5,7,265,0.0
2021-07-31,B+,0,5,7,265,0.47
2021-07-31,B-,0,5,7,265,0.0
2021-07-31,O+,0,5,7,265,0.39
2021-07-31,O-,0,5,7,265,0.0
2021-08-01,A+,0,6,8,266,0.08
2021-08-01,A-,0,6,8,266,0.0
2021-08-01,AB+,0,6,8,266,0.08
2021-08-01,AB-,0,6,8,266,0.0
2021-08-01,B+,0,6,8,266,0.47
2021-08-01,B-,0,6,8,266,0.0
2021-08-01,O+,0,6,8,266,0.31
2021-08-01,O-,0,6,8,266,0.0
2021-08-02,A+,0,0,8,267,0.08
2021-08-02,A-,0,0,8,267,0.0
2021-08-02,AB+,1,0,8,267,0.16
2021-08-02,AB-,0,0,8,267,0.01
2021-08-02,B+,0,0,8,267,0.48
2021-08-02,B-,0,0,8,267,0.01
2021-08-02,O+,0,0,8,267,0.32
2021-08-02,O-,0,0,8,267,0.01
2021-08-03,A+,0,1,8,268,0.09
2021-08-03,A-,0,1,8,268,0.0
2021-08-03,AB+,0,1,8,268,0.16
2021-08-03,AB-,0,1,8,268,0.0
2021-08-03,B+,1,1,8,268,0.56
2021-08-03,B-,0,1,8,268,0.01
2021-08-03,O+,0,1,8,268,0.32
2021-08-03,O-,0,1,8,268,0.01
2021-08-04,A+,0,2,8,269,0.09
2021-08-04,A-,0,2,8,269,0.01
2021-08-04,AB+,0,2,8,269,0.16
2021-08-04,AB-,0,2,8,269,0.0
2021-08-04,B+,0,2,8,269,0.47
2021-08-04,B-,0,2,8,269,0.0
2021-08-04,O+,0,2,8,269,0.24
2021-08-04,O-,0,2,8,269,0.0
2021-08-05,A+,0,3,8,270,0.08
2021-08-05,A-,0,3,8,270,0.0
2021-08-05,AB+,0,3,8,270,0.08
2021-08-05,AB-,0,3,8,270,0.0
2021-08-05,B+,1,3,8,270,0.56
2021-08-05,B-,0,3,8,270,0.01
2021-08-05,O+,0,3,8,270,0.16
2021-08-05,O-,0,3,8,270,0.01
2021-08-06,A+,0,4,8,271,0.09
2021-08-06,A-,0,4,8,271,0.01
2021-08-06,AB+,0,4,8,271,0.09
2021-08-06,AB-,0,4,8,271,0.0
2021-08-06,B+,1,4,8,271,0.64
2021-08-06,B-,0,4,8,271,0.01
2021-08-06,O+,1,4,8,271,0.25
2021-08-06,O-,0,4,8,271,0.01
2021-08-07,A+,1,5,8,272,0.18
2021-08-07,A-,0,5,8,272,0.02
2021-08-07,AB+,0,5,8,272,0.1
2021-08-07,AB-,0,5,8,272,0.01
2021-08-07,B+,2,5,8,272,0.74
2021-08-07,B-,0,5,8,272,0.02
2021-08-07,O+,0,5,8,272,0.18
2021-08-07,O-,0,5,8,272,0.01
2021-08-08,A+,0,6,8,273,0.17
2021-08-08,A-,0,6,8,273,0.01
2021-08-08,AB+,0,6,8,273,0.09
2021-08-08,AB-,0,6,8,273,0.0
2021-08-08,B+,0,6,8,273,0.63
2021-08-08,B-,0,6,8,273,0.0
2021-08-08,O+,1,6,8,273,0.16
2021-08-08,O-,0,6,8,273,0.01
2021-08-09,A+,0,0,8,274,0.16
2021-08-09,A-,0,0,8,274,0.01
2021-08-09,AB+,0,0,8,274,0.09
2021-08-09,AB-,0,0,8,274,0.01
2021-08-09,B+,1,0,8,274,0.72
2021-08-09,B-,0,0,8,274,0.01
2021-08-09,O+,0,0,8,274,0.16
2021-08-09,O-,0,0,8,274,0.01
2021-08-10,A+,0,1,8,275,0.16
2021-08-10,A-,0,1,8,275,0.01
2021-08-10,AB+,0,1,8,275,0.09
2021-08-10,AB-,0,1,8,275,0.0
2021-08-10,B+,0,1,8,275,0.63
2021-08-10,B-,0,1,8,275,0.0
2021-08-10,O+,1,1,8,275,0.24
2021-08-10,O-,0,1,8,275,0.01
2021-08-11,A+,0,2,8,276,0.16
2021-08-11,A-,0,2,8,276,0.01
2021-08-11,AB+,0,2,8,276,0.09
2021-08-11,AB-,0,2,8,276,0.01
2021-08-11,B+,0,2,8,276,0.64
2021-08-11,B-,0,2,8,276,0.0
2021-08-11,O+,0,2,8,276,0.24
2021-08-11,O-,0,2,8,276,0.0
2021-08-12,A+,0,3,8,277,0.16
2021-08-12,A-,0,3,8,277,0.0
2021-08-12,AB+,0,3,8,277,0.08
2021-08-12,AB-,0,3,8,277,0.0
2021-08-12,B+,1,3,8,277,0.64
2021-08-12,B-,0,3,8,277,0.01
2021-08-12,O+,1,3,8,277,0.33
2021-08-12,O-,0,3,8,277,0.01
2021-08-13,A+,0,4,8,278,0.09
2021-08-13,A-,0,4,8,278,0.01
2021-08-13,AB+,0,4,8,278,0.09
2021-08-13,AB-,0,4,8,278,0.01
2021-08-13,B+,0,4,8,278,0.56
2021-08-13,B-,0,4,8,278,0.0
2021-08-13,O+,0,4,8,278,0.31
2021-08-13,O-,0,4,8,278,0.0
2021-08-14,A+,1,5,8,279,0.16
2021-08-14,A-,0,5,8,279,0.01
2021-08-14,AB+,1,5,8,279,0.17
2021-08-14,AB-,0,5,8,279,0.01
2021-08-14,B+,1,5,8,279,0.65
2021-08-14,B-,0,5,8,279,0.02
2021-08-14,O+,0,5,8,279,0.34
2021-08-14,O-,0,5,8,279,0.01
2021-08-15,A+,0,6,8,280,0.17
2021-08-15,A-,0,6,8,280,0.01
2021-08-15,AB+,0,6,8,280,0.16
2021-08-15,AB-,0,6,8,280,0.0
2021-08-15,B+,0,6,8,280,0.63
2021-08-15,B-,0,6,8,280,0.0
2021-08-15,O+,0,6,8,280,0.31
2021-08-15,O-,0,6,8,280,0.0
2021-08-16,A+,0,0,8,281,0.16
2021-08-16,A-,0,0,8,281,0.0
2021-08-16,AB+,0,0,8,281,0.08
2021-08-16,AB-,0,0,8,281,0.0
2021-08-16,B+,0,0,8,281,0.63
2021-08-16,B-,0,0,8,281,0.0
2021-08-16,O+,0,0,8,281,0.31
2021-08-16,O-,0,0,8,281,0.0
2021-08-17,A+,1,1,8,282,0.24
2021-08-17,A-,0,1,8,282,0.01
2021-08-17,AB+,0,1,8,282,0.09
2021-08-17,AB-,0,1,8,282,0.01
2021-08-17,B+,0,1,8,282,0.56
2021-08-17,B-,0,1,8,282,0.01
2021-08-17,O+,0,1,8,282,0.32
2021-08-17,O-,0,1,8,282,0.0
2021-08-18,A+,0,2,8,283,0.24
2021-08-18,A-,0,2,8,283,0.0
2021-08-18,AB+,0,2,8,283,0.08
2021-08-18,AB-,0,2,8,283,0.0
2021-08-18,B+,0,2,8,283,0.55
2021-08-18,B-,1,2,8,283,0.09
2021-08-18,O+,1,2,8,283,0.41
2021-08-18,O-,0,2,8,283,0.01
2021-08-19,A+,1,3,8,284,0.34
2021-08-19,A-,0,3,8,284,0.02
2021-08-19,AB+,0,3,8,284,0.1
2021-08-19,AB-,0,3,8,284,0.02
2021-08-19,B+,0,3,8,284,0.49
2021-08-19,B-,0,3,8,284,0.09
2021-08-19,O+,0,3,8,284,0.4
2021-08-19,O-,0,3,8,284,0.0
2021-08-20,A+,1,4,8,285,0.4
2021-08-20,A-,0,4,8,285,0.01
2021-08-20,AB+,0,4,8,285,0.09
2021-08-20,AB-,0,4,8,285,0.01
2021-08-20,B+,0,4,8,285,0.4
2021-08-20,B-,0,4,8,285,0.09
2021-08-20,O+,0,4,8,285,0.32
2021-08-20,O-,0,4,8,285,0.0
2021-08-21,A+,0,5,8,286,0.31
2021-08-21,A-,0,5,8,286,0.0
2021-08-21,AB+,0,5,8,286,0.08
2021-08-21,AB-,0,5,8,286,0.0
2021-08-21,B+,1,5,8,286,0.32
2021-08-21,B-,0,5,8,286,0.09
2021-08-21,O+,0,5,8,286,0.32
2021-08-21,O-,0,5,8,286,0.01
2021-08-22,A+,0,6,8,287,0.32
2021-08-22,A-,0,6,8,287,0.01
2021-08-22,AB+,0,6,8,287,0.09
2021-08-22,AB-,0,6,8,287,0.0
2021-08-22,B+,0,6,8,287,0.31
2021-08-22,B-,0,6,8,287,0.08
2021-08-22,O+,0,6,8,287,0.24
2021-08-22,O-,0,6,8,287,0.0
2021-08-23,A+,1,0,8,288,0.4
2021-08-23,A-,0,0,8,288,0.01
2021-08-23,AB+,0,0,8,288,0.09
2021-08-23,AB-,0,0,8,288,0.01
2021-08-23,B+,0,0,8,288,0.24
2021-08-23,B-,0,0,8,288,0.09
2021-08-23,O+,0,0,8,288,0.24
2021-08-23,O-,0,0,8,288,0.0
2021-08-24,A+,0,1,8,289,0.39
2021-08-24,A-,0,1,8,289,0.0
2021-08-24,AB+,0,1,8,289,0.08
2021-08-24,AB-,0,1,8,289,0.0
2021-08-24,B+,0,1,8,289,0.24
2021-08-24,B-,0,1,8,289,0.08
2021-08-24,O+,0,1,8,289,0.16
2021-08-24,O-,0,1,8,289,0.0
2021-08-25,A+,0,2,8,290,0.39
2021-08-25,A-,0,2,8,290,0.0
2021-08-25,AB+,0,2,8,290,0.08
2021-08-25,AB-,0,2,8,290,0.0
2021-08-25,B+,0,2,8,290,0.24
2021-08-25,B-,0,2,8,290,0.08
2021-08-25,O+,1,2,8,290,0.24
2021-08-25,O-,0,2,8,290,0.01
2021-08-26,A+,0,3,8,291,0.4
2021-08-26,A-,0,3,8,291,0.01
2021-08-26,AB+,0,3,8,291,0.09
2021-08-26,AB-,0,3,8,291,0.01
2021-08-26,B+,0,3,8,291,0.16
2021-08-26,B-,0,3,8,291,0.08
2021-08-26,O+,0,3,8,291,0.16
2021-08-26,O-,0,3,8,291,0.0
2021-08-27,A+,0,4,8,292,0.39
2021-08-27,A-,0,4,8,292,0.0
2021-08-27,AB+,0,4,8,292,0.08
2021-08-27,AB-,0,4,8,292,0.0
2021-08-27,B+,0,4,8,292,0.16
2021-08-27,B-,0,4,8,292,0.08
2021-08-27,O+,0,4,8,292,0.16
2021-08-27,O-,0,4,8,292,0.0
2021-08-28,A+,0,5,8,293,0.31
2021-08-28,A-,0,5,8,293,0.0
2021-08-28,AB+,0,5,8,293,0.0
2021-08-28,AB-,0,5,8,293,0.0
2021-08-28,B+,0,5,8,293,0.08
2021-08-28,B-,0,5,8,293,0.08
2021-08-28,O+,1,5,8,293,0.24
2021-08-28,O-,0,5,8,293,0.01
2021-08-29,A+,0,6,8,294,0.32
2021-08-29,A-,0,6,8,294,0.01
2021-08-29,AB+,0,6,8,294,0.01
2021-08-29,AB-,0,6,8,294,0.01
2021-08-29,B+,0,6,8,294,0.09
2021-08-29,B-,0,6,8,294,0.08
2021-08-29,O+,0,6,8,294,0.24
2021-08-29,O-,0,6,8,294,0.0
2021-08-30,A+,0,0,8,295,0.31
2021-08-30,A-,0,0,8,295,0.0
2021-08-30,AB+,0,0,8,295,0.0
2021-08-30,AB-,0,0,8,295,0.0
2021-08-30,B+,1,0,8,295,0.16
2021-08-30,B-,0,0,8,295,0.09
2021-08-30,O+,1,0,8,295,0.33
2021-08-30,O-,0,0,8,295,0.01
2021-08-31,A+,0,1,8,296,0.25
2021-08-31,A-,0,1,8,296,0.01
2021-08-31,AB+,0,1,8,296,0.01
2021-08-31,AB-,0,1,8,296,0.01
2021-08-31,B+,0,1,8,296,0.16
2021-08-31,B-,0,1,8,296,0.08
2021-08-31,O+,0,1,8,296,0.31
2021-08-31,O-,0,1,8,296,0.0
2021-09-01,A+,0,2,9,297,0.24
2021-09-01,A-,0,2,9,297,0.0
2021-09-01,AB+,0,2,9,297,0.0
2021-09-01,AB-,0,2,9,297,0.0
2021-09-01,B+,0,2,9,297,0.16
2021-09-01,B-,0,2,9,297,0.0
2021-09-01,O+,1,2,9,297,0.32
2021-09-01,O-,0,2,9,297,0.01
2021-09-02,A+,0,3,9,298,0.16
2021-09-02,A-,0,3,9,298,0.01
2021-09-02,AB+,0,3,9,298,0.01
2021-09-02,AB-,0,3,9,298,0.01
2021-09-02,B+,0,3,9,298,0.16
2021-09-02,B-,0,3,9,298,0.0
2021-09-02,O+,0,3,9,298,0.31
2021-09-02,O-,0,3,9,298,0.0
2021-09-03,A+,0,4,9,299,0.08
2021-09-03,A-,0,4,9,299,0.0
2021-09-03,AB+,0,4,9,299,0.0
2021-09-03,AB-,0,4,9,299,0.0
2021-09-03,B+,0,4,9,299,0.16
2021-09-03,B-,0,4,9,299,0.0
2021-09-03,O+,0,4,9,299,0.31
2021-09-03,O-,0,4,9,299,0.0
2021-09-04,A+,0,5,9,300,0.08
2021-09-04,A-,0,5,9,300,0.0
2021-09-04,AB+,1,5,9,300,0.09
2021-09-04,AB-,0,5,9,300,0.01
2021-09-04,B+,0,5,9,300,0.09
2021-09-04,B-,0,5,9,300,0.01
2021-09-04,O+,0,5,9,300,0.32
2021-09-04,O-,0,5,9,300,0.01
2021-09-05,A+,0,6,9,301,0.09
2021-09-05,A-,0,6,9,301,0.0
2021-09-05,AB+,0,6,9,301,0.08
2021-09-05,AB-,0,6,9,301,0.0
2021-09-05,B+,1,6,9,301,0.16
2021-09-05,B-,0,6,9,301,0.01
2021-09-05,O+,0,6,9,301,0.32
2021-09-05,O-,0,6,9,301,0.01
2021-09-06,A+,0,0,9,302,0.01
2021-09-06,A-,0,0,9,302,0.01
2021-09-06,AB+,0,0,9,302,0.09
2021-09-06,AB-,0,0,9,302,0.0
2021-09-06,B+,2,0,9,302,0.33
2021-09-06,B-,0,0,9,302,0.01
2021-09-06,O+,0,0,9,302,0.33
2021-09-06,O-,0,0,9,302,0.01
2021-09-07,A+,0,1,9,303,0.01
2021-09-07,A-,0,1,9,303,0.01
2021-09-07,AB+,0,1,9,303,0.09
2021-09-07,AB-,0,1,9,303,0.0
2021-09-07,B+,1,1,9,303,0.4
2021-09-07,B-,0,1,9,303,0.01
2021-09-07,O+,0,1,9,303,0.32
2021-09-07,O-,0,1,9,303,0.01
2021-09-08,A+,0,2,9,304,0.01
2021-09-08,A-,0,2,9,304,0.01
2021-09-08,AB+,0,2,9,304,0.09
2021-09-08,AB-,0,2,9,304,0.0
2021-09-08,B+,0,2,9,304,0.39
2021-09-08,B-,1,2,9,304,0.09
2021-09-08,O+,0,2,9,304,0.24
2021-09-08,O-,0,2,9,304,0.01
2021-09-09,A+,0,3,9,305,0.01
2021-09-09,A-,0,3,9,305,0.01
2021-09-09,AB+,0,3,9,305,0.09
2021-09-09,AB-,0,3,9,305,0.01
2021-09-09,B+,0,3,9,305,0.39
2021-09-09,B-,0,3,9,305,0.08
2021-09-09,O+,0,3,9,305,0.24
2021-09-09,O-,0,3,9,305,0.0
2021-09-10,A+,0,4,9,306,0.0
2021-09-10,A-,0,4,9,306,0.0
2021-09-10,AB+,0,4,9,306,0.08
2021-09-10,AB-,0,4,9,306,0.0
2021-09-10,B+,0,4,9,306,0.39
2021-09-10,B-,0,4,9,306,0.08
2021-09-10,O+,0,4,9,306,0.24
2021-09-10,O-,0,4,9,306,0.0
2021-09-11,A+,0,5,9,307,0.0
2021-09-11,A-,0,5,9,307,0.0
2021-09-11,AB+,0,5,9,307,0.08
2021-09-11,AB-,0,5,9,307,0.0
2021-09-11,B+,1,5,9,307,0.48
2021-09-11,B-,0,5,9,307,0.09
2021-09-11,O+,1,5,9,307,0.25
2021-09-11,O-,0,5,9,307,0.01
2021-09-12,A+,0,6,9,308,0.01
2021-09-12,A-,0,6,9,308,0.01
2021-09-12,AB+,1,6,9,308,0.18
2021-09-12,AB-,0,6,9,308,0.01
2021-09-12,B+,0,6,9,308,0.49
2021-09-12,B-,0,6,9,308,0.09
2021-09-12,O+,0,6,9,308,0.24
2021-09-12,O-,0,6,9,308,0.01
2021-09-13,A+,0,0,9,309,0.01
2021-09-13,A-,0,0,9,309,0.0
2021-09-13,AB+,0,0,9,309,0.16
2021-09-13,AB-,0,0,9,309,0.0
2021-09-13,B+,0,0,9,309,0.39
2021-09-13,B-,0,0,9,309,0.08
2021-09-13,O+,0,0,9,309,0.16
2021-09-13,O-,0,0,9,309,0.0
2021-09-14,A+,0,1,9,310,0.0
2021-09-14,A-,0,1,9,310,0.0
2021-09-14,AB+,0,1,9,310,0.16
2021-09-14,AB-,0,1,9,310,0.0
2021-09-14,B+,0,1,9,310,0.39
2021-09-14,B-,0,1,9,310,0.08
2021-09-14,O+,1,1,9,310,0.24
2021-09-14,O-,0,1,9,310,0.01
2021-09-15,A+,0,2,9,311,0.01
2021-09-15,A-,0,2,9,311,0.01
2021-09-15,AB+,0,2,9,311,0.16
2021-09-15,AB-,0,2,9,311,0.01
2021-09-15,B+,0,2,9,311,0.4
2021-09-15,B-,0,2,9,311,0.08
2021-09-15,O+,0,2,9,311,0.16
2021-09-15,O-,0,2,9,311,0.0
2021-09-16,A+,1,3,9,312,0.09
2021-09-16,A-,0,3,9,312,0.01
2021-09-16,AB+,0,3,9,312,0.16
2021-09-16,AB-,0,3,9,312,0.01
2021-09-16,B+,0,3,9,312,0.4
2021-09-16,B-,0,3,9,312,0.09
2021-09-16,O+,0,3,9,312,0.16
2021-09-16,O-,0,3,9,312,0.0
2021-09-17,A+,0,4,9,313,0.08
2021-09-17,A-,0,4,9,313,0.0
2021-09-17,AB+,0,4,9,313,0.16
2021-09-17,AB-,0,4,9,313,0.0
2021-09-17,B+,0,4,9,313,0.39
2021-09-17,B-,0,4,9,313,0.08
2021-09-17,O+,0,4,9,313,0.16
2021-09-17,O-,0,4,9,313,0.0
2021-09-18,A+,0,5,9,314,0.08
2021-09-18,A-,0,5,9,314,0.0
2021-09-18,AB+,0,5,9,314,0.08
2021-09-18,AB-,0,5,9,314,0.0
2021-09-18,B+,0,5,9,314,0.39
2021-09-18,B-,0,5,9,314,0.08
2021-09-18,O+,0,5,9,314,0.16
2021-09-18,O-,0,5,9,314,0.0
2021-09-19,A+,0,6,9,315,0.08
2021-09-19,A-,0,6,9,315,0.0
2021-09-19,AB+,0,6,9,315,0.08
2021-09-19,AB-,0,6,9,315,0.0
2021-09-19,B+,0,6,9,315,0.31
2021-09-19,B-,0,6,9,315,0.08
2021-09-19,O+,1,6,9,315,0.24
2021-09-19,O-,0,6,9,315,0.01
2021-09-20,A+,0,0,9,316,0.09
2021-09-20,A-,0,0,9,316,0.01
2021-09-20,AB+,0,0,9,316,0.09
2021-09-20,AB-,1,0,9,316,0.09
2021-09-20,B+,0,0,9,316,0.17
2021-09-20,B-,0,0,9,316,0.09
2021-09-20,O+,0,0,9,316,0.24
2021-09-20,O-,0,0,9,316,0.01
2021-09-21,A+,0,1,9,317,0.09
2021-09-21,A-,0,1,9,317,0.01
2021-09-21,AB+,0,1,9,317,0.08
2021-09-21,AB-,0,1,9,317,0.08
2021-09-21,B+,0,1,9,317,0.08
2021-09-21,B-,0,1,9,317,0.08
2021-09-21,O+,0,1,9,317,0.24
2021-09-21,O-,0,1,9,317,0.0
2021-09-22,A+,0,2,9,318,0.08
2021-09-22,A-,0,2,9,318,0.0
2021-09-22,AB+,0,2,9,318,0.08
2021-09-22,AB-,0,2,9,318,0.08
2021-09-22,B+,0,2,9,318,0.08
2021-09-22,B-,0,2,9,318,0.0
2021-09-22,O+,0,2,9,318,0.24
2021-09-22,O-,0,2,9,318,0.0
2021-09-23,A+,0,3,9,319,0.08
2021-09-23,A-,0,3,9,319,0.0
2021-09-23,AB+,0,3,9,319,0.08
2021-09-23,AB-,0,3,9,319,0.08
2021-09-23,B+,0,3,9,319,0.08
2021-09-23,B-,0,3,9,319,0.0
2021-09-23,O+,0,3,9,319,0.24
2021-09-23,O-,0,3,9,319,0.0
2021-09-24,A+,0,4,9,320,0.08
2021-09-24,A-,0,4,9,320,0.0
2021-09-24,AB+,0,4,9,320,0.08
2021-09-24,AB-,0,4,9,320,0.08
2021-09-24,B+,0,4,9,320,0.08
2021-09-24,B-,0,4,9,320,0.0
2021-09-24,O+,0,4,9,320,0.24
2021-09-24,O-,0,4,9,320,0.0
2021-09-25,A+,0,5,9,321,0.08
2021-09-25,A-,0,5,9,321,0.0
2021-09-25,AB+,0,5,9,321,0.08
2021-09-25,AB-,0,5,9,321,0.08
2021-09-25,B+,0,5,9,321,0.0
2021-09-25,B-,0,5,9,321,0.0
2021-09-25,O+,0,5,9,321,0.16
2021-09-25,O-,0,5,9,321,0.0
2021-09-26,A+,0,6,9,322,0.08
2021-09-26,A-,0,6,9,322,0.0
2021-09-26,AB+,0,6,9,322,0.0
2021-09-26,AB-,0,6,9,322,0.08
2021-09-26,B+,0,6,9,322,0.0
2021-09-26,B-,0,6,9,322,0.0
2021-09-26,O+,0,6,9,322,0.16
2021-09-26,O-,0,6,9,322,0.0
2021-09-27,A+,0,0,9,323,0.08
2021-09-27,A-,0,0,9,323,0.0
2021-09-27,AB+,0,0,9,323,0.0
2021-09-27,AB-,0,0,9,323,0.08
2021-09-27,B+,0,0,9,323,0.0
2021-09-27,B-,0,0,9,323,0.0
2021-09-27,O+,0,0,9,323,0.16
2021-09-27,O-,0,0,9,323,0.0
2021-09-28,A+,0,1,9,324,0.08
2021-09-28,A-,0,1,9,324,0.0
2021-09-28,AB+,0,1,9,324,0.0
2021-09-28,AB-,0,1,9,324,0.08
2021-09-28,B+,1,1,9,324,0.09
2021-09-28,B-,0,1,9,324,0.01
2021-09-28,O+,0,1,9,324,0.09
2021-09-28,O-,0,1,9,324,0.01
2021-09-29,A+,0,2,9,325,0.09
2021-09-29,A-,0,2,9,325,0.01
2021-09-29,AB+,0,2,9,325,0.01
2021-09-29,AB-,0,2,9,325,0.08
2021-09-29,B+,1,2,9,325,0.16
2021-09-29,B-,0,2,9,325,0.01
2021-09-29,O+,0,2,9,325,0.09
2021-09-29,O-,0,2,9,325,0.01
2021-09-30,A+,0,3,9,326,0.01
2021-09-30,A-,0,3,9,326,0.01
2021-09-30,AB+,0,3,9,326,0.01
2021-09-30,AB-,0,3,9,326,0.08
2021-09-30,B+,1,3,9,326,0.24
2021-09-30,B-,0,3,9,326,0.01
2021-09-30,O+,0,3,9,326,0.09
2021-09-30,O-,0,3,9,326,0.01
2021-10-01,A+,1,4,10,327,0.09
2021-10-01,A-,0,4,10,327,0.01
2021-10-01,AB+,0,4,10,327,0.01
2021-10-01,AB-,0,4,10,327,0.09
2021-10-01,B+,0,4,10,327,0.24
2021-10-01,B-,0,4,10,327,0.01
2021-10-01,O+,0,4,10,327,0.09
2021-10-01,O-,0,4,10,327,0.0
2021-10-02,A+,0,5,10,328,0.08
2021-10-02,A-,0,5,10,328,0.0
2021-10-02,AB+,0,5,10,328,0.0
2021-10-02,AB-,0,5,10,328,0.08
2021-10-02,B+,0,5,10,328,0.24
2021-10-02,B-,0,5,10,328,0.0
2021-10-02,O+,1,5,10,328,0.16
2021-10-02,O-,0,5,10,328,0.01
2021-10-03,A+,0,6,10,329,0.09
2021-10-03,A-,0,6,10,329,0.01
2021-10-03,AB+,0,6,10,329,0.01
2021-10-03,AB-,0,6,10,329,0.09
2021-10-03,B+,0,6,10,329,0.24
2021-10-03,B-,0,6,10,329,0.0
2021-10-03,O+,0,6,10,329,0.08
2021-10-03,O-,1,6,10,329,0.09
2021-10-04,A+,0,0,10,330,0.09
2021-10-04,A-,0,0,10,330,0.01
2021-10-04,AB+,0,0,10,330,0.01
2021-10-04,AB-,0,0,10,330,0.01
2021-10-04,B+,0,0,10,330,0.24
2021-10-04,B-,0,0,10,330,0.01
2021-10-04,O+,2,0,10,330,0.25
2021-10-04,O-,0,0,10,330,0.09
2021-10-05,A+,0,1,10,331,0.09
2021-10-05,A-,0,1,10,331,0.01
2021-10-05,AB+,0,1,10,331,0.01
2021-10-05,AB-,0,1,10,331,0.01
2021-10-05,B+,0,1,10,331,0.25
2021-10-05,B-,0,1,10,331,0.0
2021-10-05,O+,0,1,10,331,0.24
2021-10-05,O-,0,1,10,331,0.08
2021-10-06,A+,0,2,10,332,0.08
2021-10-06,A-,0,2,10,332,0.0
2021-10-06,AB+,0,2,10,332,0.0
2021-10-06,AB-,0,2,10,332,0.0
2021-10-06,B+,2,2,10,332,0.41
2021-10-06,B-,0,2,10,332,0.01
2021-10-06,O+,0,2,10,332,0.25
2021-10-06,O-,0,2,10,332,0.09
2021-10-07,A+,0,3,10,333,0.09
2021-10-07,A-,0,3,10,333,0.01
2021-10-07,AB+,0,3,10,333,0.01
2021-10-07,AB-,0,3,10,333,0.0
2021-10-07,B+,0,3,10,333,0.39
2021-10-07,B-,0,3,10,333,0.0
2021-10-07,O+,0,3,10,333,0.24
2021-10-07,O-,0,3,10,333,0.08
2021-10-08,A+,0,4,10,334,0.08
2021-10-08,A-,0,4,10,334,0.0
2021-10-08,AB+,0,4,10,334,0.0
2021-10-08,AB-,0,4,10,334,0.0
2021-10-08,B+,0,4,10,334,0.39
2021-10-08,B-,0,4,10,334,0.0
2021-10-08,O+,0,4,10,334,0.24
2021-10-08,O-,0,4,10,334,0.08
2021-10-09,A+,1,5,10,335,0.16
2021-10-09,A-,0,5,10,335,0.01
2021-10-09,AB+,0,5,10,335,0.01
2021-10-09,AB-,0,5,10,335,0.01
2021-10-09,B+,0,5,10,335,0.4
2021-10-09,B-,0,5,10,335,0.01
2021-10-09,O+,0,5,10,335,0.24
2021-10-09,O-,0,5,10,335,0.08
2021-10-10,A+,0,6,10,336,0.16
2021-10-10,A-,0,6,10,336,0.0
2021-10-10,AB+,0,6,10,336,0.0
2021-10-10,AB-,0,6,10,336,0.0
2021-10-10,B+,1,6,10,336,0.48
2021-10-10,B-,0,6,10,336,0.01
2021-10-10,O+,0,6,10,336,0.24
2021-10-10,O-,0,6,10,336,0.09
2021-10-11,A+,0,0,10,337,0.16
2021-10-11,A-,0,0,10,337,0.01
2021-10-11,AB+,0,0,10,337,0.01
2021-10-11,AB-,0,0,10,337,0.0
2021-10-11,B+,0,0,10,337,0.47
2021-10-11,B-,0,0,10,337,0.0
2021-10-11,O+,0,0,10,337,0.24
2021-10-11,O-,0,0,10,337,0.08
2021-10-12,A+,0,1,10,338,0.16
2021-10-12,A-,0,1,10,338,0.0
2021-10-12,AB+,0,1,10,338,0.0
2021-10-12,AB-,0,1,10,338,0.0
2021-10-12,B+,0,1,10,338,0.39
2021-10-12,B-,0,1,10,338,0.0
2021-10-12,O+,0,1,10,338,0.24
2021-10-12,O-,0,1,10,338,0.08
2021-10-13,A+,0,2,10,339,0.16
2021-10-13,A-,0,2,10,339,0.0
2021-10-13,AB+,0,2,10,339,0.0
2021-10-13,AB-,0,2,10,339,0.0
2021-10-13,B+,0,2,10,339,0.31
2021-10-13,B-,1,2,10,339,0.09
2021-10-13,O+,1,2,10,339,0.33
2021-10-13,O-,0,2,10,339,0.09
2021-10-14,A+,0,3,10,340,0.17
2021-10-14,A-,0,3,10,340,0.01
2021-10-14,AB+,0,3,10,340,0.01
2021-10-14,AB-,0,3,10,340,0.01
2021-10-14,B+,0,3,10,340,0.24
2021-10-14,B-,0,3,10,340,0.08
2021-10-14,O+,0,3,10,340,0.31
2021-10-14,O-,0,3,10,340,0.08
2021-10-15,A+,0,4,10,341,0.08
2021-10-15,A-,0,4,10,341,0.0
2021-10-15,AB+,0,4,10,341,0.0
2021-10-15,AB-,0,4,10,341,0.0
2021-10-15,B+,0,4,10,341,0.24
2021-10-15,B-,0,4,10,341,0.08
2021-10-15,O+,0,4,10,341,0.31
2021-10-15,O-,0,4,10,341,0.08
2021-10-16,A+,0,5,10,342,0.08
2021-10-16,A-,0,5,10,342,0.0
2021-10-16,AB+,0,5,10,342,0.0
2021-10-16,AB-,0,5,10,342,0.0
2021-10-16,B+,2,5,10,342,0.41
2021-10-16,B-,0,5,10,342,0.09
2021-10-16,O+,0,5,10,342,0.25
2021-10-16,O-,0,5,10,342,0.09
2021-10-17,A+,0,6,10,343,0.09
2021-10-17,A-,0,6,10,343,0.01
2021-10-17,AB+,0,6,10,343,0.01
2021-10-17,AB-,0,6,10,343,0.0
2021-10-17,B+,0,6,10,343,0.39
2021-10-17,B-,0,6,10,343,0.08
2021-10-17,O+,0,6,10,343,0.24
2021-10-17,O-,0,6,10,343,0.0
2021-10-18,A+,0,0,10,344,0.08
2021-10-18,A-,0,0,10,344,0.0
2021-10-18,AB+,0,0,10,344,0.0
2021-10-18,AB-,0,0,10,344,0.0
2021-10-18,B+,1,0,10,344,0.48
2021-10-18,B-,0,0,10,344,0.09
2021-10-18,O+,0,0,10,344,0.09
2021-10-18,O-,0,0,10,344,0.01
2021-10-19,A+,0,1,10,345,0.09
2021-10-19,A-,0,1,10,345,0.01
2021-10-19,AB+,0,1,10,345,0.01
2021-10-19,AB-,0,1,10,345,0.0
2021-10-19,B+,1,1,10,345,0.56
2021-10-19,B-,0,1,10,345,0.09
2021-10-19,O+,0,1,10,345,0.09
2021-10-19,O-,0,1,10,345,0.01
2021-10-20,A+,0,2,10,346,0.09
2021-10-20,A-,1,2,10,346,0.09
2021-10-20,AB+,1,2,10,346,0.1
2021-10-20,AB-,0,2,10,346,0.01
2021-10-20,B+,1,2,10,346,0.49
2021-10-20,B-,0,2,10,346,0.1
2021-10-20,O+,0,2,10,346,0.1
2021-10-20,O-,0,2,10,346,0.02
2021-10-21,A+,0,3,10,347,0.09
2021-10-21,A-,0,3,10,347,0.09
2021-10-21,AB+,0,3,10,347,0.09
2021-10-21,AB-,0,3,10,347,0.0
2021-10-21,B+,0,3,10,347,0.47
2021-10-21,B-,0,3,10,347,0.08
2021-10-21,O+,0,3,10,347,0.08
2021-10-21,O-,0,3,10,347,0.0
2021-10-22,A+,0,4,10,348,0.08
2021-10-22,A-,0,4,10,348,0.08
2021-10-22,AB+,0,4,10,348,0.08
2021-10-22,AB-,0,4,10,348,0.0
2021-10-22,B+,1,4,10,348,0.56
2021-10-22,B-,0,4,10,348,0.09
2021-10-22,O+,0,4,10,348,0.09
2021-10-22,O-,1,4,10,348,0.09
2021-10-23,A+,1,5,10,349,0.1
2021-10-23,A-,0,5,10,349,0.1
2021-10-23,AB+,0,5,10,349,0.1
2021-10-23,AB-,0,5,10,349,0.01
2021-10-23,B+,1,5,10,349,0.65
2021-10-23,B-,0,5,10,349,0.1
2021-10-23,O+,0,5,10,349,0.09
2021-10-23,O-,0,5,10,349,0.09
2021-10-24,A+,0,6,10,350,0.09
2021-10-24,A-,0,6,10,350,0.09
2021-10-24,AB+,0,6,10,350,0.09
2021-10-24,AB-,0,6,10,350,0.0
2021-10-24,B+,0,6,10,350,0.55
2021-10-24,B-,0,6,10,350,0.08
2021-10-24,O+,0,6,10,350,0.08
2021-10-24,O-,0,6,10,350,0.08
2021-10-25,A+,0,0,10,351,0.08
2021-10-25,A-,0,0,10,351,0.08
2021-10-25,AB+,0,0,10,351,0.08
2021-10-25,AB-,0,0,10,351,0.0
2021-10-25,B+,0,0,10,351,0.55
2021-10-25,B-,0,0,10,351,0.08
2021-10-25,O+,0,0,10,351,0.08
2021-10-25,O-,0,0,10,351,0.08
2021-10-26,A+,1,1,10,352,0.16
2021-10-26,A-,0,1,10,352,0.09
2021-10-26,AB+,0,1,10,352,0.09
2021-10-26,AB-,0,1,10,352,0.01
2021-10-26,B+,1,1,10,352,0.64
2021-10-26,B-,0,1,10,352,0.09
2021-10-26,O+,0,1,10,352,0.09
2021-10-26,O-,0,1,10,352,0.09
2021-10-27,A+,0,2,10,353,0.16
2021-10-27,A-,0,2,10,353,0.09
2021-10-27,AB+,1,2,10,353,0.17
2021-10-27,AB-,0,2,10,353,0.01
2021-10-27,B+,0,2,10,353,0.64
2021-10-27,B-,0,2,10,353,0.01
2021-10-27,O+,1,2,10,353,0.09
2021-10-27,O-,0,2,10,353,0.09
2021-10-28,A+,0,3,10,354,0.17
2021-10-28,A-,0,3,10,354,0.09
2021-10-28,AB+,0,3,10,354,0.16
2021-10-28,AB-,0,3,10,354,0.01
2021-10-28,B+,0,3,10,354,0.64
2021-10-28,B-,0,3,10,354,0.0
2021-10-28,O+,1,3,10,354,0.16
2021-10-28,O-,0,3,10,354,0.09
2021-10-29,A+,0,4,10,355,0.16
2021-10-29,A-,0,4,10,355,0.09
2021-10-29,AB+,0,4,10,355,0.16
2021-10-29,AB-,0,4,10,355,0.01
2021-10-29,B+,0,4,10,355,0.64
2021-10-29,B-,0,4,10,355,0.0
2021-10-29,O+,1,4,10,355,0.24
2021-10-29,O-,0,4,10,355,0.09
2021-10-30,A+,0,5,10,356,0.16
2021-10-30,A-,0,5,10,356,0.09
2021-10-30,AB+,1,5,10,356,0.25
2021-10-30,AB-,0,5,10,356,0.01
2021-10-30,B+,0,5,10,356,0.49
2021-10-30,B-,0,5,10,356,0.01
2021-10-30,O+,0,5,10,356,0.24
2021-10-30,O-,0,5,10,356,0.09
2021-10-31,A+,1,6,10,357,0.25
2021-10-31,A-,0,6,10,357,0.09
2021-10-31,AB+,0,6,10,357,0.24
2021-10-31,AB-,0,6,10,357,0.01
2021-10-31,B+,0,6,10,357,0.48
2021-10-31,B-,0,6,10,357,0.01
2021-10-31,O+,0,6,10,357,0.24
2021-10-31,O-,0,6,10,357,0.08
2021-11-01,A+,1,0,11,358,0.32
2021-11-01,A-,0,0,11,358,0.09
2021-11-01,AB+,0,0,11,358,0.24
2021-11-01,AB-,0,0,11,358,0.01
2021-11-01,B+,1,0,11,358,0.49
2021-11-01,B-,1,0,11,358,0.1
2021-11-01,O+,0,0,11,358,0.26
2021-11-01,O-,0,0,11,358,0.09
2021-11-02,A+,0,1,11,359,0.33
2021-11-02,A-,0,1,11,359,0.09
2021-11-02,AB+,0,1,11,359,0.25
2021-11-02,AB-,0,1,11,359,0.01
2021-11-02,B+,0,1,11,359,0.39
2021-11-02,B-,0,1,11,359,0.08
2021-11-02,O+,0,1,11,359,0.24
2021-11-02,O-,0,1,11,359,0.08
2021-11-03,A+,0,2,11,360,0.31
2021-11-03,A-,0,2,11,360,0.0
2021-11-03,AB+,0,2,11,360,0.16
2021-11-03,AB-,0,2,11,360,0.0
2021-11-03,B+,0,2,11,360,0.31
2021-11-03,B-,0,2,11,360,0.08
2021-11-03,O+,0,2,11,360,0.24
2021-11-03,O-,0,2,11,360,0.08
2021-11-04,A+,0,3,11,361,0.31
2021-11-04,A-,0,3,11,361,0.0
2021-11-04,AB+,0,3,11,361,0.16
2021-11-04,AB-,0,3,11,361,0.0
2021-11-04,B+,0,3,11,361,0.31
2021-11-04,B-,1,3,11,361,0.16
2021-11-04,O+,1,3,11,361,0.33
2021-11-04,O-,0,3,11,361,0.09
2021-11-05,A+,0,4,11,362,0.33
2021-11-05,A-,0,4,11,362,0.01
2021-11-05,AB+,0,4,11,362,0.17
2021-11-05,AB-,0,4,11,362,0.01
2021-11-05,B+,0,4,11,362,0.24
2021-11-05,B-,0,4,11,362,0.16
2021-11-05,O+,0,4,11,362,0.31
2021-11-05,O-,0,4,11,362,0.0
2021-11-06,A+,1,5,11,363,0.32
2021-11-06,A-,0,5,11,363,0.01
2021-11-06,AB+,0,5,11,363,0.16
2021-11-06,AB-,0,5,11,363,0.01
2021-11-06,B+,0,5,11,363,0.16
2021-11-06,B-,0,5,11,363,0.16
2021-11-06,O+,1,5,11,363,0.41
2021-11-06,O-,0,5,11,363,0.01
2021-11-07,A+,0,6,11,364,0.32
2021-11-07,A-,0,6,11,364,0.01
2021-11-07,AB+,0,6,11,364,0.16
2021-11-07,AB-,0,6,11,364,0.01
2021-11-07,B+,1,6,11,364,0.25
2021-11-07,B-,0,6,11,364,0.16
2021-11-07,O+,1,6,11,364,0.49
2021-11-07,O-,1,6,11,364,0.1
2021-11-08,A+,0,0,11,365,0.34
2021-11-08,A-,0,0,11,365,0.02
2021-11-08,AB+,0,0,11,365,0.18
2021-11-08,AB-,0,0,11,365,0.01
2021-11-08,B+,0,0,11,365,0.25
2021-11-08,B-,0,0,11,365,0.16
2021-11-08,O+,0,0,11,365,0.47
2021-11-08,O-,0,0,11,365,0.08
2021-11-09,A+,0,1,11,366,0.24
2021-11-09,A-,0,1,11,366,0.0
2021-11-09,AB+,0,1,11,366,0.16
2021-11-09,AB-,0,1,11,366,0.0
2021-11-09,B+,2,1,11,366,0.33
2021-11-09,B-,0,1,11,366,0.17
2021-11-09,O+,0,1,11,366,0.49
2021-11-09,O-,0,1,11,366,0.09
2021-11-10,A+,0,2,11,367,0.25
2021-11-10,A-,0,2,11,367,0.01
2021-11-10,AB+,1,2,11,367,0.18
2021-11-10,AB-,0,2,11,367,0.01
2021-11-10,B+,0,2,11,367,0.32
2021-11-10,B-,0,2,11,367,0.16
2021-11-10,O+,0,2,11,367,0.4
2021-11-10,O-,0,2,11,367,0.09
2021-11-11,A+,0,3,11,368,0.24
2021-11-11,A-,0,3,11,368,0.0
2021-11-11,AB+,0,3,11,368,0.16
2021-11-11,AB-,0,3,11,368,0.0
2021-11-11,B+,0,3,11,368,0.31
2021-11-11,B-,0,3,11,368,0.16
2021-11-11,O+,0,3,11,368,0.31
2021-11-11,O-,0,3,11,368,0.08
2021-11-12,A+,0,4,11,369,0.24
2021-11-12,A-,0,4,11,369,0.0
2021-11-12,AB+,0,4,11,369,0.16
2021-11-12,AB-,0,4,11,369,0.0
2021-11-12,B+,0,4,11,369,0.31
2021-11-12,B-,0,4,11,369,0.16
2021-11-12,O+,2,4,11,369,0.41
2021-11-12,O-,0,4,11,369,0.09
2021-11-13,A+,0,5,11,370,0.25
2021-11-13,A-,0,5,11,370,0.01
2021-11-13,AB+,0,5,11,370,0.09
2021-11-13,AB-,0,5,11,370,0.01
2021-11-13,B+,0,5,11,370,0.33
2021-11-13,B-,0,5,11,370,0.16
2021-11-13,O+,0,5,11,370,0.39
2021-11-13,O-,0,5,11,370,0.08
2021-11-14,A+,0,6,11,371,0.16
2021-11-14,A-,0,6,11,371,0.0
2021-11-14,AB+,0,6,11,371,0.08
2021-11-14,AB-,0,6,11,371,0.0
2021-11-14,B+,1,6,11,371,0.4
2021-11-14,B-,0,6,11,371,0.16
2021-11-14,O+,1,6,11,371,0.49
2021-11-14,O-,0,6,11,371,0.09
2021-11-15,A+,0,0,11,372,0.09
2021-11-15,A-,0,0,11,372,0.01
2021-11-15,AB+,0,0,11,372,0.09
2021-11-15,AB-,0,0,11,372,0.01
2021-11-15,B+,0,0,11,372,0.32
2021-11-15,B-,0,0,11,372,0.08
2021-11-15,O+,1,0,11,372,0.56
2021-11-15,O-,0,0,11,372,0.09
2021-11-16,A+,0,1,11,373,0.09
2021-11-16,A-,0,1,11,373,0.01
2021-11-16,AB+,0,1,11,373,0.09
2021-11-16,AB-,0,1,11,373,0.01
2021-11-16,B+,0,1,11,373,0.32
2021-11-16,B-,0,1,11,373,0.08
2021-11-16,O+,0,1,11,373,0.55
2021-11-16,O-,0,1,11,373,0.08
2021-11-17,A+,0,2,11,374,0.08
2021-11-17,A-,0,2,11,374,0.0
2021-11-17,AB+,0,2,11,374,0.08
2021-11-17,AB-,0,2,11,374,0.0
2021-11-17,B+,0,2,11,374,0.31
2021-11-17,B-,0,2,11,374,0.08
2021-11-17,O+,0,2,11,374,0.55
2021-11-17,O-,0,2,11,374,0.08
2021-11-18,A+,1,3,11,375,0.16
2021-11-18,A-,0,3,11,375,0.01
2021-11-18,AB+,0,3,11,375,0.09
2021-11-18,AB-,0,3,11,375,0.01
2021-11-18,B+,0,3,11,375,0.32
2021-11-18,B-,0,3,11,375,0.01
2021-11-18,O+,0,3,11,375,0.48
2021-11-18,O-,0,3,11,375,0.08
2021-11-19,A+,0,4,11,376,0.16
2021-11-19,A-,0,4,11,376,0.0
2021-11-19,AB+,0,4,11,376,0.08
2021-11-19,AB-,0,4,11,376,0.0
2021-11-19,B+,0,4,11,376,0.31
2021-11-19,B-,0,4,11,376,0.0
2021-11-19,O+,0,4,11,376,0.47
2021-11-19,O-,0,4,11,376,0.08
2021-11-20,A+,0,5,11,377,0.08
2021-11-20,A-,0,5,11,377,0.0
2021-11-20,AB+,0,5,11,377,0.08
2021-11-20,AB-,0,5,11,377,0.0
2021-11-20,B+,2,5,11,377,0.49
2021-11-20,B-,0,5,11,377,0.01
2021-11-20,O+,0,5,11,377,0.41
2021-11-20,O-,0,5,11,377,0.09
2021-11-21,A+,0,6,11,378,0.09
2021-11-21,A-,0,6,11,378,0.01
2021-11-21,AB+,0,6,11,378,0.09
2021-11-21,AB-,0,6,11,378,0.0
2021-11-21,B+,0,6,11,378,0.39
2021-11-21,B-,0,6,11,378,0.0
2021-11-21,O+,0,6,11,378,0.31
2021-11-21,O-,0,6,11,378,0.0
2021-11-22,A+,0,0,11,379,0.08
2021-11-22,A-,0,0,11,379,0.0
2021-11-22,AB+,0,0,11,379,0.08
2021-11-22,AB-,0,0,11,379,0.0
2021-11-22,B+,0,0,11,379,0.39
2021-11-22,B-,0,0,11,379,0.0
2021-11-22,O+,0,0,11,379,0.31
2021-11-22,O-,0,0,11,379,0.0
2021-11-23,A+,0,1,11,380,0.08
2021-11-23,A-,0,1,11,380,0.0
2021-11-23,AB+,0,1,11,380,0.08
2021-11-23,AB-,0,1,11,380,0.0
2021-11-23,B+,1,1,11,380,0.32
2021-11-23,B-,0,1,11,380,0.01
2021-11-23,O+,0,1,11,380,0.32
2021-11-23,O-,0,1,11,380,0.01
2021-11-24,A+,0,2,11,381,0.09
2021-11-24,A-,0,2,11,381,0.01
2021-11-24,AB+,0,2,11,381,0.01
2021-11-24,AB-,0,2,11,381,0.0
2021-11-24,B+,0,2,11,381,0.31
2021-11-24,B-,0,2,11,381,0.0
2021-11-24,O+,0,2,11,381,0.31
2021-11-24,O-,0,2,11,381,0.0
2021-11-25,A+,0,3,11,382,0.08
2021-11-25,A-,0,3,11,382,0.0
2021-11-25,AB+,0,3,11,382,0.0
2021-11-25,AB-,0,3,11,382,0.0
2021-11-25,B+,0,3,11,382,0.31
2021-11-25,B-,0,3,11,382,0.0
2021-11-25,O+,0,3,11,382,0.31
2021-11-25,O-,0,3,11,382,0.0
2021-11-26,A+,0,4,11,383,0.08
2021-11-26,A-,0,4,11,383,0.0
2021-11-26,AB+,0,4,11,383,0.0
2021-11-26,AB-,0,4,11,383,0.0
2021-11-26,B+,0,4,11,383,0.31
2021-11-26,B-,0,4,11,383,0.0
2021-11-26,O+,0,4,11,383,0.16
2021-11-26,O-,0,4,11,383,0.0
2021-11-27,A+,0,5,11,384,0.08
2021-11-27,A-,0,5,11,384,0.0
2021-11-27,AB+,0,5,11,384,0.0
2021-11-27,AB-,0,5,11,384,0.0
2021-11-27,B+,1,5,11,384,0.4
2021-11-27,B-,0,5,11,384,0.01
2021-11-27,O+,1,5,11,384,0.25
2021-11-27,O-,0,5,11,384,0.01
2021-11-28,A+,1,6,11,385,0.18
2021-11-28,A-,0,6,11,385,0.02
2021-11-28,AB+,0,6,11,385,0.02
2021-11-28,AB-,0,6,11,385,0.01
2021-11-28,B+,0,6,11,385,0.33
2021-11-28,B-,0,6,11,385,0.01
2021-11-28,O+,0,6,11,385,0.16
2021-11-28,O-,0,6,11,385,0.0
2021-11-29,A+,0,0,11,386,0.16
2021-11-29,A-,0,0,11,386,0.0
2021-11-29,AB+,0,0,11,386,0.0
2021-11-29,AB-,0,0,11,386,0.0
2021-11-29,B+,1,0,11,386,0.4
2021-11-29,B-,0,0,11,386,0.01
2021-11-29,O+,0,0,11,386,0.09
2021-11-29,O-,0,0,11,386,0.01
2021-11-30,A+,1,1,11,387,0.25
2021-11-30,A-,0,1,11,387,0.01
2021-11-30,AB+,1,1,11,387,0.1
2021-11-30,AB-,0,1,11,387,0.01
2021-11-30,B+,0,1,11,387,0.41
2021-11-30,B-,0,1,11,387,0.01
2021-11-30,O+,0,1,11,387,0.09
2021-11-30,O-,0,1,11,387,0.01
2021-12-01,A+,0,2,12,388,0.24
2021-12-01,A-,0,2,12,388,0.0
2021-12-01,AB+,0,2,12,388,0.08
2021-12-01,AB-,0,2,12,388,0.0
2021-12-01,B+,1,2,12,388,0.48
2021-12-01,B-,0,2,12,388,0.01
2021-12-01,O+,1,2,12,388,0.17
2021-12-01,O-,0,2,12,388,0.01
2021-12-02,A+,0,3,12,389,0.17
2021-12-02,A-,0,3,12,389,0.01
2021-12-02,AB+,0,3,12,389,0.09
2021-12-02,AB-,0,3,12,389,0.01
2021-12-02,B+,0,3,12,389,0.48
2021-12-02,B-,0,3,12,389,0.0
2021-12-02,O+,0,3,12,389,0.16
2021-12-02,O-,0,3,12,389,0.0
2021-12-03,A+,0,4,12,390,0.16
2021-12-03,A-,0,4,12,390,0.0
2021-12-03,AB+,0,4,12,390,0.08
2021-12-03,AB-,0,4,12,390,0.0
2021-12-03,B+,0,4,12,390,0.47
2021-12-03,B-,0,4,12,390,0.0
2021-12-03,O+,0,4,12,390,0.16
2021-12-03,O-,0,4,12,390,0.0
2021-12-04,A+,0,5,12,391,0.16
2021-12-04,A-,0,5,12,391,0.0
2021-12-04,AB+,1,5,12,391,0.16
2021-12-04,AB-,0,5,12,391,0.01
2021-12-04,B+,0,5,12,391,0.32
2021-12-04,B-,0,5,12,391,0.01
2021-12-04,O+,0,5,12,391,0.16
2021-12-04,O-,0,5,12,391,0.01
2021-12-05,A+,1,6,12,392,0.25
2021-12-05,A-,0,6,12,392,0.01
2021-12-05,AB+,0,6,12,392,0.16
2021-12-05,AB-,0,6,12,392,0.01
2021-12-05,B+,1,6,12,392,0.41
2021-12-05,B-,0,6,12,392,0.01
2021-12-05,O+,2,6,12,392,0.34
2021-12-05,O-,0,6,12,392,0.02
2021-12-06,A+,1,0,12,393,0.34
2021-12-06,A-,0,0,12,393,0.03
2021-12-06,AB+,0,0,12,393,0.19
2021-12-06,AB-,0,0,12,393,0.02
2021-12-06,B+,0,0,12,393,0.41
2021-12-06,B-,0,0,12,393,0.01
2021-12-06,O+,0,0,12,393,0.32
2021-12-06,O-,0,0,12,393,0.0
2021-12-07,A+,0,1,12,394,0.31
2021-12-07,A-,0,1,12,394,0.0
2021-12-07,AB+,0,1,12,394,0.16
2021-12-07,AB-,0,1,12,394,0.0
2021-12-07,B+,0,1,12,394,0.31
2021-12-07,B-,0,1,12,394,0.0
2021-12-07,O+,0,1,12,394,0.31
2021-12-07,O-,0,1,12,394,0.0
2021-12-08,A+,0,2,12,395,0.31
2021-12-08,A-,0,2,12,395,0.0
2021-12-08,AB+,0,2,12,395,0.16
2021-12-08,AB-,0,2,12,395,0.0
2021-12-08,B+,0,2,12,395,0.31
2021-12-08,B-,0,2,12,395,0.0
2021-12-08,O+,1,2,12,395,0.4
2021-12-08,O-,0,2,12,395,0.01
2021-12-09,A+,0,3,12,396,0.32
2021-12-09,A-,0,3,12,396,0.01
2021-12-09,AB+,0,3,12,396,0.16
2021-12-09,AB-,0,3,12,396,0.01
2021-12-09,B+,1,3,12,396,0.41
2021-12-09,B-,0,3,12,396,0.01
2021-12-09,O+,0,3,12,396,0.4
2021-12-09,O-,0,3,12,396,0.01
2021-12-10,A+,1,4,12,397,0.41
2021-12-10,A-,0,4,12,397,0.01
2021-12-10,AB+,0,4,12,397,0.17
2021-12-10,AB-,0,4,12,397,0.01
2021-12-10,B+,0,4,12,397,0.4
2021-12-10,B-,0,4,12,397,0.01
2021-12-10,O+,0,4,12,397,0.4
2021-12-10,O-,0,4,12,397,0.0
2021-12-11,A+,0,5,12,398,0.39
2021-12-11,A-,0,5,12,398,0.0
2021-12-11,AB+,0,5,12,398,0.16
2021-12-11,AB-,0,5,12,398,0.0
2021-12-11,B+,0,5,12,398,0.31
2021-12-11,B-,0,5,12,398,0.0
2021-12-11,O+,0,5,12,398,0.31
2021-12-11,O-,0,5,12,398,0.0
2021-12-12,A+,0,6,12,399,0.31
2021-12-12,A-,0,6,12,399,0.0
2021-12-12,AB+,0,6,12,399,0.16
2021-12-12,AB-,0,6,12,399,0.0
2021-12-12,B+,0,6,12,399,0.31
2021-12-12,B-,0,6,12,399,0.0
2021-12-12,O+,0,6,12,399,0.31
2021-12-12,O-,0,6,12,399,0.0
2021-12-13,A+,0,0,12,400,0.31
2021-12-13,A-,0,0,12,400,0.0
2021-12-13,AB+,0,0,12,400,0.16
2021-12-13,AB-,0,0,12,400,0.0
2021-12-13,B+,0,0,12,400,0.24
2021-12-13,B-,0,0,12,400,0.0
2021-12-13,O+,0,0,12,400,0.31
2021-12-13,O-,0,0,12,400,0.0
2021-12-14,A+,0,1,12,401,0.24
2021-12-14,A-,0,1,12,401,0.0
2021-12-14,AB+,0,1,12,401,0.08
2021-12-14,AB-,0,1,12,401,0.0
2021-12-14,B+,1,1,12,401,0.32
2021-12-14,B-,0,1,12,401,0.01
2021-12-14,O+,0,1,12,401,0.32
2021-12-14,O-,0,1,12,401,0.01
2021-12-15,A+,0,2,12,402,0.24
2021-12-15,A-,0,2,12,402,0.01
2021-12-15,AB+,0,2,12,402,0.09
2021-12-15,AB-,0,2,12,402,0.0
2021-12-15,B+,0,2,12,402,0.24
2021-12-15,B-,0,2,12,402,0.0
2021-12-15,O+,0,2,12,402,0.24
2021-12-15,O-,0,2,12,402,0.0
2021-12-16,A+,0,3,12,403,0.24
2021-12-16,A-,0,3,12,403,0.0
2021-12-16,AB+,0,3,12,403,0.08
2021-12-16,AB-,0,3,12,403,0.0
2021-12-16,B+,1,3,12,403,0.32
2021-12-16,B-,0,3,12,403,0.01
2021-12-16,O+,1,3,12,403,0.33
2021-12-16,O-,0,3,12,403,0.01
2021-12-17,A+,0,4,12,404,0.25
2021-12-17,A-,0,4,12,404,0.01
2021-12-17,AB+,0,4,12,404,0.09
2021-12-17,AB-,0,4,12,404,0.01
2021-12-17,B+,0,4,12,404,0.32
2021-12-17,B-,0,4,12,404,0.0
2021-12-17,O+,1,4,12,404,0.4
2021-12-17,O-,0,4,12,404,0.01
2021-12-18,A+,0,5,12,405,0.24
2021-12-18,A-,0,5,12,405,0.01
2021-12-18,AB+,1,5,12,405,0.09
2021-12-18,AB-,0,5,12,405,0.01
2021-12-18,B+,0,5,12,405,0.33
2021-12-18,B-,0,5,12,405,0.01
2021-12-18,O+,0,5,12,405,0.4
2021-12-18,O-,0,5,12,405,0.01
2021-12-19,A+,0,6,12,406,0.16
2021-12-19,A-,0,6,12,406,0.0
2021-12-19,AB+,0,6,12,406,0.08
2021-12-19,AB-,0,6,12,406,0.0
2021-12-19,B+,1,6,12,406,0.32
2021-12-19,B-,0,6,12,406,0.01
2021-12-19,O+,1,6,12,406,0.33
2021-12-19,O-,0,6,12,406,0.01
2021-12-20,A+,0,0,12,407,0.09
2021-12-20,A-,0,0,12,407,0.01
2021-12-20,AB+,0,0,12,407,0.09
2021-12-20,AB-,0,0,12,407,0.01
2021-12-20,B+,0,0,12,407,0.32
2021-12-20,B-,0,0,12,407,0.0
2021-12-20,O+,0,0,12,407,0.31
2021-12-20,O-,0,0,12,407,0.0
2021-12-21,A+,0,1,12,408,0.08
2021-12-21,A-,0,1,12,408,0.0
2021-12-21,AB+,0,1,12,408,0.08
2021-12-21,AB-,0,1,12,408,0.0
2021-12-21,B+,0,1,12,408,0.31
2021-12-21,B-,0,1,12,408,0.0
2021-12-21,O+,1,1,12,408,0.4
2021-12-21,O-,0,1,12,408,0.01
2021-12-22,A+,0,2,12,409,0.09
2021-12-22,A-,0,2,12,409,0.01
2021-12-22,AB+,0,2,12,409,0.09
2021-12-22,AB-,0,2,12,409,0.01
2021-12-22,B+,0,2,12,409,0.32
2021-12-22,B-,1,2,12,409,0.09
2021-12-22,O+,0,2,12,409,0.32
2021-12-22,O-,0,2,12,409,0.01
2021-12-23,A+,0,3,12,410,0.09
2021-12-23,A-,0,3,12,410,0.01
2021-12-23,AB+,0,3,12,410,0.09
2021-12-23,AB-,0,3,12,410,0.01
2021-12-23,B+,2,3,12,410,0.41
2021-12-23,B-,0,3,12,410,0.09
2021-12-23,O+,0,3,12,410,0.33
2021-12-23,O-,0,3,12,410,0.01
2021-12-24,A+,0,4,12,411,0.01
2021-12-24,A-,0,4,12,411,0.01
2021-12-24,AB+,0,4,12,411,0.09
2021-12-24,AB-,0,4,12,411,0.0
2021-12-24,B+,0,4,12,411,0.39
2021-12-24,B-,0,4,12,411,0.08
2021-12-24,O+,1,4,12,411,0.4
2021-12-24,O-,0,4,12,411,0.01
2021-12-25,A+,0,5,12,412,0.01
2021-12-25,A-,0,5,12,412,0.01
2021-12-25,AB+,0,5,12,412,0.09
2021-12-25,AB-,0,5,12,412,0.01
2021-12-25,B+,1,5,12,412,0.49
2021-12-25,B-,0,5,12,412,0.09
2021-12-25,O+,0,5,12,412,0.4
2021-12-25,O-,0,5,12,412,0.01
2021-12-26,A+,0,6,12,413,0.01
2021-12-26,A-,0,6,12,413,0.01
2021-12-26,AB+,0,6,12,413,0.09
2021-12-26,AB-,0,6,12,413,0.0
2021-12-26,B+,1,6,12,413,0.56
2021-12-26,B-,0,6,12,413,0.09
2021-12-26,O+,0,6,12,413,0.4
2021-12-26,O-,1,6,12,413,0.09
2021-12-27,A+,0,0,12,414,0.01
2021-12-27,A-,0,0,12,414,0.01
2021-12-27,AB+,0,0,12,414,0.09
2021-12-27,AB-,0,0,12,414,0.01
2021-12-27,B+,0,0,12,414,0.56
2021-12-27,B-,0,0,12,414,0.09
2021-12-27,O+,0,0,12,414,0.39
2021-12-27,O-,0,0,12,414,0.08
2021-12-28,A+,0,1,12,415,0.0
2021-12-28,A-,0,1,12,415,0.0
2021-12-28,AB+,0,1,12,415,0.08
2021-12-28,AB-,0,1,12,415,0.0
2021-12-28,B+,0,1,12,415,0.47
2021-12-28,B-,0,1,12,415,0.08
2021-12-28,O+,0,1,12,415,0.39
2021-12-28,O-,0,1,12,415,0.08
2021-12-29,A+,0,2,12,416,0.0
2021-12-29,A-,0,2,12,416,0.0
2021-12-29,AB+,0,2,12,416,0.08
2021-12-29,AB-,0,2,12,416,0.0
2021-12-29,B+,0,2,12,416,0.47
2021-12-29,B-,0,2,12,416,0.08
2021-12-29,O+,0,2,12,416,0.39
2021-12-29,O-,0,2,12,416,0.08
2021-12-30,A+,0,3,12,417,0.0
2021-12-30,A-,0,3,12,417,0.0
2021-12-30,AB+,0,3,12,417,0.08
2021-12-30,AB-,0,3,12,417,0.0
2021-12-30,B+,0,3,12,417,0.39
2021-12-30,B-,0,3,12,417,0.08
2021-12-30,O+,0,3,12,417,0.31
2021-12-30,O-,0,3,12,417,0.08
2021-12-31,A+,0,4,12,418,0.0
2021-12-31,A-,0,4,12,418,0.0
2021-12-31,AB+,0,4,12,418,0.08
2021-12-31,AB-,0,4,12,418,0.0
2021-12-31,B+,1,4,12,418,0.48
2021-12-31,B-,0,4,12,418,0.09
2021-12-31,O+,0,4,12,418,0.24
2021-12-31,O-,0,4,12,418,0.09
2022-01-01,A+,0,5,1,419,0.01
2022-01-01,A-,0,5,1,419,0.01
2022-01-01,AB+,0,5,1,419,0.01
2022-01-01,AB-,0,5,1,419,0.0
2022-01-01,B+,0,5,1,419,0.47
2022-01-01,B-,0,5,1,419,0.08
2022-01-01,O+,0,5,1,419,0.24
2022-01-01,O-,0,5,1,419,0.08
2022-01-02,A+,0,6,1,420,0.0
2022-01-02,A-,0,6,1,420,0.0
2022-01-02,AB+,0,6,1,420,0.0
2022-01-02,AB-,0,6,1,420,0.0
2022-01-02,B+,0,6,1,420,0.39
2022-01-02,B-,0,6,1,420,0.08
2022-01-02,O+,0,6,1,420,0.16
2022-01-02,O-,0,6,1,420,0.08
2022-01-03,A+,0,0,1,421,0.0
2022-01-03,A-,0,0,1,421,0.0
2022-01-03,AB+,0,0,1,421,0.0
2022-01-03,AB-,0,0,1,421,0.0
2022-01-03,B+,0,0,1,421,0.39
2022-01-03,B-,0,0,1,421,0.08
2022-01-03,O+,1,0,1,421,0.24
2022-01-03,O-,0,0,1,421,0.09
2022-01-04,A+,0,1,1,422,0.01
2022-01-04,A-,0,1,1,422,0.01
2022-01-04,AB+,0,1,1,422,0.01
2022-01-04,AB-,0,1,1,422,0.01
2022-01-04,B+,0,1,1,422,0.4
2022-01-04,B-,0,1,1,422,0.08
2022-01-04,O+,0,1,1,422,0.16
2022-01-04,O-,0,1,1,422,0.08
2022-01-05,A+,1,2,1,423,0.09
2022-01-05,A-,0,2,1,423,0.01
2022-01-05,AB+,0,2,1,423,0.01
2022-01-05,AB-,0,2,1,423,0.01
2022-01-05,B+,1,2,1,423,0.49
2022-01-05,B-,0,2,1,423,0.01
2022-01-05,O+,0,2,1,423,0.17
2022-01-05,O-,0,2,1,423,0.09
2022-01-06,A+,0,3,1,424,0.09
2022-01-06,A-,0,3,1,424,0.01
2022-01-06,AB+,0,3,1,424,0.01
2022-01-06,AB-,0,3,1,424,0.0
2022-01-06,B+,0,3,1,424,0.31
2022-01-06,B-,0,3,1,424,0.0
2022-01-06,O+,1,3,1,424,0.24
2022-01-06,O-,0,3,1,424,0.09
2022-01-07,A+,1,4,1,425,0.17
2022-01-07,A-,1,4,1,425,0.1
2022-01-07,AB+,0,4,1,425,0.02
2022-01-07,AB-,0,4,1,425,0.02
2022-01-07,B+,0,4,1,425,0.34
2022-01-07,B-,0,4,1,425,0.01
2022-01-07,O+,1,4,1,425,0.26
2022-01-07,O-,0,4,1,425,0.09
2022-01-08,A+,0,5,1,426,0.16
2022-01-08,A-,0,5,1,426,0.09
2022-01-08,AB+,0,5,1,426,0.01
2022-01-08,AB-,0,5,1,426,0.01
2022-01-08,B+,0,5,1,426,0.24
2022-01-08,B-,0,5,1,426,0.0
2022-01-08,O+,2,5,1,426,0.41
2022-01-08,O-,0,5,1,426,0.09
2022-01-09,A+,0,6,1,427,0.17
2022-01-09,A-,0,6,1,427,0.09
2022-01-09,AB+,0,6,1,427,0.01
2022-01-09,AB-,0,6,1,427,0.01
2022-01-09,B+,0,6,1,427,0.17
2022-01-09,B-,0,6,1,427,0.0
2022-01-09,O+,0,6,1,427,0.39
2022-01-09,O-,0,6,1,427,0.0
2022-01-10,A+,0,0,1,428,0.16
2022-01-10,A-,0,0,1,428,0.08
2022-01-10,AB+,0,0,1,428,0.0
2022-01-10,AB-,0,0,1,428,0.0
2022-01-10,B+,0,0,1,428,0.16
2022-01-10,B-,0,0,1,428,0.0
2022-01-10,O+,0,0,1,428,0.39
2022-01-10,O-,0,0,1,428,0.0
2022-01-11,A+,0,1,1,429,0.16
2022-01-11,A-,0,1,1,429,0.08
2022-01-11,AB+,0,1,1,429,0.0
2022-01-11,AB-,0,1,1,429,0.0
2022-01-11,B+,0,1,1,429,0.16
2022-01-11,B-,0,1,1,429,0.0
2022-01-11,O+,0,1,1,429,0.39
2022-01-11,O-,0,1,1,429,0.0
2022-01-12,A+,1,2,1,430,0.24
2022-01-12,A-,0,2,1,430,0.09
2022-01-12,AB+,0,2,1,430,0.01
2022-01-12,AB-,0,2,1,430,0.01
2022-01-12,B+,0,2,1,430,0.16
2022-01-12,B-,0,2,1,430,0.01
2022-01-12,O+,0,2,1,430,0.4
2022-01-12,O-,1,2,1,430,0.09
2022-01-13,A+,0,3,1,431,0.24
2022-01-13,A-,0,3,1,431,0.09
2022-01-13,AB+,0,3,1,431,0.01
2022-01-13,AB-,0,3,1,431,0.01
2022-01-13,B+,0,3,1,431,0.16
2022-01-13,B-,0,3,1,431,0.01
2022-01-13,O+,0,3,1,431,0.39
2022-01-13,O-,0,3,1,431,0.08
2022-01-14,A+,0,4,1,432,0.24
2022-01-14,A-,0,4,1,432,0.08
2022-01-14,AB+,0,4,1,432,0.0
2022-01-14,AB-,0,4,1,432,0.0
2022-01-14,B+,0,4,1,432,0.08
2022-01-14,B-,0,4,1,432,0.0
2022-01-14,O+,0,4,1,432,0.39
2022-01-14,O-,0,4,1,432,0.08
2022-01-15,A+,0,5,1,433,0.24
2022-01-15,A-,0,5,1,433,0.08
2022-01-15,AB+,0,5,1,433,0.0
2022-01-15,AB-,0,5,1,433,0.0
2022-01-15,B+,0,5,1,433,0.08
2022-01-15,B-,0,5,1,433,0.0
2022-01-15,O+,1,5,1,433,0.48
2022-01-15,O-,0,5,1,433,0.09
2022-01-16,A+,0,6,1,434,0.24
2022-01-16,A-,0,6,1,434,0.09
2022-01-16,AB+,0,6,1,434,0.01
2022-01-16,AB-,0,6,1,434,0.01
2022-01-16,B+,0,6,1,434,0.09
2022-01-16,B-,1,6,1,434,0.09
2022-01-16,O+,0,6,1,434,0.48
2022-01-16,O-,0,6,1,434,0.09
2022-01-17,A+,1,0,1,435,0.33
2022-01-17,A-,0,0,1,435,0.09
2022-01-17,AB+,0,0,1,435,0.01
2022-01-17,AB-,0,0,1,435,0.01
2022-01-17,B+,1,0,1,435,0.17
2022-01-17,B-,0,0,1,435,0.09
2022-01-17,O+,2,0,1,435,0.58
2022-01-17,O-,0,0,1,435,0.1
2022-01-18,A+,0,1,1,436,0.34
2022-01-18,A-,0,1,1,436,0.1
2022-01-18,AB+,0,1,1,436,0.02
2022-01-18,AB-,0,1,1,436,0.01
2022-01-18,B+,1,1,1,436,0.26
2022-01-18,B-,0,1,1,436,0.09
2022-01-18,O+,0,1,1,436,0.56
2022-01-18,O-,0,1,1,436,0.09
2022-01-19,A+,0,2,1,437,0.24
2022-01-19,A-,0,2,1,437,0.09
2022-01-19,AB+,0,2,1,437,0.01
2022-01-19,AB-,0,2,1,437,0.0
2022-01-19,B+,0,2,1,437,0.16
2022-01-19,B-,0,2,1,437,0.08
2022-01-19,O+,0,2,1,437,0.55
2022-01-19,O-,0,2,1,437,0.08
2022-01-20,A+,0,3,1,438,0.24
2022-01-20,A-,0,3,1,438,0.08
2022-01-20,AB+,0,3,1,438,0.0
2022-01-20,AB-,0,3,1,438,0.0
2022-01-20,B+,0,3,1,438,0.16
2022-01-20,B-,0,3,1,438,0.08
2022-01-20,O+,0,3,1,438,0.47
2022-01-20,O-,0,3,1,438,0.08
2022-01-21,A+,0,4,1,439,0.16
2022-01-21,A-,0,4,1,439,0.0
2022-01-21,AB+,0,4,1,439,0.0
2022-01-21,AB-,0,4,1,439,0.0
2022-01-21,B+,0,4,1,439,0.16
2022-01-21,B-,0,4,1,439,0.08
2022-01-21,O+,0,4,1,439,0.39
2022-01-21,O-,0,4,1,439,0.08
2022-01-22,A+,0,5,1,440,0.16
2022-01-22,A-,0,5,1,440,0.0
2022-01-22,AB+,0,5,1,440,0.0
2022-01-22,AB-,0,5,1,440,0.0
2022-01-22,B+,0,5,1,440,0.16
2022-01-22,B-,0,5,1,440,0.08
2022-01-22,O+,0,5,1,440,0.24
2022-01-22,O-,0,5,1,440,0.08
2022-01-23,A+,0,6,1,441,0.16
2022-01-23,A-,0,6,1,441,0.0
2022-01-23,AB+,0,6,1,441,0.0
2022-01-23,AB-,0,6,1,441,0.0
2022-01-23,B+,1,6,1,441,0.24
2022-01-23,B-,0,6,1,441,0.09
2022-01-23,O+,0,6,1,441,0.24
2022-01-23,O-,0,6,1,441,0.09
2022-01-24,A+,0,0,1,442,0.16
2022-01-24,A-,0,0,1,442,0.01
2022-01-24,AB+,0,0,1,442,0.01
2022-01-24,AB-,0,0,1,442,0.0
2022-01-24,B+,0,0,1,442,0.24
2022-01-24,B-,0,0,1,442,0.08
2022-01-24,O+,1,0,1,442,0.32
2022-01-24,O-,0,0,1,442,0.09
2022-01-25,A+,1,1,1,443,0.25
2022-01-25,A-,0,1,1,443,0.01
2022-01-25,AB+,0,1,1,443,0.01
2022-01-25,AB-,0,1,1,443,0.01
2022-01-25,B+,0,1,1,443,0.25
2022-01-25,B-,0,1,1,443,0.09
2022-01-25,O+,0,1,1,443,0.32
2022-01-25,O-,0,1,1,443,0.08
2022-01-26,A+,0,2,1,444,0.16
2022-01-26,A-,0,2,1,444,0.0
2022-01-26,AB+,0,2,1,444,0.0
2022-01-26,AB-,0,2,1,444,0.0
2022-01-26,B+,1,2,1,444,0.32
2022-01-26,B-,0,2,1,444,0.09
2022-01-26,O+,0,2,1,444,0.32
2022-01-26,O-,0,2,1,444,0.01
2022-01-27,A+,0,3,1,445,0.16
2022-01-27,A-,0,3,1,445,0.01
2022-01-27,AB+,0,3,1,445,0.01
2022-01-27,AB-,0,3,1,445,0.0
2022-01-27,B+,0,3,1,445,0.31
2022-01-27,B-,0,3,1,445,0.08
2022-01-27,O+,0,3,1,445,0.31
2022-01-27,O-,0,3,1,445,0.0
2022-01-28,A+,0,4,1,446,0.16
2022-01-28,A-,0,4,1,446,0.0
2022-01-28,AB+,0,4,1,446,0.0
2022-01-28,AB-,0,4,1,446,0.0
2022-01-28,B+,0,4,1,446,0.31
2022-01-28,B-,0,4,1,446,0.08
2022-01-28,O+,0,4,1,446,0.31
2022-01-28,O-,0,4,1,446,0.0
2022-01-29,A+,0,5,1,447,0.16
2022-01-29,A-,0,5,1,447,0.0
2022-01-29,AB+,0,5,1,447,0.0
2022-01-29,AB-,0,5,1,447,0.0
2022-01-29,B+,0,5,1,447,0.31
2022-01-29,B-,0,5,1,447,0.08
2022-01-29,O+,0,5,1,447,0.24
2022-01-29,O-,0,5,1,447,0.0
2022-01-30,A+,0,6,1,448,0.16
2022-01-30,A-,0,6,1,448,0.0
2022-01-30,AB+,0,6,1,448,0.0
2022-01-30,AB-,0,6,1,448,0.0
2022-01-30,B+,0,6,1,448,0.31
2022-01-30,B-,0,6,1,448,0.0
2022-01-30,O+,0,6,1,448,0.24
2022-01-30,O-,0,6,1,448,0.0
2022-01-31,A+,0,0,1,449,0.08
2022-01-31,A-,0,0,1,449,0.0
2022-01-31,AB+,0,0,1,449,0.0
2022-01-31,AB-,0,0,1,449,0.0
2022-01-31,B+,0,0,1,449,0.24
2022-01-31,B-,0,0,1,449,0.0
2022-01-31,O+,0,0,1,449,0.08
2022-01-31,O-,0,0,1,449,0.0
2022-02-01,A+,0,1,2,450,0.08
2022-02-01,A-,0,1,2,450,0.0
2022-02-01,AB+,0,1,2,450,0.0
2022-02-01,AB-,0,1,2,450,0.0
2022-02-01,B+,1,1,2,450,0.24
2022-02-01,B-,0,1,2,450,0.01
2022-02-01,O+,0,1,2,450,0.09
2022-02-01,O-,0,1,2,450,0.01
2022-02-02,A+,0,2,2,451,0.09
2022-02-02,A-,0,2,2,451,0.01
2022-02-02,AB+,1,2,2,451,0.09
2022-02-02,AB-,0,2,2,451,0.01
2022-02-02,B+,1,2,2,451,0.33
2022-02-02,B-,0,2,2,451,0.01
2022-02-02,O+,2,2,2,451,0.26
2022-02-02,O-,1,2,2,451,0.11
2022-02-03,A+,0,3,2,452,0.11
2022-02-03,A-,0,3,2,452,0.03
2022-02-03,AB+,0,3,2,452,0.11
2022-02-03,AB-,0,3,2,452,0.02
2022-02-03,B+,0,3,2,452,0.34
2022-02-03,B-,0,3,2,452,0.01
2022-02-03,O+,2,3,2,452,0.41
2022-02-03,O-,0,3,2,452,0.09
2022-02-04,A+,0,4,2,453,0.09
2022-02-04,A-,0,4,2,453,0.01
2022-02-04,AB+,0,4,2,453,0.09
2022-02-04,AB-,0,4,2,453,0.01
2022-02-04,B+,0,4,2,453,0.33
2022-02-04,B-,0,4,2,453,0.0
2022-02-04,O+,1,4,2,453,0.48
2022-02-04,O-,0,4,2,453,0.09
2022-02-05,A+,0,5,2,454,0.09
2022-02-05,A-,0,5,2,454,0.01
2022-02-05,AB+,0,5,2,454,0.09
2022-02-05,AB-,0,5,2,454,0.01
2022-02-05,B+,0,5,2,454,0.32
2022-02-05,B-,0,5,2,454,0.0
2022-02-05,O+,0,5,2,454,0.47
2022-02-05,O-,0,5,2,454,0.08
2022-02-06,A+,0,6,2,455,0.08
2022-02-06,A-,0,6,2,455,0.0
2022-02-06,AB+,0,6,2,455,0.08
2022-02-06,AB-,0,6,2,455,0.0
2022-02-06,B+,1,6,2,455,0.32
2022-02-06,B-,0,6,2,455,0.01
2022-02-06,O+,0,6,2,455,0.48
2022-02-06,O-,0,6,2,455,0.09
2022-02-07,A+,0,0,2,456,0.09
2022-02-07,A-,0,0,2,456,0.01
2022-02-07,AB+,0,0,2,456,0.09
2022-02-07,AB-,0,0,2,456,0.0
2022-02-07,B+,0,0,2,456,0.31
2022-02-07,B-,0,0,2,456,0.0
2022-02-07,O+,3,0,2,456,0.65
2022-02-07,O-,0,0,2,456,0.1
2022-02-08,A+,0,1,2,457,0.02
2022-02-08,A-,0,1,2,457,0.02
2022-02-08,AB+,1,1,2,457,0.19
2022-02-08,AB-,0,1,2,457,0.03
2022-02-08,B+,0,1,2,457,0.34
2022-02-08,B-,0,1,2,457,0.01
2022-02-08,O+,1,1,2,457,0.72
2022-02-08,O-,0,1,2,457,0.09
2022-02-09,A+,0,2,2,458,0.01
2022-02-09,A-,0,2,2,458,0.01
2022-02-09,AB+,0,2,2,458,0.16
2022-02-09,AB-,0,2,2,458,0.01
2022-02-09,B+,0,2,2,458,0.24
2022-02-09,B-,0,2,2,458,0.0
2022-02-09,O+,0,2,2,458,0.71
2022-02-09,O-,0,2,2,458,0.08
2022-02-10,A+,0,3,2,459,0.0
2022-02-10,A-,0,3,2,459,0.0
2022-02-10,AB+,0,3,2,459,0.16
2022-02-10,AB-,0,3,2,459,0.0
2022-02-10,B+,0,3,2,459,0.24
2022-02-10,B-,0,3,2,459,0.0
2022-02-10,O+,1,3,2,459,0.79
2022-02-10,O-,0,3,2,459,0.09
2022-02-11,A+,0,4,2,460,0.01
2022-02-11,A-,0,4,2,460,0.01
2022-02-11,AB+,0,4,2,460,0.16
2022-02-11,AB-,0,4,2,460,0.01
2022-02-11,B+,0,4,2,460,0.24
2022-02-11,B-,0,4,2,460,0.0
2022-02-11,O+,0,4,2,460,0.79
2022-02-11,O-,0,4,2,460,0.08
2022-02-12,A+,0,5,2,461,0.0
2022-02-12,A-,0,5,2,461,0.0
2022-02-12,AB+,0,5,2,461,0.16
2022-02-12,AB-,0,5,2,461,0.0
2022-02-12,B+,0,5,2,461,0.24
2022-02-12,B-,0,5,2,461,0.0
2022-02-12,O+,0,5,2,461,0.79
2022-02-12,O-,0,5,2,461,0.08
2022-02-13,A+,0,6,2,462,0.0
2022-02-13,A-,0,6,2,462,0.0
2022-02-13,AB+,0,6,2,462,0.16
2022-02-13,AB-,0,6,2,462,0.0
2022-02-13,B+,0,6,2,462,0.24
2022-02-13,B-,0,6,2,462,0.0
2022-02-13,O+,1,6,2,462,0.87
2022-02-13,O-,0,6,2,462,0.09
2022-02-14,A+,0,0,2,463,0.01
2022-02-14,A-,0,0,2,463,0.01
2022-02-14,AB+,0,0,2,463,0.16
2022-02-14,AB-,0,0,2,463,0.01
2022-02-14,B+,0,0,2,463,0.24
2022-02-14,B-,0,0,2,463,0.0
2022-02-14,O+,0,0,2,463,0.86
2022-02-14,O-,1,0,2,463,0.16
2022-02-15,A+,0,1,2,464,0.01
2022-02-15,A-,0,1,2,464,0.01
2022-02-15,AB+,0,1,2,464,0.16
2022-02-15,AB-,0,1,2,464,0.01
2022-02-15,B+,0,1,2,464,0.16
2022-02-15,B-,0,1,2,464,0.01
2022-02-15,O+,0,1,2,464,0.86
2022-02-15,O-,0,1,2,464,0.16
2022-02-16,A+,0,2,2,465,0.0
2022-02-16,A-,0,2,2,465,0.0
2022-02-16,AB+,0,2,2,465,0.08
2022-02-16,AB-,0,2,2,465,0.0
2022-02-16,B+,1,2,2,465,0.16
2022-02-16,B-,0,2,2,465,0.01
2022-02-16,O+,0,2,2,465,0.71
2022-02-16,O-,0,2,2,465,0.09
2022-02-17,A+,0,3,2,466,0.01
2022-02-17,A-,0,3,2,466,0.01
2022-02-17,AB+,0,3,2,466,0.09
2022-02-17,AB-,0,3,2,466,0.0
2022-02-17,B+,0,3,2,466,0.16
2022-02-17,B-,0,3,2,466,0.0
2022-02-17,O+,3,3,2,466,0.81
2022-02-17,O-,0,3,2,466,0.1
2022-02-18,A+,1,4,2,467,0.11
2022-02-18,A-,0,4,2,467,0.03
2022-02-18,AB+,0,4,2,467,0.11
2022-02-18,AB-,0,4,2,467,0.03
2022-02-18,B+,0,4,2,467,0.19
2022-02-18,B-,0,4,2,467,0.01
2022-02-18,O+,0,4,2,467,0.71
2022-02-18,O-,0,4,2,467,0.08
2022-02-19,A+,0,5,2,468,0.08
2022-02-19,A-,0,5,2,468,0.0
2022-02-19,AB+,0,5,2,468,0.08
2022-02-19,AB-,0,5,2,468,0.0
2022-02-19,B+,1,5,2,468,0.24
2022-02-19,B-,0,5,2,468,0.01
2022-02-19,O+,1,5,2,468,0.8
2022-02-19,O-,0,5,2,468,0.09
2022-02-20,A+,0,6,2,469,0.09
2022-02-20,A-,0,6,2,469,0.01
2022-02-20,AB+,0,6,2,469,0.09
2022-02-20,AB-,0,6,2,469,0.01
2022-02-20,B+,1,6,2,469,0.25
2022-02-20,B-,0,6,2,469,0.01
2022-02-20,O+,0,6,2,469,0.79
2022-02-20,O-,0,6,2,469,0.09
2022-02-21,A+,0,0,2,470,0.09
2022-02-21,A-,0,0,2,470,0.01
2022-02-21,AB+,0,0,2,470,0.09
2022-02-21,AB-,0,0,2,470,0.0
2022-02-21,B+,0,0,2,470,0.24
2022-02-21,B-,0,0,2,470,0.0
2022-02-21,O+,0,0,2,470,0.55
2022-02-21,O-,0,0,2,470,0.08
2022-02-22,A+,1,1,2,471,0.16
2022-02-22,A-,0,1,2,471,0.01
2022-02-22,AB+,0,1,2,471,0.01
2022-02-22,AB-,0,1,2,471,0.01
2022-02-22,B+,1,1,2,471,0.33
2022-02-22,B-,0,1,2,471,0.01
2022-02-22,O+,2,1,2,471,0.66
2022-02-22,O-,0,1,2,471,0.1
2022-02-23,A+,0,2,2,472,0.18
2022-02-23,A-,0,2,2,472,0.02
2022-02-23,AB+,0,2,2,472,0.02
2022-02-23,AB-,0,2,2,472,0.01
2022-02-23,B+,0,2,2,472,0.33
2022-02-23,B-,0,2,2,472,0.0
2022-02-23,O+,0,2,2,472,0.63
2022-02-23,O-,0,2,2,472,0.08
2022-02-24,A+,0,3,2,473,0.16
2022-02-24,A-,0,3,2,473,0.0
2022-02-24,AB+,0,3,2,473,0.0
2022-02-24,AB-,0,3,2,473,0.0
2022-02-24,B+,0,3,2,473,0.31
2022-02-24,B-,0,3,2,473,0.0
2022-02-24,O+,0,3,2,473,0.55
2022-02-24,O-,0,3,2,473,0.08
2022-02-25,A+,0,4,2,474,0.16
2022-02-25,A-,0,4,2,474,0.0
2022-02-25,AB+,0,4,2,474,0.0
2022-02-25,AB-,0,4,2,474,0.0
2022-02-25,B+,0,4,2,474,0.31
2022-02-25,B-,0,4,2,474,0.0
2022-02-25,O+,3,4,2,474,0.81
2022-02-25,O-,0,4,2,474,0.1
2022-02-26,A+,0,5,2,475,0.18
2022-02-26,A-,0,5,2,475,0.02
2022-02-26,AB+,0,5,2,475,0.02
2022-02-26,AB-,0,5,2,475,0.02
2022-02-26,B+,0,5,2,475,0.34
2022-02-26,B-,0,5,2,475,0.0
2022-02-26,O+,0,5,2,475,0.79
2022-02-26,O-,0,5,2,475,0.08
2022-02-27,A+,0,6,2,476,0.16
2022-02-27,A-,0,6,2,476,0.0
2022-02-27,AB+,0,6,2,476,0.0
2022-02-27,AB-,0,6,2,476,0.0
2022-02-27,B+,0,6,2,476,0.31
2022-02-27,B-,0,6,2,476,0.0
2022-02-27,O+,2,6,2,476,0.88
2022-02-27,O-,0,6,2,476,0.09
2022-02-28,A+,0,0,2,477,0.17
2022-02-28,A-,0,0,2,477,0.01
2022-02-28,AB+,0,0,2,477,0.01
2022-02-28,AB-,0,0,2,477,0.01
2022-02-28,B+,0,0,2,477,0.33
2022-02-28,B-,0,0,2,477,0.0
2022-02-28,O+,0,0,2,477,0.86
2022-02-28,O-,0,0,2,477,0.0
2022-03-01,A+,0,1,3,478,0.16
2022-03-01,A-,0,1,3,478,0.0
2022-03-01,AB+,1,1,3,478,0.09
2022-03-01,AB-,0,1,3,478,0.01
2022-03-01,B+,0,1,3,478,0.32
2022-03-01,B-,0,1,3,478,0.01
2022-03-01,O+,0,1,3,478,0.87
2022-03-01,O-,0,1,3,478,0.01
2022-03-02,A+,0,2,3,479,0.16
2022-03-02,A-,0,2,3,479,0.0
2022-03-02,AB+,0,2,3,479,0.08
2022-03-02,AB-,0,2,3,479,0.0
2022-03-02,B+,0,2,3,479,0.24
2022-03-02,B-,0,2,3,479,0.0
2022-03-02,O+,0,2,3,479,0.86
2022-03-02,O-,0,2,3,479,0.0
2022-03-03,A+,0,3,3,480,0.16
2022-03-03,A-,0,3,3,480,0.0
2022-03-03,AB+,0,3,3,480,0.08
2022-03-03,AB-,0,3,3,480,0.0
2022-03-03,B+,1,3,3,480,0.32
2022-03-03,B-,0,3,3,480,0.01
2022-03-03,O+,1,3,3,480,0.72
2022-03-03,O-,0,3,3,480,0.01
2022-03-04,A+,0,4,3,481,0.09
2022-03-04,A-,0,4,3,481,0.01
2022-03-04,AB+,0,4,3,481,0.09
2022-03-04,AB-,0,4,3,481,0.01
2022-03-04,B+,0,4,3,481,0.32
2022-03-04,B-,0,4,3,481,0.0
2022-03-04,O+,0,4,3,481,0.71
2022-03-04,O-,0,4,3,481,0.0
2022-03-05,A+,0,5,3,482,0.08
2022-03-05,A-,0,5,3,482,0.0
2022-03-05,AB+,0,5,3,482,0.08
2022-03-05,AB-,0,5,3,482,0.0
2022-03-05,B+,0,5,3,482,0.24
2022-03-05,B-,0,5,3,482,0.0
2022-03-05,O+,1,5,3,482,0.71
2022-03-05,O-,0,5,3,482,0.01
2022-03-06,A+,0,6,3,483,0.09
2022-03-06,A-,0,6,3,483,0.01
2022-03-06,AB+,0,6,3,483,0.09
2022-03-06,AB-,0,6,3,483,0.01
2022-03-06,B+,0,6,3,483,0.16
2022-03-06,B-,0,6,3,483,0.0
2022-03-06,O+,0,6,3,483,0.71
2022-03-06,O-,0,6,3,483,0.0
2022-03-07,A+,0,0,3,484,0.08
2022-03-07,A-,0,0,3,484,0.0
2022-03-07,AB+,0,0,3,484,0.08
2022-03-07,AB-,0,0,3,484,0.0
2022-03-07,B+,0,0,3,484,0.16
2022-03-07,B-,0,0,3,484,0.0
2022-03-07,O+,0,0,3,484,0.71
2022-03-07,O-,0,0,3,484,0.0
2022-03-08,A+,0,1,3,485,0.0
2022-03-08,A-,0,1,3,485,0.0
2022-03-08,AB+,0,1,3,485,0.08
2022-03-08,AB-,0,1,3,485,0.0
2022-03-08,B+,0,1,3,485,0.08
2022-03-08,B-,0,1,3,485,0.0
2022-03-08,O+,0,1,3,485,0.55
2022-03-08,O-,0,1,3,485,0.0
2022-03-09,A+,0,2,3,486,0.0
2022-03-09,A-,0,2,3,486,0.0
2022-03-09,AB+,0,2,3,486,0.08
2022-03-09,AB-,0,2,3,486,0.0
2022-03-09,B+,0,2,3,486,0.08
2022-03-09,B-,0,2,3,486,0.0
2022-03-09,O+,0,2,3,486,0.55
2022-03-09,O-,0,2,3,486,0.0
2022-03-10,A+,0,3,3,487,0.0
2022-03-10,A-,0,3,3,487,0.0
2022-03-10,AB+,0,3,3,487,0.08
2022-03-10,AB-,1,3,3,487,0.09
2022-03-10,B+,0,3,3,487,0.09
2022-03-10,B-,0,3,3,487,0.01
2022-03-10,O+,0,3,3,487,0.56
2022-03-10,O-,0,3,3,487,0.01
2022-03-11,A+,0,4,3,488,0.01
2022-03-11,A-,0,4,3,488,0.01
2022-03-11,AB+,0,4,3,488,0.08
2022-03-11,AB-,0,4,3,488,0.08
2022-03-11,B+,0,4,3,488,0.08
2022-03-11,B-,0,4,3,488,0.0
2022-03-11,O+,0,4,3,488,0.31
2022-03-11,O-,0,4,3,488,0.0
2022-03-12,A+,0,5,3,489,0.0
2022-03-12,A-,0,5,3,489,0.0
2022-03-12,AB+,0,5,3,489,0.08
2022-03-12,AB-,0,5,3,489,0.08
2022-03-12,B+,1,5,3,489,0.16
2022-03-12,B-,0,5,3,489,0.01
2022-03-12,O+,1,5,3,489,0.41
2022-03-12,O-,0,5,3,489,0.01
2022-03-13,A+,0,6,3,490,0.01
2022-03-13,A-,1,6,3,490,0.1
2022-03-13,AB+,0,6,3,490,0.1
2022-03-13,AB-,0,6,3,490,0.09
2022-03-13,B+,1,6,3,490,0.26
2022-03-13,B-,0,6,3,490,0.01
2022-03-13,O+,0,6,3,490,0.25
2022-03-13,O-,0,6,3,490,0.01
2022-03-14,A+,0,0,3,491,0.01
2022-03-14,A-,0,0,3,491,0.09
2022-03-14,AB+,0,0,3,491,0.09
2022-03-14,AB-,0,0,3,491,0.08
2022-03-14,B+,1,0,3,491,0.32
2022-03-14,B-,0,0,3,491,0.01
2022-03-14,O+,1,0,3,491,0.33
2022-03-14,O-,0,0,3,491,0.01
2022-03-15,A+,0,1,3,492,0.01
2022-03-15,A-,0,1,3,492,0.09
2022-03-15,AB+,0,1,3,492,0.01
2022-03-15,AB-,0,1,3,492,0.09
2022-03-15,B+,0,1,3,492,0.32
2022-03-15,B-,0,1,3,492,0.0
2022-03-15,O+,0,1,3,492,0.31
2022-03-15,O-,0,1,3,492,0.0
2022-03-16,A+,0,2,3,493,0.0
2022-03-16,A-,0,2,3,493,0.08
2022-03-16,AB+,0,2,3,493,0.0
2022-03-16,AB-,0,2,3,493,0.08
2022-03-16,B+,0,2,3,493,0.31
2022-03-16,B-,0,2,3,493,0.0
2022-03-16,O+,0,2,3,493,0.31
2022-03-16,O-,0,2,3,493,0.0
2022-03-17,A+,0,3,3,494,0.0
2022-03-17,A-,0,3,3,494,0.08
2022-03-17,AB+,0,3,3,494,0.0
2022-03-17,AB-,0,3,3,494,0.08
2022-03-17,B+,0,3,3,494,0.24
2022-03-17,B-,0,3,3,494,0.0
2022-03-17,O+,0,3,3,494,0.24
2022-03-17,O-,0,3,3,494,0.0
2022-03-18,A+,0,4,3,495,0.0
2022-03-18,A-,0,4,3,495,0.08
2022-03-18,AB+,0,4,3,495,0.0
2022-03-18,AB-,0,4,3,495,0.08
2022-03-18,B+,0,4,3,495,0.24
2022-03-18,B-,0,4,3,495,0.0
2022-03-18,O+,0,4,3,495,0.24
2022-03-18,O-,1,4,3,495,0.09
2022-03-19,A+,2,5,3,496,0.18
2022-03-19,A-,0,5,3,496,0.1
2022-03-19,AB+,0,5,3,496,0.02
2022-03-19,AB-,0,5,3,496,0.1
2022-03-19,B+,0,5,3,496,0.26
2022-03-19,B-,1,5,3,496,0.11
2022-03-19,O+,0,5,3,496,0.18
2022-03-19,O-,0,5,3,496,0.09
2022-03-20,A+,0,6,3,497,0.16
2022-03-20,A-,0,6,3,497,0.09
2022-03-20,AB+,0,6,3,497,0.01
2022-03-20,AB-,0,6,3,497,0.09
2022-03-20,B+,0,6,3,497,0.24
2022-03-20,B-,0,6,3,497,0.08
2022-03-20,O+,0,6,3,497,0.16
2022-03-20,O-,0,6,3,497,0.08
2022-03-21,A+,0,0,3,498,0.16
2022-03-21,A-,0,0,3,498,0.08
2022-03-21,AB+,0,0,3,498,0.0
2022-03-21,AB-,0,0,3,498,0.08
2022-03-21,B+,0,0,3,498,0.24
2022-03-21,B-,0,0,3,498,0.08
2022-03-21,O+,1,0,3,498,0.24
2022-03-21,O-,0,0,3,498,0.09
2022-03-22,A+,0,1,3,499,0.16
2022-03-22,A-,0,1,3,499,0.09
2022-03-22,AB+,0,1,3,499,0.01
2022-03-22,AB-,0,1,3,499,0.09
2022-03-22,B+,1,1,3,499,0.33
2022-03-22,B-,0,1,3,499,0.09
2022-03-22,O+,0,1,3,499,0.24
2022-03-22,O-,1,1,3,499,0.17
2022-03-23,A+,0,2,3,500,0.17
2022-03-23,A-,0,2,3,500,0.09
2022-03-23,AB+,0,2,3,500,0.01
2022-03-23,AB-,0,2,3,500,0.09
2022-03-23,B+,0,2,3,500,0.32
2022-03-23,B-,0,2,3,500,0.09
2022-03-23,O+,0,2,3,500,0.24
2022-03-23,O-,0,2,3,500,0.16
2022-03-24,A+,0,3,3,501,0.16
2022-03-24,A-,0,3,3,501,0.08
2022-03-24,AB+,0,3,3,501,0.0
2022-03-24,AB-,0,3,3,501,0.0
2022-03-24,B+,0,3,3,501,0.31
2022-03-24,B-,0,3,3,501,0.08
2022-03-24,O+,0,3,3,501,0.24
2022-03-24,O-,0,3,3,501,0.16
2022-03-25,A+,0,4,3,502,0.16
2022-03-25,A-,0,4,3,502,0.08
2022-03-25,AB+,0,4,3,502,0.0
2022-03-25,AB-,0,4,3,502,0.0
2022-03-25,B+,0,4,3,502,0.31
2022-03-25,B-,0,4,3,502,0.08
2022-03-25,O+,1,4,3,502,0.32
2022-03-25,O-,0,4,3,502,0.16
2022-03-26,A+,2,5,3,503,0.34
2022-03-26,A-,0,5,3,503,0.1
2022-03-26,AB+,0,5,3,503,0.02
2022-03-26,AB-,0,5,3,503,0.02
2022-03-26,B+,0,5,3,503,0.26
2022-03-26,B-,0,5,3,503,0.09
2022-03-26,O+,1,5,3,503,0.34
2022-03-26,O-,0,5,3,503,0.16
2022-03-27,A+,0,6,3,504,0.32
2022-03-27,A-,0,6,3,504,0.01
2022-03-27,AB+,1,6,3,504,0.09
2022-03-27,AB-,0,6,3,504,0.01
2022-03-27,B+,0,6,3,504,0.17
2022-03-27,B-,0,6,3,504,0.09
2022-03-27,O+,0,6,3,504,0.32
2022-03-27,O-,0,6,3,504,0.16
2022-03-28,A+,0,0,3,505,0.32
2022-03-28,A-,0,0,3,505,0.0
2022-03-28,AB+,0,0,3,505,0.08
2022-03-28,AB-,0,0,3,505,0.0
2022-03-28,B+,0,0,3,505,0.08
2022-03-28,B-,0,0,3,505,0.08
2022-03-28,O+,1,0,3,505,0.32
2022-03-28,O-,0,0,3,505,0.16
2022-03-29,A+,0,1,3,506,0.32
2022-03-29,A-,0,1,3,506,0.01
2022-03-29,AB+,0,1,3,506,0.09
2022-03-29,AB-,0,1,3,506,0.01
2022-03-29,B+,0,1,3,506,0.09
2022-03-29,B-,0,1,3,506,0.08
2022-03-29,O+,0,1,3,506,0.31
2022-03-29,O-,0,1,3,506,0.16
2022-03-30,A+,0,2,3,507,0.31
2022-03-30,A-,0,2,3,507,0.0
2022-03-30,AB+,0,2,3,507,0.08
2022-03-30,AB-,0,2,3,507,0.0
2022-03-30,B+,0,2,3,507,0.08
2022-03-30,B-,0,2,3,507,0.08
2022-03-30,O+,0,2,3,507,0.31
2022-03-30,O-,0,2,3,507,0.16
2022-03-31,A+,0,3,3,508,0.31
2022-03-31,A-,0,3,3,508,0.0
2022-03-31,AB+,0,3,3,508,0.08
2022-03-31,AB-,0,3,3,508,0.0
2022-03-31,B+,1,3,3,508,0.16
2022-03-31,B-,0,3,3,508,0.09
2022-03-31,O+,0,3,3,508,0.32
2022-03-31,O-,0,3,3,508,0.16
2022-04-01,A+,0,4,4,509,0.32
2022-04-01,A-,0,4,4,509,0.01
2022-04-01,AB+,0,4,4,509,0.09
2022-04-01,AB-,0,4,4,509,0.0
2022-04-01,B+,0,4,4,509,0.16
2022-04-01,B-,0,4,4,509,0.08
2022-04-01,O+,1,4,4,509,0.4
2022-04-01,O-,0,4,4,509,0.09
2022-04-02,A+,0,5,4,510,0.16
2022-04-02,A-,0,5,4,510,0.01
2022-04-02,AB+,0,5,4,510,0.09
2022-04-02,AB-,0,5,4,510,0.01
2022-04-02,B+,0,5,4,510,0.16
2022-04-02,B-,0,5,4,510,0.0
2022-04-02,O+,2,5,4,510,0.56
2022-04-02,O-,0,5,4,510,0.09
2022-04-03,A+,1,6,4,511,0.26
2022-04-03,A-,0,6,4,511,0.02
2022-04-03,AB+,0,6,4,511,0.1
2022-04-03,AB-,0,6,4,511,0.02
2022-04-03,B+,0,6,4,511,0.18
2022-04-03,B-,0,6,4,511,0.01
2022-04-03,O+,0,6,4,511,0.56
2022-04-03,O-,0,6,4,511,0.08
2022-04-04,A+,0,0,4,512,0.24
2022-04-04,A-,0,0,4,512,0.0
2022-04-04,AB+,0,0,4,512,0.08
2022-04-04,AB-,0,0,4,512,0.0
2022-04-04,B+,1,0,4,512,0.24
2022-04-04,B-,0,0,4,512,0.01
2022-04-04,O+,0,0,4,512,0.48
2022-04-04,O-,0,0,4,512,0.09
2022-04-05,A+,0,1,4,513,0.24
2022-04-05,A-,0,1,4,513,0.01
2022-04-05,AB+,0,1,4,513,0.09
2022-04-05,AB-,0,1,4,513,0.0
2022-04-05,B+,0,1,4,513,0.16
2022-04-05,B-,0,1,4,513,0.0
2022-04-05,O+,1,1,4,513,0.56
2022-04-05,O-,0,1,4,513,0.01
2022-04-06,A+,1,2,4,514,0.33
2022-04-06,A-,0,2,4,514,0.01
2022-04-06,AB+,0,2,4,514,0.09
2022-04-06,AB-,0,2,4,514,0.01
2022-04-06,B+,0,2,4,514,0.17
2022-04-06,B-,0,2,4,514,0.01
2022-04-06,O+,0,2,4,514,0.56
2022-04-06,O-,0,2,4,514,0.0
2022-04-07,A+,0,3,4,515,0.31
2022-04-07,A-,0,3,4,515,0.0
2022-04-07,AB+,0,3,4,515,0.08
2022-04-07,AB-,0,3,4,515,0.0
2022-04-07,B+,0,3,4,515,0.16
2022-04-07,B-,0,3,4,515,0.0
2022-04-07,O+,0,3,4,515,0.55
2022-04-07,O-,0,3,4,515,0.0
2022-04-08,A+,0,4,4,516,0.31
2022-04-08,A-,0,4,4,516,0.0
2022-04-08,AB+,1,4,4,516,0.16
2022-04-08,AB-,0,4,4,516,0.01
2022-04-08,B+,0,4,4,516,0.16
2022-04-08,B-,0,4,4,516,0.01
2022-04-08,O+,0,4,4,516,0.48
2022-04-08,O-,1,4,4,516,0.09
2022-04-09,A+,0,5,4,517,0.17
2022-04-09,A-,0,5,4,517,0.01
2022-04-09,AB+,1,5,4,517,0.25
2022-04-09,AB-,0,5,4,517,0.01
2022-04-09,B+,0,5,4,517,0.17
2022-04-09,B-,0,5,4,517,0.01
2022-04-09,O+,0,5,4,517,0.4
2022-04-09,O-,0,5,4,517,0.09
2022-04-10,A+,0,6,4,518,0.16
2022-04-10,A-,0,6,4,518,0.0
2022-04-10,AB+,0,6,4,518,0.16
2022-04-10,AB-,0,6,4,518,0.0
2022-04-10,B+,0,6,4,518,0.16
2022-04-10,B-,0,6,4,518,0.0
2022-04-10,O+,0,6,4,518,0.39
2022-04-10,O-,0,6,4,518,0.08
2022-04-11,A+,1,0,4,519,0.24
2022-04-11,A-,1,0,4,519,0.09
2022-04-11,AB+,0,0,4,519,0.17
2022-04-11,AB-,0,0,4,519,0.01
2022-04-11,B+,0,0,4,519,0.17
2022-04-11,B-,0,0,4,519,0.01
2022-04-11,O+,1,0,4,519,0.41
2022-04-11,O-,0,0,4,519,0.09
2022-04-12,A+,0,1,4,520,0.24
2022-04-12,A-,0,1,4,520,0.09
2022-04-12,AB+,0,1,4,520,0.16
2022-04-12,AB-,0,1,4,520,0.01
2022-04-12,B+,0,1,4,520,0.16
2022-04-12,B-,0,1,4,520,0.0
2022-04-12,O+,0,1,4,520,0.39
2022-04-12,O-,0,1,4,520,0.08
2022-04-13,A+,0,2,4,521,0.24
2022-04-13,A-,0,2,4,521,0.08
2022-04-13,AB+,0,2,4,521,0.16
2022-04-13,AB-,0,2,4,521,0.0
2022-04-13,B+,0,2,4,521,0.16
2022-04-13,B-,0,2,4,521,0.0
2022-04-13,O+,1,2,4,521,0.48
2022-04-13,O-,0,2,4,521,0.09
2022-04-14,A+,0,3,4,522,0.24
2022-04-14,A-,0,3,4,522,0.09
2022-04-14,AB+,0,3,4,522,0.16
2022-04-14,AB-,0,3,4,522,0.01
2022-04-14,B+,1,3,4,522,0.17
2022-04-14,B-,0,3,4,522,0.01
2022-04-14,O+,0,3,4,522,0.48
2022-04-14,O-,0,3,4,522,0.09
2022-04-15,A+,0,4,4,523,0.24
2022-04-15,A-,1,4,4,523,0.17
2022-04-15,AB+,0,4,4,523,0.17
2022-04-15,AB-,0,4,4,523,0.01
2022-04-15,B+,0,4,4,523,0.16
2022-04-15,B-,0,4,4,523,0.01
2022-04-15,O+,0,4,4,523,0.4
2022-04-15,O-,0,4,4,523,0.09
2022-04-16,A+,0,5,4,524,0.24
2022-04-16,A-,0,5,4,524,0.16
2022-04-16,AB+,0,5,4,524,0.16
2022-04-16,AB-,0,5,4,524,0.0
2022-04-16,B+,0,5,4,524,0.16
2022-04-16,B-,0,5,4,524,0.0
2022-04-16,O+,0,5,4,524,0.24
2022-04-16,O-,0,5,4,524,0.08
2022-04-17,A+,0,6,4,525,0.16
2022-04-17,A-,0,6,4,525,0.16
2022-04-17,AB+,0,6,4,525,0.16
2022-04-17,AB-,0,6,4,525,0.0
2022-04-17,B+,1,6,4,525,0.24
2022-04-17,B-,0,6,4,525,0.01
2022-04-17,O+,1,6,4,525,0.33
2022-04-17,O-,0,6,4,525,0.09
2022-04-18,A+,0,0,4,526,0.17
2022-04-18,A-,0,0,4,526,0.17
2022-04-18,AB+,0,0,4,526,0.17
2022-04-18,AB-,0,0,4,526,0.01
2022-04-18,B+,1,0,4,526,0.25
2022-04-18,B-,0,0,4,526,0.01
2022-04-18,O+,2,0,4,526,0.49
2022-04-18,O-,0,0,4,526,0.1
2022-04-19,A+,0,1,4,527,0.18
2022-04-19,A-,0,1,4,527,0.18
2022-04-19,AB+,0,1,4,527,0.18
2022-04-19,AB-,0,1,4,527,0.01
2022-04-19,B+,0,1,4,527,0.25
2022-04-19,B-,0,1,4,527,0.0
2022-04-19,O+,1,1,4,527,0.48
2022-04-19,O-,0,1,4,527,0.09
2022-04-20,A+,0,2,4,528,0.09
2022-04-20,A-,0,2,4,528,0.16
2022-04-20,AB+,0,2,4,528,0.16
2022-04-20,AB-,0,2,4,528,0.01
2022-04-20,B+,0,2,4,528,0.24
2022-04-20,B-,0,2,4,528,0.0
2022-04-20,O+,0,2,4,528,0.47
2022-04-20,O-,0,2,4,528,0.08
2022-04-21,A+,0,3,4,529,0.08
2022-04-21,A-,0,3,4,529,0.16
2022-04-21,AB+,1,3,4,529,0.24
2022-04-21,AB-,0,3,4,529,0.01
2022-04-21,B+,0,3,4,529,0.24
2022-04-21,B-,0,3,4,529,0.01
2022-04-21,O+,1,3,4,529,0.56
2022-04-21,O-,0,3,4,529,0.09
2022-04-22,A+,0,4,4,530,0.09
2022-04-22,A-,0,4,4,530,0.16
2022-04-22,AB+,0,4,4,530,0.16
2022-04-22,AB-,0,4,4,530,0.01
2022-04-22,B+,0,4,4,530,0.24
2022-04-22,B-,0,4,4,530,0.0
2022-04-22,O+,0,4,4,530,0.55
2022-04-22,O-,0,4,4,530,0.0
2022-04-23,A+,0,5,4,531,0.08
2022-04-23,A-,0,5,4,531,0.16
2022-04-23,AB+,0,5,4,531,0.08
2022-04-23,AB-,0,5,4,531,0.0
2022-04-23,B+,0,5,4,531,0.24
2022-04-23,B-,0,5,4,531,0.0
2022-04-23,O+,0,5,4,531,0.55
2022-04-23,O-,0,5,4,531,0.0
2022-04-24,A+,0,6,4,532,0.08
2022-04-24,A-,0,6,4,532,0.16
2022-04-24,AB+,0,6,4,532,0.08
2022-04-24,AB-,0,6,4,532,0.0
2022-04-24,B+,0,6,4,532,0.24
2022-04-24,B-,0,6,4,532,0.0
2022-04-24,O+,0,6,4,532,0.55
2022-04-24,O-,0,6,4,532,0.0
2022-04-25,A+,1,0,4,533,0.09
2022-04-25,A-,0,0,4,533,0.09
2022-04-25,AB+,0,0,4,533,0.09
2022-04-25,AB-,0,0,4,533,0.01
2022-04-25,B+,0,0,4,533,0.24
2022-04-25,B-,0,0,4,533,0.01
2022-04-25,O+,0,0,4,533,0.48
2022-04-25,O-,0,0,4,533,0.0
2022-04-26,A+,1,1,4,534,0.16
2022-04-26,A-,0,1,4,534,0.09
2022-04-26,AB+,1,1,4,534,0.17
2022-04-26,AB-,0,1,4,534,0.01
2022-04-26,B+,0,1,4,534,0.25
2022-04-26,B-,0,1,4,534,0.01
2022-04-26,O+,0,1,4,534,0.49
2022-04-26,O-,0,1,4,534,0.01
2022-04-27,A+,0,2,4,535,0.16
2022-04-27,A-,0,2,4,535,0.08
2022-04-27,AB+,0,2,4,535,0.16
2022-04-27,AB-,0,2,4,535,0.0
2022-04-27,B+,0,2,4,535,0.24
2022-04-27,B-,1,2,4,535,0.09
2022-04-27,O+,0,2,4,535,0.4
2022-04-27,O-,0,2,4,535,0.01
2022-04-28,A+,0,3,4,536,0.16
2022-04-28,A-,0,3,4,536,0.09
2022-04-28,AB+,0,3,4,536,0.16
2022-04-28,AB-,0,3,4,536,0.01
2022-04-28,B+,1,3,4,536,0.24
2022-04-28,B-,0,3,4,536,0.09
2022-04-28,O+,0,3,4,536,0.4
2022-04-28,O-,1,3,4,536,0.09
2022-04-29,A+,1,4,4,537,0.26
2022-04-29,A-,1,4,4,537,0.11
2022-04-29,AB+,0,4,4,537,0.19
2022-04-29,AB-,0,4,4,537,0.02
2022-04-29,B+,1,4,4,537,0.34
2022-04-29,B-,0,4,4,537,0.11
2022-04-29,O+,0,4,4,537,0.41
2022-04-29,O-,0,4,4,537,0.09
2022-04-30,A+,0,5,4,538,0.24
2022-04-30,A-,0,5,4,538,0.09
2022-04-30,AB+,0,5,4,538,0.16
2022-04-30,AB-,0,5,4,538,0.0
2022-04-30,B+,0,5,4,538,0.31
2022-04-30,B-,0,5,4,538,0.08
2022-04-30,O+,0,5,4,538,0.39
2022-04-30,O-,0,5,4,538,0.08
2022-05-01,A+,0,6,5,539,0.24
2022-05-01,A-,0,6,5,539,0.08
2022-05-01,AB+,0,6,5,539,0.16
2022-05-01,AB-,0,6,5,539,0.0
2022-05-01,B+,1,6,5,539,0.32
2022-05-01,B-,0,6,5,539,0.09
2022-05-01,O+,1,6,5,539,0.41
2022-05-01,O-,0,6,5,539,0.09
2022-05-02,A+,0,0,5,540,0.25
2022-05-02,A-,0,0,5,540,0.09
2022-05-02,AB+,0,0,5,540,0.17
2022-05-02,AB-,0,0,5,540,0.01
2022-05-02,B+,1,0,5,540,0.33
2022-05-02,B-,0,0,5,540,0.09
2022-05-02,O+,0,0,5,540,0.24
2022-05-02,O-,0,0,5,540,0.09
2022-05-03,A+,0,1,5,541,0.24
2022-05-03,A-,0,1,5,541,0.09
2022-05-03,AB+,0,1,5,541,0.16
2022-05-03,AB-,0,1,5,541,0.0
2022-05-03,B+,0,1,5,541,0.31
2022-05-03,B-,0,1,5,541,0.08
2022-05-03,O+,2,1,5,541,0.33
2022-05-03,O-,0,1,5,541,0.09
2022-05-04,A+,0,2,5,542,0.25
2022-05-04,A-,0,2,5,542,0.09
2022-05-04,AB+,0,2,5,542,0.17
2022-05-04,AB-,0,2,5,542,0.01
2022-05-04,B+,0,2,5,542,0.33
2022-05-04,B-,0,2,5,542,0.08
2022-05-04,O+,0,2,5,542,0.31
2022-05-04,O-,0,2,5,542,0.08
2022-05-05,A+,0,3,5,543,0.24
2022-05-05,A-,0,3,5,543,0.08
2022-05-05,AB+,0,3,5,543,0.08
2022-05-05,AB-,0,3,5,543,0.0
2022-05-05,B+,0,3,5,543,0.31
2022-05-05,B-,0,3,5,543,0.08
2022-05-05,O+,0,3,5,543,0.24
2022-05-05,O-,0,3,5,543,0.08
2022-05-06,A+,0,4,5,544,0.24
2022-05-06,A-,0,4,5,544,0.08
2022-05-06,AB+,0,4,5,544,0.08
2022-05-06,AB-,0,4,5,544,0.0
2022-05-06,B+,0,4,5,544,0.31
2022-05-06,B-,0,4,5,544,0.08
2022-05-06,O+,0,4,5,544,0.24
2022-05-06,O-,0,4,5,544,0.08
2022-05-07,A+,0,5,5,545,0.24
2022-05-07,A-,1,5,5,545,0.16
2022-05-07,AB+,0,5,5,545,0.09
2022-05-07,AB-,0,5,5,545,0.01
2022-05-07,B+,0,5,5,545,0.32
2022-05-07,B-,0,5,5,545,0.09
2022-05-07,O+,0,5,5,545,0.24
2022-05-07,O-,0,5,5,545,0.09
2022-05-08,A+,0,6,5,546,0.24
2022-05-08,A-,0,6,5,546,0.16
2022-05-08,AB+,0,6,5,546,0.08
2022-05-08,AB-,0,6,5,546,0.0
2022-05-08,B+,0,6,5,546,0.31
2022-05-08,B-,0,6,5,546,0.08
2022-05-08,O+,0,6,5,546,0.24
2022-05-08,O-,0,6,5,546,0.08
2022-05-09,A+,0,0,5,547,0.16
2022-05-09,A-,0,0,5,547,0.16
2022-05-09,AB+,0,0,5,547,0.08
2022-05-09,AB-,0,0,5,547,0.0
2022-05-09,B+,0,0,5,547,0.31
2022-05-09,B-,0,0,5,547,0.08
2022-05-09,O+,0,0,5,547,0.24
2022-05-09,O-,0,0,5,547,0.08
2022-05-10,A+,0,1,5,548,0.08
2022-05-10,A-,0,1,5,548,0.16
2022-05-10,AB+,0,1,5,548,0.0
2022-05-10,AB-,0,1,5,548,0.0
2022-05-10,B+,0,1,5,548,0.31
2022-05-10,B-,0,1,5,548,0.08
2022-05-10,O+,1,1,5,548,0.32
2022-05-10,O-,0,1,5,548,0.09
2022-05-11,A+,0,2,5,549,0.09
2022-05-11,A-,0,2,5,549,0.16
2022-05-11,AB+,0,2,5,549,0.01
2022-05-11,AB-,0,2,5,549,0.01
2022-05-11,B+,0,2,5,549,0.32
2022-05-11,B-,0,2,5,549,0.0
2022-05-11,O+,1,2,5,549,0.4
2022-05-11,O-,0,2,5,549,0.09
2022-05-12,A+,0,3,5,550,0.09
2022-05-12,A-,0,3,5,550,0.16
2022-05-12,AB+,1,3,5,550,0.09
2022-05-12,AB-,0,3,5,550,0.01
2022-05-12,B+,1,3,5,550,0.34
2022-05-12,B-,0,3,5,550,0.01
2022-05-12,O+,1,3,5,550,0.49
2022-05-12,O-,0,3,5,550,0.02
2022-05-13,A+,0,4,5,551,0.02
2022-05-13,A-,0,4,5,551,0.09
2022-05-13,AB+,0,4,5,551,0.09
2022-05-13,AB-,0,4,5,551,0.01
2022-05-13,B+,1,4,5,551,0.33
2022-05-13,B-,0,4,5,551,0.01
2022-05-13,O+,1,4,5,551,0.56
2022-05-13,O-,0,4,5,551,0.01
2022-05-14,A+,0,5,5,552,0.01
2022-05-14,A-,0,5,5,552,0.09
2022-05-14,AB+,0,5,5,552,0.09
2022-05-14,AB-,0,5,5,552,0.01
2022-05-14,B+,0,5,5,552,0.32
2022-05-14,B-,0,5,5,552,0.0
2022-05-14,O+,0,5,5,552,0.55
2022-05-14,O-,0,5,5,552,0.0
2022-05-15,A+,0,6,5,553,0.0
2022-05-15,A-,0,6,5,553,0.08
2022-05-15,AB+,0,6,5,553,0.08
2022-05-15,AB-,0,6,5,553,0.0
2022-05-15,B+,0,6,5,553,0.24
2022-05-15,B-,0,6,5,553,0.0
2022-05-15,O+,1,6,5,553,0.56
2022-05-15,O-,0,6,5,553,0.01
2022-05-16,A+,0,0,5,554,0.01
2022-05-16,A-,0,0,5,554,0.09
2022-05-16,AB+,0,0,5,554,0.09
2022-05-16,AB-,0,0,5,554,0.01
2022-05-16,B+,0,0,5,554,0.16
2022-05-16,B-,0,0,5,554,0.0
2022-05-16,O+,1,0,5,554,0.64
2022-05-16,O-,0,0,5,554,0.01
2022-05-17,A+,0,1,5,555,0.01
2022-05-17,A-,0,1,5,555,0.09
2022-05-17,AB+,0,1,5,555,0.09
2022-05-17,AB-,0,1,5,555,0.01
2022-05-17,B+,0,1,5,555,0.16
2022-05-17,B-,0,1,5,555,0.0
2022-05-17,O+,0,1,5,555,0.47
2022-05-17,O-,0,1,5,555,0.0
2022-05-18,A+,0,2,5,556,0.0
2022-05-18,A-,0,2,5,556,0.08
2022-05-18,AB+,0,2,5,556,0.08
2022-05-18,AB-,0,2,5,556,0.0
2022-05-18,B+,1,2,5,556,0.24
2022-05-18,B-,0,2,5,556,0.01
2022-05-18,O+,1,2,5,556,0.56
2022-05-18,O-,0,2,5,556,0.01
2022-05-19,A+,0,3,5,557,0.01
2022-05-19,A-,0,3,5,557,0.09
2022-05-19,AB+,0,3,5,557,0.09
2022-05-19,AB-,0,3,5,557,0.01
2022-05-19,B+,0,3,5,557,0.24
2022-05-19,B-,0,3,5,557,0.0
2022-05-19,O+,0,3,5,557,0.55
2022-05-19,O-,0,3,5,557,0.0
2022-05-20,A+,0,4,5,558,0.0
2022-05-20,A-,0,4,5,558,0.08
2022-05-20,AB+,0,4,5,558,0.08
2022-05-20,AB-,0,4,5,558,0.0
2022-05-20,B+,1,4,5,558,0.32
2022-05-20,B-,0,4,5,558,0.01
2022-05-20,O+,0,4,5,558,0.56
2022-05-20,O-,0,4,5,558,0.01
2022-05-21,A+,0,5,5,559,0.01
2022-05-21,A-,0,5,5,559,0.01
2022-05-21,AB+,0,5,5,559,0.09
2022-05-21,AB-,0,5,5,559,0.0
2022-05-21,B+,0,5,5,559,0.31
2022-05-21,B-,0,5,5,559,0.0
2022-05-21,O+,1,5,5,559,0.64
2022-05-21,O-,0,5,5,559,0.01
2022-05-22,A+,0,6,5,560,0.01
2022-05-22,A-,0,6,5,560,0.01
2022-05-22,AB+,0,6,5,560,0.09
2022-05-22,AB-,0,6,5,560,0.01
2022-05-22,B+,0,6,5,560,0.32
2022-05-22,B-,0,6,5,560,0.0
2022-05-22,O+,0,6,5,560,0.63
2022-05-22,O-,0,6,5,560,0.0
2022-05-23,A+,0,0,5,561,0.0
2022-05-23,A-,0,0,5,561,0.0
2022-05-23,AB+,0,0,5,561,0.08
2022-05-23,AB-,0,0,5,561,0.0
2022-05-23,B+,1,0,5,561,0.4
2022-05-23,B-,0,0,5,561,0.01
2022-05-23,O+,0,0,5,561,0.64
2022-05-23,O-,0,0,5,561,0.01
2022-05-24,A+,0,1,5,562,0.01
2022-05-24,A-,0,1,5,562,0.01
2022-05-24,AB+,0,1,5,562,0.09
2022-05-24,AB-,0,1,5,562,0.0
2022-05-24,B+,1,1,5,562,0.48
2022-05-24,B-,0,1,5,562,0.01
2022-05-24,O+,1,1,5,562,0.64
2022-05-24,O-,0,1,5,562,0.01
2022-05-25,A+,0,2,5,563,0.01
2022-05-25,A-,0,2,5,563,0.01
2022-05-25,AB+,0,2,5,563,0.09
2022-05-25,AB-,0,2,5,563,0.01
2022-05-25,B+,1,2,5,563,0.56
2022-05-25,B-,0,2,5,563,0.01
2022-05-25,O+,0,2,5,563,0.56
2022-05-25,O-,0,2,5,563,0.01
2022-05-26,A+,0,3,5,564,0.01
2022-05-26,A-,0,3,5,564,0.01
2022-05-26,AB+,0,3,5,564,0.01
2022-05-26,AB-,0,3,5,564,0.0
2022-05-26,B+,0,3,5,564,0.47
2022-05-26,B-,0,3,5,564,0.0
2022-05-26,O+,1,3,5,564,0.56
2022-05-26,O-,0,3,5,564,0.01
2022-05-27,A+,0,4,5,565,0.01
2022-05-27,A-,0,4,5,565,0.01
2022-05-27,AB+,1,4,5,565,0.09
2022-05-27,AB-,0,4,5,565,0.01
2022-05-27,B+,0,4,5,565,0.41
2022-05-27,B-,0,4,5,565,0.01
2022-05-27,O+,0,4,5,565,0.48
2022-05-27,O-,0,4,5,565,0.01
2022-05-28,A+,0,5,5,566,0.01
2022-05-28,A-,0,5,5,566,0.0
2022-05-28,AB+,0,5,5,566,0.08
2022-05-28,AB-,0,5,5,566,0.0
2022-05-28,B+,0,5,5,566,0.39
2022-05-28,B-,0,5,5,566,0.0
2022-05-28,O+,0,5,5,566,0.47
2022-05-28,O-,0,5,5,566,0.0
2022-05-29,A+,0,6,5,567,0.0
2022-05-29,A-,0,6,5,567,0.0
2022-05-29,AB+,0,6,5,567,0.08
2022-05-29,AB-,0,6,5,567,0.0
2022-05-29,B+,0,6,5,567,0.39
2022-05-29,B-,0,6,5,567,0.0
2022-05-29,O+,0,6,5,567,0.39
2022-05-29,O-,0,6,5,567,0.0
2022-05-30,A+,1,0,5,568,0.09
2022-05-30,A-,0,0,5,568,0.01
2022-05-30,AB+,0,0,5,568,0.09
2022-05-30,AB-,0,0,5,568,0.01
2022-05-30,B+,0,0,5,568,0.4
2022-05-30,B-,0,0,5,568,0.01
2022-05-30,O+,0,0,5,568,0.32
2022-05-30,O-,0,0,5,568,0.0
2022-05-31,A+,0,1,5,569,0.08
2022-05-31,A-,0,1,5,569,0.0
2022-05-31,AB+,0,1,5,569,0.08
2022-05-31,AB-,0,1,5,569,0.0
2022-05-31,B+,0,1,5,569,0.39
2022-05-31,B-,0,1,5,569,0.0
2022-05-31,O+,0,1,5,569,0.31
2022-05-31,O-,0,1,5,569,0.0
2022-06-01,A+,0,2,6,570,0.08
2022-06-01,A-,0,2,6,570,0.0
2022-06-01,AB+,0,2,6,570,0.08
2022-06-01,AB-,0,2,6,570,0.0
2022-06-01,B+,0,2,6,570,0.31
2022-06-01,B-,0,2,6,570,0.0
2022-06-01,O+,1,2,6,570,0.32
2022-06-01,O-,0,2,6,570,0.01
2022-06-02,A+,0,3,6,571,0.09
2022-06-02,A-,1,3,6,571,0.09
2022-06-02,AB+,0,3,6,571,0.09
2022-06-02,AB-,0,3,6,571,0.01
2022-06-02,B+,1,3,6,571,0.41
2022-06-02,B-,0,3,6,571,0.01
2022-06-02,O+,1,3,6,571,0.41
2022-06-02,O-,0,3,6,571,0.02
2022-06-03,A+,0,4,6,572,0.09
2022-06-03,A-,0,4,6,572,0.09
2022-06-03,AB+,0,4,6,572,0.09
2022-06-03,AB-,0,4,6,572,0.01
2022-06-03,B+,0,4,6,572,0.32
2022-06-03,B-,0,4,6,572,0.0
2022-06-03,O+,1,4,6,572,0.48
2022-06-03,O-,0,4,6,572,0.01
2022-06-04,A+,0,5,6,573,0.09
2022-06-04,A-,0,5,6,573,0.09
2022-06-04,AB+,0,5,6,573,0.09
2022-06-04,AB-,0,5,6,573,0.01
2022-06-04,B+,1,5,6,573,0.41
2022-06-04,B-,0,5,6,573,0.01
2022-06-04,O+,0,5,6,573,0.4
2022-06-04,O-,0,5,6,573,0.01
2022-06-05,A+,0,6,6,574,0.09
2022-06-05,A-,0,6,6,574,0.09
2022-06-05,AB+,0,6,6,574,0.09
2022-06-05,AB-,0,6,6,574,0.0
2022-06-05,B+,0,6,6,574,0.39
2022-06-05,B-,0,6,6,574,0.0
2022-06-05,O+,0,6,6,574,0.39
2022-06-05,O-,0,6,6,574,0.0
2022-06-06,A+,0,0,6,575,0.08
2022-06-06,A-,0,0,6,575,0.08
2022-06-06,AB+,0,0,6,575,0.08
2022-06-06,AB-,0,0,6,575,0.0
2022-06-06,B+,1,0,6,575,0.4
2022-06-06,B-,0,0,6,575,0.01
2022-06-06,O+,2,0,6,575,0.57
2022-06-06,O-,0,0,6,575,0.02
2022-06-07,A+,0,1,6,576,0.1
2022-06-07,A-,0,1,6,576,0.1
2022-06-07,AB+,0,1,6,576,0.1
2022-06-07,AB-,0,1,6,576,0.01
2022-06-07,B+,0,1,6,576,0.33
2022-06-07,B-,0,1,6,576,0.0
2022-06-07,O+,0,1,6,576,0.47
2022-06-07,O-,0,1,6,576,0.0
2022-06-08,A+,0,2,6,577,0.08
2022-06-08,A-,0,2,6,577,0.08
2022-06-08,AB+,0,2,6,577,0.08
2022-06-08,AB-,0,2,6,577,0.0
2022-06-08,B+,0,2,6,577,0.24
2022-06-08,B-,0,2,6,577,0.0
2022-06-08,O+,0,2,6,577,0.47
2022-06-08,O-,0,2,6,577,0.0
2022-06-09,A+,0,3,6,578,0.08
2022-06-09,A-,0,3,6,578,0.08
2022-06-09,AB+,0,3,6,578,0.08
2022-06-09,AB-,0,3,6,578,0.0
2022-06-09,B+,1,3,6,578,0.32
2022-06-09,B-,0,3,6,578,0.01
2022-06-09,O+,0,3,6,578,0.4
2022-06-09,O-,1,3,6,578,0.09
2022-06-10,A+,0,4,6,579,0.09
2022-06-10,A-,0,4,6,579,0.09
2022-06-10,AB+,0,4,6,579,0.01
2022-06-10,AB-,0,4,6,579,0.01
2022-06-10,B+,0,4,6,579,0.32
2022-06-10,B-,0,4,6,579,0.01
2022-06-10,O+,0,4,6,579,0.39
2022-06-10,O-,0,4,6,579,0.08
2022-06-11,A+,0,5,6,580,0.08
2022-06-11,A-,0,5,6,580,0.08
2022-06-11,AB+,0,5,6,580,0.0
2022-06-11,AB-,0,5,6,580,0.0
2022-06-11,B+,0,5,6,580,0.31
2022-06-11,B-,0,5,6,580,0.0
2022-06-11,O+,0,5,6,580,0.39
2022-06-11,O-,0,5,6,580,0.08
2022-06-12,A+,0,6,6,581,0.08
2022-06-12,A-,0,6,6,581,0.08
2022-06-12,AB+,0,6,6,581,0.0
2022-06-12,AB-,0,6,6,581,0.0
2022-06-12,B+,0,6,6,581,0.31
2022-06-12,B-,0,6,6,581,0.0
2022-06-12,O+,1,6,6,581,0.48
2022-06-12,O-,0,6,6,581,0.09
2022-06-13,A+,0,0,6,582,0.01
2022-06-13,A-,1,0,6,582,0.17
2022-06-13,AB+,0,0,6,582,0.01
2022-06-13,AB-,0,0,6,582,0.01
2022-06-13,B+,0,0,6,582,0.33
2022-06-13,B-,0,0,6,582,0.01
2022-06-13,O+,0,0,6,582,0.48
2022-06-13,O-,0,0,6,582,0.09
2022-06-14,A+,0,1,6,583,0.0
2022-06-14,A-,0,1,6,583,0.16
2022-06-14,AB+,1,1,6,583,0.09
2022-06-14,AB-,0,1,6,583,0.01
2022-06-14,B+,0,1,6,583,0.32
2022-06-14,B-,0,1,6,583,0.01
2022-06-14,O+,1,1,6,583,0.56
2022-06-14,O-,0,1,6,583,0.09
2022-06-15,A+,0,2,6,584,0.01
2022-06-15,A-,0,2,6,584,0.16
2022-06-15,AB+,0,2,6,584,0.09
2022-06-15,AB-,0,2,6,584,0.01
2022-06-15,B+,2,2,6,584,0.49
2022-06-15,B-,0,2,6,584,0.01
2022-06-15,O+,1,2,6,584,0.57
2022-06-15,O-,0,2,6,584,0.1
2022-06-16,A+,0,3,6,585,0.02
2022-06-16,A-,0,3,6,585,0.1
2022-06-16,AB+,0,3,6,585,0.1
2022-06-16,AB-,0,3,6,585,0.01
2022-06-16,B+,2,3,6,585,0.57
2022-06-16,B-,0,3,6,585,0.01
2022-06-16,O+,2,3,6,585,0.66
2022-06-16,O-,1,3,6,585,0.19
2022-06-17,A+,0,4,6,586,0.04
2022-06-17,A-,0,4,6,586,0.11
2022-06-17,AB+,0,4,6,586,0.11
2022-06-17,AB-,0,4,6,586,0.02
2022-06-17,B+,1,4,6,586,0.66
2022-06-17,B-,0,4,6,586,0.01
2022-06-17,O+,1,4,6,586,0.64
2022-06-17,O-,0,4,6,586,0.17
2022-06-18,A+,0,5,6,587,0.01
2022-06-18,A-,0,5,6,587,0.09
2022-06-18,AB+,0,5,6,587,0.09
2022-06-18,AB-,0,5,6,587,0.01
2022-06-18,B+,0,5,6,587,0.56
2022-06-18,B-,0,5,6,587,0.0
2022-06-18,O+,1,5,6,587,0.71
2022-06-18,O-,0,5,6,587,0.16
2022-06-19,A+,2,6,6,588,0.18
2022-06-19,A-,0,6,6,588,0.1
2022-06-19,AB+,0,6,6,588,0.1
2022-06-19,AB-,0,6,6,588,0.02
2022-06-19,B+,0,6,6,588,0.57
2022-06-19,B-,0,6,6,588,0.01
2022-06-19,O+,1,6,6,588,0.81
2022-06-19,O-,0,6,6,588,0.16
2022-06-20,A+,0,0,6,589,0.16
2022-06-20,A-,1,0,6,589,0.17
2022-06-20,AB+,0,0,6,589,0.09
2022-06-20,AB-,0,0,6,589,0.01
2022-06-20,B+,0,0,6,589,0.49
2022-06-20,B-,0,0,6,589,0.01
2022-06-20,O+,1,0,6,589,0.72
2022-06-20,O-,0,0,6,589,0.17
2022-06-21,A+,0,1,6,590,0.16
2022-06-21,A-,0,1,6,590,0.16
2022-06-21,AB+,0,1,6,590,0.09
2022-06-21,AB-,0,1,6,590,0.01
2022-06-21,B+,0,1,6,590,0.48
2022-06-21,B-,0,1,6,590,0.0
2022-06-21,O+,0,1,6,590,0.71
2022-06-21,O-,0,1,6,590,0.16
2022-06-22,A+,0,2,6,591,0.16
2022-06-22,A-,0,2,6,591,0.16
2022-06-22,AB+,0,2,6,591,0.08
2022-06-22,AB-,0,2,6,591,0.0
2022-06-22,B+,0,2,6,591,0.47
2022-06-22,B-,0,2,6,591,0.0
2022-06-22,O+,2,2,6,591,0.88
2022-06-22,O-,0,2,6,591,0.17
2022-06-23,A+,0,3,6,592,0.17
2022-06-23,A-,0,3,6,592,0.17
2022-06-23,AB+,0,3,6,592,0.09
2022-06-23,AB-,0,3,6,592,0.01
2022-06-23,B+,0,3,6,592,0.41
2022-06-23,B-,0,3,6,592,0.0
2022-06-23,O+,0,3,6,592,0.86
2022-06-23,O-,0,3,6,592,0.08
2022-06-24,A+,0,4,6,593,0.16
2022-06-24,A-,0,4,6,593,0.16
2022-06-24,AB+,0,4,6,593,0.08
2022-06-24,AB-,0,4,6,593,0.0
2022-06-24,B+,0,4,6,593,0.39
2022-06-24,B-,0,4,6,593,0.0
2022-06-24,O+,1,4,6,593,0.95
2022-06-24,O-,0,4,6,593,0.09
2022-06-25,A+,0,5,6,594,0.16
2022-06-25,A-,0,5,6,594,0.16
2022-06-25,AB+,0,5,6,594,0.09
2022-06-25,AB-,0,5,6,594,0.01
2022-06-25,B+,0,5,6,594,0.4
2022-06-25,B-,0,5,6,594,0.0
2022-06-25,O+,0,5,6,594,0.94
2022-06-25,O-,0,5,6,594,0.08
2022-06-26,A+,0,6,6,595,0.16
2022-06-26,A-,0,6,6,595,0.16
2022-06-26,AB+,0,6,6,595,0.08
2022-06-26,AB-,0,6,6,595,0.0
2022-06-26,B+,0,6,6,595,0.39
2022-06-26,B-,0,6,6,595,0.0
2022-06-26,O+,1,6,6,595,0.95
2022-06-26,O-,0,6,6,595,0.09
2022-06-27,A+,2,0,6,596,0.34
2022-06-27,A-,0,0,6,596,0.1
2022-06-27,AB+,0,0,6,596,0.1
2022-06-27,AB-,0,0,6,596,0.02
2022-06-27,B+,0,0,6,596,0.41
2022-06-27,B-,0,0,6,596,0.01
2022-06-27,O+,0,0,6,596,0.96
2022-06-27,O-,0,0,6,596,0.08
2022-06-28,A+,0,1,6,597,0.31
2022-06-28,A-,0,1,6,597,0.08
2022-06-28,AB+,0,1,6,597,0.0
2022-06-28,AB-,0,1,6,597,0.0
2022-06-28,B+,0,1,6,597,0.39
2022-06-28,B-,0,1,6,597,0.0
2022-06-28,O+,0,1,6,597,0.86
2022-06-28,O-,0,1,6,597,0.08
2022-06-29,A+,1,2,6,598,0.4
2022-06-29,A-,0,2,6,598,0.09
2022-06-29,AB+,1,2,6,598,0.09
2022-06-29,AB-,0,2,6,598,0.01
2022-06-29,B+,0,2,6,598,0.25
2022-06-29,B-,0,2,6,598,0.01
2022-06-29,O+,1,2,6,598,0.89
2022-06-29,O-,0,2,6,598,0.09
2022-06-30,A+,0,3,6,599,0.41
2022-06-30,A-,0,3,6,599,0.09
2022-06-30,AB+,0,3,6,599,0.09
2022-06-30,AB-,0,3,6,599,0.01
2022-06-30,B+,0,3,6,599,0.09
2022-06-30,B-,0,3,6,599,0.0
2022-06-30,O+,0,3,6,599,0.71
2022-06-30,O-,0,3,6,599,0.0
2022-07-01,A+,0,4,7,600,0.39
2022-07-01,A-,0,4,7,600,0.08
2022-07-01,AB+,1,4,7,600,0.16
2022-07-01,AB-,0,4,7,600,0.01
2022-07-01,B+,0,4,7,600,0.01
2022-07-01,B-,0,4,7,600,0.01
2022-07-01,O+,0,4,7,600,0.64
2022-07-01,O-,0,4,7,600,0.01
2022-07-02,A+,0,5,7,601,0.4
2022-07-02,A-,0,5,7,601,0.08
2022-07-02,AB+,0,5,7,601,0.16
2022-07-02,AB-,0,5,7,601,0.0
2022-07-02,B+,0,5,7,601,0.0
2022-07-02,B-,0,5,7,601,0.0
2022-07-02,O+,0,5,7,601,0.55
2022-07-02,O-,0,5,7,601,0.0
2022-07-03,A+,0,6,7,602,0.24
2022-07-03,A-,0,6,7,602,0.08
2022-07-03,AB+,0,6,7,602,0.16
2022-07-03,AB-,0,6,7,602,0.0
2022-07-03,B+,0,6,7,602,0.0
2022-07-03,B-,0,6,7,602,0.0
2022-07-03,O+,2,6,7,602,0.64
2022-07-03,O-,0,6,7,602,0.01
2022-07-04,A+,0,0,7,603,0.25
2022-07-04,A-,0,0,7,603,0.01
2022-07-04,AB+,0,0,7,603,0.17
2022-07-04,AB-,0,0,7,603,0.01
2022-07-04,B+,0,0,7,603,0.01
2022-07-04,B-,0,0,7,603,0.0
2022-07-04,O+,1,0,7,603,0.64
2022-07-04,O-,0,0,7,603,0.01
2022-07-05,A+,0,1,7,604,0.24
2022-07-05,A-,0,1,7,604,0.01
2022-07-05,AB+,0,1,7,604,0.16
2022-07-05,AB-,0,1,7,604,0.01
2022-07-05,B+,0,1,7,604,0.01
2022-07-05,B-,0,1,7,604,0.0
2022-07-05,O+,0,1,7,604,0.63
2022-07-05,O-,0,1,7,604,0.0
2022-07-06,A+,0,2,7,605,0.24
2022-07-06,A-,0,2,7,605,0.0
2022-07-06,AB+,0,2,7,605,0.16
2022-07-06,AB-,0,2,7,605,0.0
2022-07-06,B+,1,2,7,605,0.09
2022-07-06,B-,0,2,7,605,0.01
2022-07-06,O+,1,2,7,605,0.56
2022-07-06,O-,0,2,7,605,0.01
2022-07-07,A+,0,3,7,606,0.25
2022-07-07,A-,0,3,7,606,0.01
2022-07-07,AB+,0,3,7,606,0.17
2022-07-07,AB-,0,3,7,606,0.01
2022-07-07,B+,0,3,7,606,0.09
2022-07-07,B-,0,3,7,606,0.0
2022-07-07,O+,0,3,7,606,0.55
2022-07-07,O-,0,3,7,606,0.0
2022-07-08,A+,0,4,7,607,0.24
2022-07-08,A-,0,4,7,607,0.0
2022-07-08,AB+,0,4,7,607,0.16
2022-07-08,AB-,0,4,7,607,0.0
2022-07-08,B+,1,4,7,607,0.16
2022-07-08,B-,0,4,7,607,0.01
2022-07-08,O+,0,4,7,607,0.48
2022-07-08,O-,0,4,7,607,0.01
2022-07-09,A+,0,5,7,608,0.24
2022-07-09,A-,0,5,7,608,0.01
2022-07-09,AB+,1,5,7,608,0.25
2022-07-09,AB-,0,5,7,608,0.01
2022-07-09,B+,0,5,7,608,0.16
2022-07-09,B-,0,5,7,608,0.01
2022-07-09,O+,1,5,7,608,0.56
2022-07-09,O-,0,5,7,608,0.01
2022-07-10,A+,0,6,7,609,0.25
2022-07-10,A-,0,6,7,609,0.01
2022-07-10,AB+,0,6,7,609,0.24
2022-07-10,AB-,0,6,7,609,0.01
2022-07-10,B+,1,6,7,609,0.25
2022-07-10,B-,0,6,7,609,0.01
2022-07-10,O+,1,6,7,609,0.56
2022-07-10,O-,0,6,7,609,0.01
2022-07-11,A+,0,0,7,610,0.09
2022-07-11,A-,0,0,7,610,0.01
2022-07-11,AB+,0,0,7,610,0.25
2022-07-11,AB-,0,0,7,610,0.01
2022-07-11,B+,0,0,7,610,0.24
2022-07-11,B-,0,0,7,610,0.0
2022-07-11,O+,1,0,7,610,0.64
2022-07-11,O-,0,0,7,610,0.01
2022-07-12,A+,0,1,7,611,0.09
2022-07-12,A-,0,1,7,611,0.01
2022-07-12,AB+,0,1,7,611,0.24
2022-07-12,AB-,0,1,7,611,0.01
2022-07-12,B+,0,1,7,611,0.24
2022-07-12,B-,1,1,7,611,0.09
2022-07-12,O+,0,1,7,611,0.64
2022-07-12,O-,0,1,7,611,0.01
2022-07-13,A+,0,2,7,612,0.01
2022-07-13,A-,0,2,7,612,0.01
2022-07-13,AB+,0,2,7,612,0.16
2022-07-13,AB-,0,2,7,612,0.01
2022-07-13,B+,1,2,7,612,0.32
2022-07-13,B-,0,2,7,612,0.09
2022-07-13,O+,0,2,7,612,0.56
2022-07-13,O-,0,2,7,612,0.01
2022-07-14,A+,0,3,7,613,0.01
2022-07-14,A-,0,3,7,613,0.01
2022-07-14,AB+,1,3,7,613,0.25
2022-07-14,AB-,0,3,7,613,0.01
2022-07-14,B+,0,3,7,613,0.32
2022-07-14,B-,0,3,7,613,0.09
2022-07-14,O+,0,3,7,613,0.56
2022-07-14,O-,0,3,7,613,0.01
2022-07-15,A+,0,4,7,614,0.01
2022-07-15,A-,0,4,7,614,0.0
2022-07-15,AB+,0,4,7,614,0.16
2022-07-15,AB-,0,4,7,614,0.0
2022-07-15,B+,0,4,7,614,0.31
2022-07-15,B-,0,4,7,614,0.08
2022-07-15,O+,0,4,7,614,0.55
2022-07-15,O-,0,4,7,614,0.0
2022-07-16,A+,0,5,7,615,0.0
2022-07-16,A-,0,5,7,615,0.0
2022-07-16,AB+,0,5,7,615,0.16
2022-07-16,AB-,0,5,7,615,0.0
2022-07-16,B+,1,5,7,615,0.4
2022-07-16,B-,0,5,7,615,0.09
2022-07-16,O+,0,5,7,615,0.56
2022-07-16,O-,0,5,7,615,0.01
2022-07-17,A+,0,6,7,616,0.01
2022-07-17,A-,0,6,7,616,0.01
2022-07-17,AB+,0,6,7,616,0.16
2022-07-17,AB-,0,6,7,616,0.0
2022-07-17,B+,0,6,7,616,0.39
2022-07-17,B-,0,6,7,616,0.08
2022-07-17,O+,1,6,7,616,0.48
2022-07-17,O-,0,6,7,616,0.01
2022-07-18,A+,0,0,7,617,0.01
2022-07-18,A-,0,0,7,617,0.01
2022-07-18,AB+,0,0,7,617,0.16
2022-07-18,AB-,0,0,7,617,0.01
2022-07-18,B+,1,0,7,617,0.49
2022-07-18,B-,0,0,7,617,0.09
2022-07-18,O+,0,0,7,617,0.4
2022-07-18,O-,0,0,7,617,0.01
2022-07-19,A+,0,1,7,618,0.01
2022-07-19,A-,0,1,7,618,0.01
2022-07-19,AB+,0,1,7,618,0.16
2022-07-19,AB-,0,1,7,618,0.0
2022-07-19,B+,0,1,7,618,0.47
2022-07-19,B-,0,1,7,618,0.08
2022-07-19,O+,1,1,7,618,0.48
2022-07-19,O-,0,1,7,618,0.01
2022-07-20,A+,0,2,7,619,0.01
2022-07-20,A-,0,2,7,619,0.01
2022-07-20,AB+,0,2,7,619,0.16
2022-07-20,AB-,0,2,7,619,0.01
2022-07-20,B+,0,2,7,619,0.4
2022-07-20,B-,0,2,7,619,0.08
2022-07-20,O+,1,2,7,619,0.48
2022-07-20,O-,0,2,7,619,0.01
2022-07-21,A+,1,3,7,620,0.09
2022-07-21,A-,0,3,7,620,0.01
2022-07-21,AB+,0,3,7,620,0.17
2022-07-21,AB-,0,3,7,620,0.01
2022-07-21,B+,1,3,7,620,0.49
2022-07-21,B-,0,3,7,620,0.09
2022-07-21,O+,0,3,7,620,0.49
2022-07-21,O-,0,3,7,620,0.01
2022-07-22,A+,0,4,7,621,0.09
2022-07-22,A-,0,4,7,621,0.01
2022-07-22,AB+,1,4,7,621,0.25
2022-07-22,AB-,0,4,7,621,0.01
2022-07-22,B+,2,4,7,621,0.57
2022-07-22,B-,0,4,7,621,0.1
2022-07-22,O+,1,4,7,621,0.58
2022-07-22,O-,0,4,7,621,0.03
2022-07-23,A+,0,5,7,622,0.11
2022-07-23,A-,0,5,7,622,0.02
2022-07-23,AB+,0,5,7,622,0.18
2022-07-23,AB-,0,5,7,622,0.01
2022-07-23,B+,1,5,7,622,0.64
2022-07-23,B-,0,5,7,622,0.09
2022-07-23,O+,2,5,7,622,0.65
2022-07-23,O-,0,5,7,622,0.02
2022-07-24,A+,0,6,7,623,0.1
2022-07-24,A-,0,6,7,623,0.02
2022-07-24,AB+,0,6,7,623,0.18
2022-07-24,AB-,0,6,7,623,0.01
2022-07-24,B+,0,6,7,623,0.56
2022-07-24,B-,0,6,7,623,0.08
2022-07-24,O+,0,6,7,623,0.55
2022-07-24,O-,0,6,7,623,0.0
2022-07-25,A+,0,0,7,624,0.08
2022-07-25,A-,0,0,7,624,0.0
2022-07-25,AB+,0,0,7,624,0.16
2022-07-25,AB-,0,0,7,624,0.0
2022-07-25,B+,1,0,7,624,0.64
2022-07-25,B-,0,0,7,624,0.09
2022-07-25,O+,1,0,7,624,0.56
2022-07-25,O-,0,0,7,624,0.01
2022-07-26,A+,0,1,7,625,0.09
2022-07-26,A-,0,1,7,625,0.01
2022-07-26,AB+,0,1,7,625,0.17
2022-07-26,AB-,0,1,7,625,0.01
2022-07-26,B+,1,1,7,625,0.72
2022-07-26,B-,0,1,7,625,0.01
2022-07-26,O+,0,1,7,625,0.56
2022-07-26,O-,0,1,7,625,0.01
2022-07-27,A+,1,2,7,626,0.17
2022-07-27,A-,0,2,7,626,0.01
2022-07-27,AB+,0,2,7,626,0.17
2022-07-27,AB-,0,2,7,626,0.01
2022-07-27,B+,0,2,7,626,0.64
2022-07-27,B-,0,2,7,626,0.01
2022-07-27,O+,0,2,7,626,0.56
2022-07-27,O-,0,2,7,626,0.0
2022-07-28,A+,2,3,7,627,0.33
2022-07-28,A-,0,3,7,627,0.01
2022-07-28,AB+,0,3,7,627,0.09
2022-07-28,AB-,0,3,7,627,0.01
2022-07-28,B+,0,3,7,627,0.64
2022-07-28,B-,0,3,7,627,0.01
2022-07-28,O+,0,3,7,627,0.56
2022-07-28,O-,0,3,7,627,0.0
2022-07-29,A+,0,4,7,628,0.31
2022-07-29,A-,0,4,7,628,0.0
2022-07-29,AB+,0,4,7,628,0.08
2022-07-29,AB-,0,4,7,628,0.0
2022-07-29,B+,1,4,7,628,0.71
2022-07-29,B-,0,4,7,628,0.01
2022-07-29,O+,0,4,7,628,0.56
2022-07-29,O-,0,4,7,628,0.01
2022-07-30,A+,0,5,7,629,0.32
2022-07-30,A-,0,5,7,629,0.01
2022-07-30,AB+,0,5,7,629,0.09
2022-07-30,AB-,0,5,7,629,0.0
2022-07-30,B+,0,5,7,629,0.63
2022-07-30,B-,0,5,7,629,0.0
2022-07-30,O+,0,5,7,629,0.55
2022-07-30,O-,0,5,7,629,0.0
2022-07-31,A+,1,6,7,630,0.4
2022-07-31,A-,0,6,7,630,0.01
2022-07-31,AB+,0,6,7,630,0.09
2022-07-31,AB-,0,6,7,630,0.01
2022-07-31,B+,1,6,7,630,0.72
2022-07-31,B-,0,6,7,630,0.01
2022-07-31,O+,0,6,7,630,0.49
2022-07-31,O-,0,6,7,630,0.01
2022-08-01,A+,1,0,8,631,0.49
2022-08-01,A-,0,0,8,631,0.01
2022-08-01,AB+,0,0,8,631,0.09
2022-08-01,AB-,0,0,8,631,0.01
2022-08-01,B+,0,0,8,631,0.64
2022-08-01,B-,0,0,8,631,0.01
2022-08-01,O+,1,0,8,631,0.56
2022-08-01,O-,0,0,8,631,0.01
2022-08-02,A+,0,1,8,632,0.48
2022-08-02,A-,0,1,8,632,0.01
2022-08-02,AB+,1,1,8,632,0.17
2022-08-02,AB-,0,1,8,632,0.01
2022-08-02,B+,0,1,8,632,0.64
2022-08-02,B-,0,1,8,632,0.01
2022-08-02,O+,0,1,8,632,0.48
2022-08-02,O-,0,1,8,632,0.01
2022-08-03,A+,0,2,8,633,0.48
2022-08-03,A-,0,2,8,633,0.0
2022-08-03,AB+,0,2,8,633,0.16
2022-08-03,AB-,0,2,8,633,0.0
2022-08-03,B+,0,2,8,633,0.63
2022-08-03,B-,0,2,8,633,0.0
2022-08-03,O+,0,2,8,633,0.39
2022-08-03,O-,0,2,8,633,0.0
2022-08-04,A+,0,3,8,634,0.39
2022-08-04,A-,0,3,8,634,0.0
2022-08-04,AB+,0,3,8,634,0.16
2022-08-04,AB-,0,3,8,634,0.0
2022-08-04,B+,0,3,8,634,0.55
2022-08-04,B-,0,3,8,634,0.0
2022-08-04,O+,1,3,8,634,0.48
2022-08-04,O-,0,3,8,634,0.01
2022-08-05,A+,1,4,8,635,0.49
2022-08-05,A-,0,4,8,635,0.01
2022-08-05,AB+,0,4,8,635,0.09
2022-08-05,AB-,0,4,8,635,0.01
2022-08-05,B+,1,4,8,635,0.49
2022-08-05,B-,0,4,8,635,0.01
2022-08-05,O+,0,4,8,635,0.41
2022-08-05,O-,0,4,8,635,0.01
2022-08-06,A+,0,5,8,636,0.48
2022-08-06,A-,0,5,8,636,0.01
2022-08-06,AB+,0,5,8,636,0.09
2022-08-06,AB-,0,5,8,636,0.0
2022-08-06,B+,0,5,8,636,0.39
2022-08-06,B-,0,5,8,636,0.0
2022-08-06,O+,0,5,8,636,0.24
2022-08-06,O-,0,5,8,636,0.0
2022-08-07,A+,0,6,8,637,0.47
2022-08-07,A-,0,6,8,637,0.0
2022-08-07,AB+,0,6,8,637,0.08
2022-08-07,AB-,0,6,8,637,0.0
2022-08-07,B+,0,6,8,637,0.39
2022-08-07,B-,0,6,8,637,0.0
2022-08-07,O+,0,6,8,637,0.24
2022-08-07,O-,0,6,8,637,0.0
2022-08-08,A+,1,0,8,638,0.56
2022-08-08,A-,0,0,8,638,0.01
2022-08-08,AB+,0,0,8,638,0.09
2022-08-08,AB-,0,0,8,638,0.01
2022-08-08,B+,1,0,8,638,0.41
2022-08-08,B-,0,0,8,638,0.01
2022-08-08,O+,0,0,8,638,0.17
2022-08-08,O-,0,0,8,638,0.01
2022-08-09,A+,0,1,8,639,0.56
2022-08-09,A-,0,1,8,639,0.01
2022-08-09,AB+,0,1,8,639,0.09
2022-08-09,AB-,0,1,8,639,0.0
2022-08-09,B+,0,1,8,639,0.31
2022-08-09,B-,0,1,8,639,0.0
2022-08-09,O+,0,1,8,639,0.16
2022-08-09,O-,0,1,8,639,0.0
2022-08-10,A+,0,2,8,640,0.47
2022-08-10,A-,0,2,8,640,0.0
2022-08-10,AB+,0,2,8,640,0.08
2022-08-10,AB-,0,2,8,640,0.0
2022-08-10,B+,0,2,8,640,0.31
2022-08-10,B-,0,2,8,640,0.0
2022-08-10,O+,1,2,8,640,0.24
2022-08-10,O-,0,2,8,640,0.01
2022-08-11,A+,1,3,8,641,0.41
2022-08-11,A-,0,3,8,641,0.01
2022-08-11,AB+,0,3,8,641,0.09
2022-08-11,AB-,0,3,8,641,0.01
2022-08-11,B+,0,3,8,641,0.33
2022-08-11,B-,0,3,8,641,0.01
2022-08-11,O+,0,3,8,641,0.24
2022-08-11,O-,0,3,8,641,0.0
2022-08-12,A+,0,4,8,642,0.39
2022-08-12,A-,0,4,8,642,0.0
2022-08-12,AB+,0,4,8,642,0.08
2022-08-12,AB-,0,4,8,642,0.0
2022-08-12,B+,0,4,8,642,0.24
2022-08-12,B-,0,4,8,642,0.0
2022-08-12,O+,0,4,8,642,0.24
2022-08-12,O-,0,4,8,642,0.0
2022-08-13,A+,0,5,8,643,0.39
2022-08-13,A-,0,5,8,643,0.0
2022-08-13,AB+,0,5,8,643,0.08
2022-08-13,AB-,0,5,8,643,0.0
2022-08-13,B+,1,5,8,643,0.32
2022-08-13,B-,0,5,8,643,0.01
2022-08-13,O+,2,5,8,643,0.41
2022-08-13,O-,0,5,8,643,0.02
2022-08-14,A+,0,6,8,644,0.34
2022-08-14,A-,0,6,8,644,0.02
2022-08-14,AB+,0,6,8,644,0.1
2022-08-14,AB-,0,6,8,644,0.01
2022-08-14,B+,0,6,8,644,0.25
2022-08-14,B-,0,6,8,644,0.0
2022-08-14,O+,1,6,8,644,0.48
2022-08-14,O-,1,6,8,644,0.09
2022-08-15,A+,0,0,8,645,0.25
2022-08-15,A-,0,0,8,645,0.01
2022-08-15,AB+,0,0,8,645,0.09
2022-08-15,AB-,0,0,8,645,0.01
2022-08-15,B+,1,0,8,645,0.34
2022-08-15,B-,0,0,8,645,0.01
2022-08-15,O+,1,0,8,645,0.49
2022-08-15,O-,0,0,8,645,0.09
2022-08-16,A+,0,1,8,646,0.25
2022-08-16,A-,0,1,8,646,0.01
2022-08-16,AB+,0,1,8,646,0.01
2022-08-16,AB-,0,1,8,646,0.01
2022-08-16,B+,1,1,8,646,0.41
2022-08-16,B-,0,1,8,646,0.01
2022-08-16,O+,0,1,8,646,0.48
2022-08-16,O-,0,1,8,646,0.09
2022-08-17,A+,1,2,8,647,0.33
2022-08-17,A-,0,2,8,647,0.01
2022-08-17,AB+,0,2,8,647,0.01
2022-08-17,AB-,0,2,8,647,0.01
2022-08-17,B+,0,2,8,647,0.4
2022-08-17,B-,0,2,8,647,0.01
2022-08-17,O+,0,2,8,647,0.48
2022-08-17,O-,0,2,8,647,0.08
2022-08-18,A+,0,3,8,648,0.31
2022-08-18,A-,0,3,8,648,0.0
2022-08-18,AB+,0,3,8,648,0.0
2022-08-18,AB-,0,3,8,648,0.0
2022-08-18,B+,0,3,8,648,0.39
2022-08-18,B-,0,3,8,648,0.0
2022-08-18,O+,0,3,8,648,0.39
2022-08-18,O-,0,3,8,648,0.08
2022-08-19,A+,0,4,8,649,0.24
2022-08-19,A-,0,4,8,649,0.0
2022-08-19,AB+,0,4,8,649,0.0
2022-08-19,AB-,0,4,8,649,0.0
2022-08-19,B+,0,4,8,649,0.31
2022-08-19,B-,0,4,8,649,0.0
2022-08-19,O+,1,4,8,649,0.48
2022-08-19,O-,0,4,8,649,0.09
2022-08-20,A+,0,5,8,650,0.24
2022-08-20,A-,0,5,8,650,0.01
2022-08-20,AB+,0,5,8,650,0.01
2022-08-20,AB-,0,5,8,650,0.01
2022-08-20,B+,1,5,8,650,0.41
2022-08-20,B-,0,5,8,650,0.01
2022-08-20,O+,0,5,8,650,0.48
2022-08-20,O-,0,5,8,650,0.09
2022-08-21,A+,0,6,8,651,0.24
2022-08-21,A-,0,6,8,651,0.01
2022-08-21,AB+,0,6,8,651,0.01
2022-08-21,AB-,0,6,8,651,0.0
2022-08-21,B+,1,6,8,651,0.48
2022-08-21,B-,1,6,8,651,0.09
2022-08-21,O+,0,6,8,651,0.49
2022-08-21,O-,0,6,8,651,0.09
2022-08-22,A+,0,0,8,652,0.17
2022-08-22,A-,0,0,8,652,0.01
2022-08-22,AB+,0,0,8,652,0.01
2022-08-22,AB-,0,0,8,652,0.01
2022-08-22,B+,1,0,8,652,0.48
2022-08-22,B-,0,0,8,652,0.09
2022-08-22,O+,1,0,8,652,0.56
2022-08-22,O-,0,0,8,652,0.09
2022-08-23,A+,0,1,8,653,0.17
2022-08-23,A-,0,1,8,653,0.01
2022-08-23,AB+,1,1,8,653,0.1
2022-08-23,AB-,0,1,8,653,0.01
2022-08-23,B+,0,1,8,653,0.49
2022-08-23,B-,0,1,8,653,0.09
2022-08-23,O+,0,1,8,653,0.56
2022-08-23,O-,0,1,8,653,0.09
2022-08-24,A+,0,2,8,654,0.16
2022-08-24,A-,0,2,8,654,0.0
2022-08-24,AB+,0,2,8,654,0.08
2022-08-24,AB-,0,2,8,654,0.0
2022-08-24,B+,0,2,8,654,0.47
2022-08-24,B-,0,2,8,654,0.08
2022-08-24,O+,0,2,8,654,0.47
2022-08-24,O-,0,2,8,654,0.08
2022-08-25,A+,0,3,8,655,0.08
2022-08-25,A-,0,3,8,655,0.0
2022-08-25,AB+,0,3,8,655,0.08
2022-08-25,AB-,0,3,8,655,0.0
2022-08-25,B+,1,3,8,655,0.56
2022-08-25,B-,0,3,8,655,0.09
2022-08-25,O+,1,3,8,655,0.56
2022-08-25,O-,0,3,8,655,0.09
2022-08-26,A+,0,4,8,656,0.09
2022-08-26,A-,0,4,8,656,0.01
2022-08-26,AB+,0,4,8,656,0.09
2022-08-26,AB-,0,4,8,656,0.01
2022-08-26,B+,1,4,8,656,0.64
2022-08-26,B-,0,4,8,656,0.09
2022-08-26,O+,1,4,8,656,0.64
2022-08-26,O-,0,4,8,656,0.09
2022-08-27,A+,0,5,8,657,0.09
2022-08-27,A-,0,5,8,657,0.01
2022-08-27,AB+,0,5,8,657,0.09
2022-08-27,AB-,0,5,8,657,0.01
2022-08-27,B+,0,5,8,657,0.56
2022-08-27,B-,0,5,8,657,0.08
2022-08-27,O+,0,5,8,657,0.47
2022-08-27,O-,0,5,8,657,0.08
2022-08-28,A+,0,6,8,658,0.08
2022-08-28,A-,0,6,8,658,0.0
2022-08-28,AB+,1,6,8,658,0.16
2022-08-28,AB-,1,6,8,658,0.09
2022-08-28,B+,0,6,8,658,0.56
2022-08-28,B-,0,6,8,658,0.09
2022-08-28,O+,0,6,8,658,0.41
2022-08-28,O-,0,6,8,658,0.01
2022-08-29,A+,0,0,8,659,0.09
2022-08-29,A-,0,0,8,659,0.01
2022-08-29,AB+,0,0,8,659,0.16
2022-08-29,AB-,0,0,8,659,0.08
2022-08-29,B+,1,0,8,659,0.56
2022-08-29,B-,0,0,8,659,0.09
2022-08-29,O+,0,0,8,659,0.32
2022-08-29,O-,0,0,8,659,0.01
2022-08-30,A+,1,1,8,660,0.17
2022-08-30,A-,1,1,8,660,0.1
2022-08-30,AB+,0,1,8,660,0.18
2022-08-30,AB-,0,1,8,660,0.09
2022-08-30,B+,1,1,8,660,0.57
2022-08-30,B-,0,1,8,660,0.1
2022-08-30,O+,0,1,8,660,0.34
2022-08-30,O-,0,1,8,660,0.01
2022-08-31,A+,1,2,8,661,0.17
2022-08-31,A-,1,2,8,661,0.18
2022-08-31,AB+,0,2,8,661,0.18
2022-08-31,AB-,0,2,8,661,0.09
2022-08-31,B+,0,2,8,661,0.56
2022-08-31,B-,0,2,8,661,0.09
2022-08-31,O+,0,2,8,661,0.33
2022-08-31,O-,0,2,8,661,0.01
2022-09-01,A+,0,3,9,662,0.16
2022-09-01,A-,0,3,9,662,0.16
2022-09-01,AB+,0,3,9,662,0.16
2022-09-01,AB-,0,3,9,662,0.08
2022-09-01,B+,1,3,9,662,0.64
2022-09-01,B-,0,3,9,662,0.09
2022-09-01,O+,0,3,9,662,0.32
2022-09-01,O-,0,3,9,662,0.01
2022-09-02,A+,1,4,9,663,0.25
2022-09-02,A-,0,4,9,663,0.17
2022-09-02,AB+,0,4,9,663,0.17
2022-09-02,AB-,0,4,9,663,0.09
2022-09-02,B+,0,4,9,663,0.64
2022-09-02,B-,0,4,9,663,0.09
2022-09-02,O+,0,4,9,663,0.24
2022-09-02,O-,0,4,9,663,0.0
2022-09-03,A+,0,5,9,664,0.24
2022-09-03,A-,0,5,9,664,0.16
2022-09-03,AB+,0,5,9,664,0.16
2022-09-03,AB-,0,5,9,664,0.08
2022-09-03,B+,1,5,9,664,0.64
2022-09-03,B-,0,5,9,664,0.09
2022-09-03,O+,0,5,9,664,0.24
2022-09-03,O-,0,5,9,664,0.01
2022-09-04,A+,0,6,9,665,0.24
2022-09-04,A-,0,6,9,665,0.16
2022-09-04,AB+,0,6,9,665,0.16
2022-09-04,AB-,0,6,9,665,0.08
2022-09-04,B+,0,6,9,665,0.55
2022-09-04,B-,0,6,9,665,0.0
2022-09-04,O+,2,6,9,665,0.41
2022-09-04,O-,0,6,9,665,0.01
2022-09-05,A+,0,0,9,666,0.25
2022-09-05,A-,0,0,9,666,0.17
2022-09-05,AB+,0,0,9,666,0.17
2022-09-05,AB-,0,0,9,666,0.09
2022-09-05,B+,1,0,9,666,0.57
2022-09-05,B-,0,0,9,666,0.01
2022-09-05,O+,1,0,9,666,0.41
2022-09-05,O-,1,0,9,666,0.1
2022-09-06,A+,1,1,9,667,0.34
2022-09-06,A-,0,1,9,667,0.19
2022-09-06,AB+,0,1,9,667,0.11
2022-09-06,AB-,0,1,9,667,0.1
2022-09-06,B+,0,1,9,667,0.57
2022-09-06,B-,0,1,9,667,0.01
2022-09-06,O+,0,1,9,667,0.4
2022-09-06,O-,0,1,9,667,0.08
2022-09-07,A+,0,2,9,668,0.31
2022-09-07,A-,0,2,9,668,0.16
2022-09-07,AB+,0,2,9,668,0.08
2022-09-07,AB-,0,2,9,668,0.08
2022-09-07,B+,1,2,9,668,0.64
2022-09-07,B-,1,2,9,668,0.09
2022-09-07,O+,0,2,9,668,0.41
2022-09-07,O-,1,2,9,668,0.18
2022-09-08,A+,0,3,9,669,0.34
2022-09-08,A-,0,3,9,669,0.18
2022-09-08,AB+,0,3,9,669,0.1
2022-09-08,AB-,0,3,9,669,0.09
2022-09-08,B+,0,3,9,669,0.56
2022-09-08,B-,0,3,9,669,0.09
2022-09-08,O+,1,3,9,669,0.4
2022-09-08,O-,0,3,9,669,0.16
2022-09-09,A+,0,4,9,670,0.32
2022-09-09,A-,0,4,9,670,0.16
2022-09-09,AB+,0,4,9,670,0.09
2022-09-09,AB-,0,4,9,670,0.09
2022-09-09,B+,0,4,9,670,0.48
2022-09-09,B-,0,4,9,670,0.08
2022-09-09,O+,0,4,9,670,0.31
2022-09-09,O-,0,4,9,670,0.16
2022-09-10,A+,2,5,9,671,0.49
2022-09-10,A-,0,5,9,671,0.17
2022-09-10,AB+,0,5,9,671,0.09
2022-09-10,AB-,0,5,9,671,0.09
2022-09-10,B+,1,5,9,671,0.57
2022-09-10,B-,0,5,9,671,0.1
2022-09-10,O+,1,5,9,671,0.42
2022-09-10,O-,0,5,9,671,0.17
2022-09-11,A+,0,6,9,672,0.49
2022-09-11,A-,0,6,9,672,0.17
2022-09-11,AB+,0,6,9,672,0.01
2022-09-11,AB-,0,6,9,672,0.01
2022-09-11,B+,0,6,9,672,0.56
2022-09-11,B-,0,6,9,672,0.08
2022-09-11,O+,0,6,9,672,0.39
2022-09-11,O-,0,6,9,672,0.16
2022-09-12,A+,0,0,9,673,0.47
2022-09-12,A-,0,0,9,673,0.16
2022-09-12,AB+,0,0,9,673,0.0
2022-09-12,AB-,0,0,9,673,0.0
2022-09-12,B+,0,0,9,673,0.47
2022-09-12,B-,0,0,9,673,0.08
2022-09-12,O+,1,0,9,673,0.48
2022-09-12,O-,0,0,9,673,0.16
2022-09-13,A+,0,1,9,674,0.4
2022-09-13,A-,0,1,9,674,0.09
2022-09-13,AB+,0,1,9,674,0.01
2022-09-13,AB-,0,1,9,674,0.01
2022-09-13,B+,0,1,9,674,0.4
2022-09-13,B-,0,1,9,674,0.08
2022-09-13,O+,0,1,9,674,0.47
2022-09-13,O-,0,1,9,674,0.16
2022-09-14,A+,1,2,9,675,0.4
2022-09-14,A-,0,2,9,675,0.01
2022-09-14,AB+,0,2,9,675,0.01
2022-09-14,AB-,0,2,9,675,0.01
2022-09-14,B+,1,2,9,675,0.49
2022-09-14,B-,0,2,9,675,0.09
2022-09-14,O+,0,2,9,675,0.49
2022-09-14,O-,0,2,9,675,0.16
2022-09-15,A+,0,3,9,676,0.4
2022-09-15,A-,0,3,9,676,0.01
2022-09-15,AB+,0,3,9,676,0.01
2022-09-15,AB-,0,3,9,676,0.0
2022-09-15,B+,0,3,9,676,0.39
2022-09-15,B-,0,3,9,676,0.08
2022-09-15,O+,0,3,9,676,0.47
2022-09-15,O-,0,3,9,676,0.16
2022-09-16,A+,0,4,9,677,0.31
2022-09-16,A-,0,4,9,677,0.0
2022-09-16,AB+,0,4,9,677,0.0
2022-09-16,AB-,0,4,9,677,0.0
2022-09-16,B+,1,4,9,677,0.48
2022-09-16,B-,0,4,9,677,0.09
2022-09-16,O+,0,4,9,677,0.48
2022-09-16,O-,1,4,9,677,0.25
2022-09-17,A+,0,5,9,678,0.33
2022-09-17,A-,0,5,9,678,0.01
2022-09-17,AB+,0,5,9,678,0.01
2022-09-17,AB-,0,5,9,678,0.01
2022-09-17,B+,0,5,9,678,0.4
2022-09-17,B-,0,5,9,678,0.09
2022-09-17,O+,0,5,9,678,0.47
2022-09-17,O-,0,5,9,678,0.24
2022-09-18,A+,0,6,9,679,0.31
2022-09-18,A-,0,6,9,679,0.0
2022-09-18,AB+,0,6,9,679,0.0
2022-09-18,AB-,0,6,9,679,0.0
2022-09-18,B+,2,6,9,679,0.56
2022-09-18,B-,1,6,9,679,0.18
2022-09-18,O+,0,6,9,679,0.34
2022-09-18,O-,0,6,9,679,0.26
2022-09-19,A+,0,0,9,680,0.34
2022-09-19,A-,0,0,9,680,0.02
2022-09-19,AB+,0,0,9,680,0.02
2022-09-19,AB-,0,0,9,680,0.01
2022-09-19,B+,0,0,9,680,0.47
2022-09-19,B-,0,0,9,680,0.16
2022-09-19,O+,0,0,9,680,0.24
2022-09-19,O-,0,0,9,680,0.16
2022-09-20,A+,0,1,9,681,0.24
2022-09-20,A-,0,1,9,681,0.0
2022-09-20,AB+,0,1,9,681,0.0
2022-09-20,AB-,0,1,9,681,0.0
2022-09-20,B+,1,1,9,681,0.56
2022-09-20,B-,0,1,9,681,0.16
2022-09-20,O+,0,1,9,681,0.24
2022-09-20,O-,0,1,9,681,0.16
2022-09-21,A+,0,2,9,682,0.24
2022-09-21,A-,0,2,9,682,0.01
2022-09-21,AB+,0,2,9,682,0.01
2022-09-21,AB-,0,2,9,682,0.0
2022-09-21,B+,0,2,9,682,0.47
2022-09-21,B-,0,2,9,682,0.08
2022-09-21,O+,0,2,9,682,0.24
2022-09-21,O-,0,2,9,682,0.08
2022-09-22,A+,0,3,9,683,0.24
2022-09-22,A-,0,3,9,683,0.0
2022-09-22,AB+,0,3,9,683,0.0
2022-09-22,AB-,0,3,9,683,0.0
2022-09-22,B+,0,3,9,683,0.47
2022-09-22,B-,0,3,9,683,0.08
2022-09-22,O+,1,3,9,683,0.24
2022-09-22,O-,0,3,9,683,0.09
2022-09-23,A+,0,4,9,684,0.24
2022-09-23,A-,0,4,9,684,0.01
2022-09-23,AB+,0,4,9,684,0.01
2022-09-23,AB-,0,4,9,684,0.01
2022-09-23,B+,0,4,9,684,0.48
2022-09-23,B-,0,4,9,684,0.08
2022-09-23,O+,1,4,9,684,0.32
2022-09-23,O-,0,4,9,684,0.09
2022-09-24,A+,0,5,9,685,0.09
2022-09-24,A-,0,5,9,685,0.01
2022-09-24,AB+,0,5,9,685,0.01
2022-09-24,AB-,0,5,9,685,0.01
2022-09-24,B+,0,5,9,685,0.4
2022-09-24,B-,0,5,9,685,0.08
2022-09-24,O+,0,5,9,685,0.24
2022-09-24,O-,0,5,9,685,0.08
2022-09-25,A+,1,6,9,686,0.16
2022-09-25,A-,0,6,9,686,0.01
2022-09-25,AB+,1,6,9,686,0.09
2022-09-25,AB-,0,6,9,686,0.01
2022-09-25,B+,1,6,9,686,0.49
2022-09-25,B-,0,6,9,686,0.1
2022-09-25,O+,0,6,9,686,0.26
2022-09-25,O-,0,6,9,686,0.09
2022-09-26,A+,0,0,9,687,0.17
2022-09-26,A-,0,0,9,687,0.01
2022-09-26,AB+,0,0,9,687,0.09
2022-09-26,AB-,0,0,9,687,0.0
2022-09-26,B+,1,0,9,687,0.56
2022-09-26,B-,0,0,9,687,0.09
2022-09-26,O+,0,0,9,687,0.16
2022-09-26,O-,0,0,9,687,0.09
2022-09-27,A+,0,1,9,688,0.16
2022-09-27,A-,0,1,9,688,0.01
2022-09-27,AB+,0,1,9,688,0.09
2022-09-27,AB-,0,1,9,688,0.0
2022-09-27,B+,0,1,9,688,0.55
2022-09-27,B-,0,1,9,688,0.08
2022-09-27,O+,1,1,9,688,0.24
2022-09-27,O-,0,1,9,688,0.09
2022-09-28,A+,0,2,9,689,0.09
2022-09-28,A-,0,2,9,689,0.01
2022-09-28,AB+,0,2,9,689,0.09
2022-09-28,AB-,0,2,9,689,0.01
2022-09-28,B+,0,2,9,689,0.48
2022-09-28,B-,0,2,9,689,0.08
2022-09-28,O+,1,2,9,689,0.32
2022-09-28,O-,0,2,9,689,0.09
2022-09-29,A+,0,3,9,690,0.09
2022-09-29,A-,0,3,9,690,0.01
2022-09-29,AB+,0,3,9,690,0.09
2022-09-29,AB-,0,3,9,690,0.01
2022-09-29,B+,1,3,9,690,0.56
2022-09-29,B-,0,3,9,690,0.09
2022-09-29,O+,1,3,9,690,0.41
2022-09-29,O-,0,3,9,690,0.09
2022-09-30,A+,0,4,9,691,0.09
2022-09-30,A-,0,4,9,691,0.01
2022-09-30,AB+,0,4,9,691,0.09
2022-09-30,AB-,0,4,9,691,0.01
2022-09-30,B+,0,4,9,691,0.48
2022-09-30,B-,0,4,9,691,0.08
2022-09-30,O+,0,4,9,691,0.39
2022-09-30,O-,0,4,9,691,0.0
2022-10-01,A+,0,5,10,692,0.08
2022-10-01,A-,0,5,10,692,0.0
2022-10-01,AB+,0,5,10,692,0.08
2022-10-01,AB-,0,5,10,692,0.0
2022-10-01,B+,0,5,10,692,0.47
2022-10-01,B-,0,5,10,692,0.08
2022-10-01,O+,0,5,10,692,0.39
2022-10-01,O-,0,5,10,692,0.0
2022-10-02,A+,1,6,10,693,0.16
2022-10-02,A-,0,6,10,693,0.01
2022-10-02,AB+,0,6,10,693,0.09
2022-10-02,AB-,0,6,10,693,0.01
2022-10-02,B+,0,6,10,693,0.32
2022-10-02,B-,0,6,10,693,0.01
2022-10-02,O+,0,6,10,693,0.4
2022-10-02,O-,0,6,10,693,0.0
2022-10-03,A+,0,0,10,694,0.16
2022-10-03,A-,0,0,10,694,0.0
2022-10-03,AB+,0,0,10,694,0.08
2022-10-03,AB-,0,0,10,694,0.0
2022-10-03,B+,0,0,10,694,0.31
2022-10-03,B-,0,0,10,694,0.0
2022-10-03,O+,0,0,10,694,0.39
2022-10-03,O-,0,0,10,694,0.0
2022-10-04,A+,0,1,10,695,0.16
2022-10-04,A-,0,1,10,695,0.0
2022-10-04,AB+,0,1,10,695,0.08
2022-10-04,AB-,0,1,10,695,0.0
2022-10-04,B+,3,1,10,695,0.49
2022-10-04,B-,0,1,10,695,0.02
2022-10-04,O+,1,1,10,695,0.5
2022-10-04,O-,0,1,10,695,0.03
2022-10-05,A+,0,2,10,696,0.19
2022-10-05,A-,0,2,10,696,0.03
2022-10-05,AB+,0,2,10,696,0.11
2022-10-05,AB-,0,2,10,696,0.01
2022-10-05,B+,0,2,10,696,0.48
2022-10-05,B-,0,2,10,696,0.0
2022-10-05,O+,1,2,10,696,0.56
2022-10-05,O-,0,2,10,696,0.01
2022-10-06,A+,0,3,10,697,0.16
2022-10-06,A-,0,3,10,697,0.01
2022-10-06,AB+,1,3,10,697,0.17
2022-10-06,AB-,0,3,10,697,0.01
2022-10-06,B+,1,3,10,697,0.57
2022-10-06,B-,0,3,10,697,0.01
2022-10-06,O+,0,3,10,697,0.49
2022-10-06,O-,0,3,10,697,0.01
2022-10-07,A+,0,4,10,698,0.17
2022-10-07,A-,0,4,10,698,0.01
2022-10-07,AB+,0,4,10,698,0.16
2022-10-07,AB-,0,4,10,698,0.0
2022-10-07,B+,0,4,10,698,0.55
2022-10-07,B-,0,4,10,698,0.0
2022-10-07,O+,1,4,10,698,0.48
2022-10-07,O-,0,4,10,698,0.01
2022-10-08,A+,0,5,10,699,0.16
2022-10-08,A-,0,5,10,699,0.01
2022-10-08,AB+,0,5,10,699,0.16
2022-10-08,AB-,0,5,10,699,0.01
2022-10-08,B+,1,5,10,699,0.64
2022-10-08,B-,0,5,10,699,0.01
2022-10-08,O+,0,5,10,699,0.48
2022-10-08,O-,0,5,10,699,0.01
2022-10-09,A+,1,6,10,700,0.17
2022-10-09,A-,0,6,10,700,0.01
2022-10-09,AB+,0,6,10,700,0.09
2022-10-09,AB-,0,6,10,700,0.01
2022-10-09,B+,0,6,10,700,0.56
2022-10-09,B-,0,6,10,700,0.01
2022-10-09,O+,0,6,10,700,0.48
2022-10-09,O-,0,6,10,700,0.0
2022-10-10,A+,0,0,10,701,0.16
2022-10-10,A-,0,0,10,701,0.0
2022-10-10,AB+,0,0,10,701,0.08
2022-10-10,AB-,0,0,10,701,0.0
2022-10-10,B+,2,0,10,701,0.64
2022-10-10,B-,0,0,10,701,0.01
2022-10-10,O+,0,0,10,701,0.49
2022-10-10,O-,0,0,10,701,0.01
2022-10-11,A+,0,1,10,702,0.17
2022-10-11,A-,0,1,10,702,0.01
2022-10-11,AB+,0,1,10,702,0.09
2022-10-11,AB-,0,1,10,702,0.0
2022-10-11,B+,1,1,10,702,0.71
2022-10-11,B-,1,1,10,702,0.09
2022-10-11,O+,0,1,10,702,0.41
2022-10-11,O-,0,1,10,702,0.01
2022-10-12,A+,0,2,10,703,0.17
2022-10-12,A-,0,2,10,703,0.01
2022-10-12,AB+,0,2,10,703,0.09
2022-10-12,AB-,0,2,10,703,0.01
2022-10-12,B+,1,2,10,703,0.79
2022-10-12,B-,0,2,10,703,0.09
2022-10-12,O+,0,2,10,703,0.32
2022-10-12,O-,0,2,10,703,0.01
2022-10-13,A+,0,3,10,704,0.16
2022-10-13,A-,0,3,10,704,0.01
2022-10-13,AB+,0,3,10,704,0.09
2022-10-13,AB-,0,3,10,704,0.0
2022-10-13,B+,0,3,10,704,0.71
2022-10-13,B-,0,3,10,704,0.08
2022-10-13,O+,0,3,10,704,0.24
2022-10-13,O-,0,3,10,704,0.0
2022-10-14,A+,0,4,10,705,0.16
2022-10-14,A-,0,4,10,705,0.0
2022-10-14,AB+,0,4,10,705,0.08
2022-10-14,AB-,0,4,10,705,0.0
2022-10-14,B+,0,4,10,705,0.71
2022-10-14,B-,0,4,10,705,0.08
2022-10-14,O+,0,4,10,705,0.24
2022-10-14,O-,0,4,10,705,0.0
2022-10-15,A+,0,5,10,706,0.16
2022-10-15,A-,0,5,10,706,0.0
2022-10-15,AB+,0,5,10,706,0.08
2022-10-15,AB-,0,5,10,706,0.0
2022-10-15,B+,0,5,10,706,0.71
2022-10-15,B-,0,5,10,706,0.08
2022-10-15,O+,0,5,10,706,0.24
2022-10-15,O-,0,5,10,706,0.0
2022-10-16,A+,1,6,10,707,0.16
2022-10-16,A-,0,6,10,707,0.01
2022-10-16,AB+,0,6,10,707,0.09
2022-10-16,AB-,0,6,10,707,0.01
2022-10-16,B+,1,6,10,707,0.8
2022-10-16,B-,0,6,10,707,0.09
2022-10-16,O+,0,6,10,707,0.25
2022-10-16,O-,0,6,10,707,0.01
2022-10-17,A+,1,0,10,708,0.25
2022-10-17,A-,0,0,10,708,0.01
2022-10-17,AB+,0,0,10,708,0.09
2022-10-17,AB-,0,0,10,708,0.01
2022-10-17,B+,1,0,10,708,0.88
2022-10-17,B-,0,0,10,708,0.09
2022-10-17,O+,0,0,10,708,0.25
2022-10-17,O-,0,0,10,708,0.01
2022-10-18,A+,0,1,10,709,0.24
2022-10-18,A-,0,1,10,709,0.01
2022-10-18,AB+,0,1,10,709,0.09
2022-10-18,AB-,0,1,10,709,0.0
2022-10-18,B+,0,1,10,709,0.63
2022-10-18,B-,0,1,10,709,0.08
2022-10-18,O+,1,1,10,709,0.24
2022-10-18,O-,1,1,10,709,0.09
2022-10-19,A+,0,2,10,710,0.25
2022-10-19,A-,0,2,10,710,0.01
2022-10-19,AB+,1,2,10,710,0.18
2022-10-19,AB-,0,2,10,710,0.02
2022-10-19,B+,1,2,10,710,0.74
2022-10-19,B-,0,2,10,710,0.1
2022-10-19,O+,1,2,10,710,0.26
2022-10-19,O-,0,2,10,710,0.1
2022-10-20,A+,0,3,10,711,0.26
2022-10-20,A-,0,3,10,711,0.01
2022-10-20,AB+,0,3,10,711,0.09
2022-10-20,AB-,0,3,10,711,0.01
2022-10-20,B+,1,3,10,711,0.72
2022-10-20,B-,0,3,10,711,0.09
2022-10-20,O+,1,3,10,711,0.33
2022-10-20,O-,0,3,10,711,0.09
2022-10-21,A+,0,4,10,712,0.25
2022-10-21,A-,0,4,10,712,0.01
2022-10-21,AB+,0,4,10,712,0.09
2022-10-21,AB-,0,4,10,712,0.01
2022-10-21,B+,0,4,10,712,0.71
2022-10-21,B-,0,4,10,712,0.08
2022-10-21,O+,0,4,10,712,0.24
2022-10-21,O-,0,4,10,712,0.08
2022-10-22,A+,0,5,10,713,0.24
2022-10-22,A-,1,5,10,713,0.09
2022-10-22,AB+,0,5,10,713,0.09
2022-10-22,AB-,0,5,10,713,0.01
2022-10-22,B+,1,5,10,713,0.72
2022-10-22,B-,0,5,10,713,0.09
2022-10-22,O+,0,5,10,713,0.25
2022-10-22,O-,0,5,10,713,0.09
2022-10-23,A+,0,6,10,714,0.16
2022-10-23,A-,0,6,10,714,0.09
2022-10-23,AB+,0,6,10,714,0.09
2022-10-23,AB-,0,6,10,714,0.0
2022-10-23,B+,0,6,10,714,0.71
2022-10-23,B-,0,6,10,714,0.08
2022-10-23,O+,1,6,10,714,0.32
2022-10-23,O-,0,6,10,714,0.09
2022-10-24,A+,0,0,10,715,0.16
2022-10-24,A-,0,0,10,715,0.09
2022-10-24,AB+,0,0,10,715,0.09
2022-10-24,AB-,1,0,10,715,0.09
2022-10-24,B+,0,0,10,715,0.56
2022-10-24,B-,0,0,10,715,0.09
2022-10-24,O+,1,0,10,715,0.41
2022-10-24,O-,0,0,10,715,0.09
2022-10-25,A+,0,1,10,716,0.17
2022-10-25,A-,0,1,10,716,0.09
2022-10-25,AB+,0,1,10,716,0.09
2022-10-25,AB-,0,1,10,716,0.09
2022-10-25,B+,0,1,10,716,0.48
2022-10-25,B-,0,1,10,716,0.0
2022-10-25,O+,2,1,10,716,0.56
2022-10-25,O-,0,1,10,716,0.09
2022-10-26,A+,1,2,10,717,0.26
2022-10-26,A-,0,2,10,717,0.1
2022-10-26,AB+,0,2,10,717,0.1
2022-10-26,AB-,0,2,10,717,0.1
2022-10-26,B+,0,2,10,717,0.41
2022-10-26,B-,0,2,10,717,0.01
2022-10-26,O+,1,2,10,717,0.64
2022-10-26,O-,0,2,10,717,0.09
2022-10-27,A+,0,3,10,718,0.24
2022-10-27,A-,0,3,10,718,0.09
2022-10-27,AB+,0,3,10,718,0.09
2022-10-27,AB-,0,3,10,718,0.09
2022-10-27,B+,1,3,10,718,0.49
2022-10-27,B-,0,3,10,718,0.01
2022-10-27,O+,0,3,10,718,0.64
2022-10-27,O-,1,3,10,718,0.17
2022-10-28,A+,0,4,10,719,0.25
2022-10-28,A-,0,4,10,719,0.09
2022-10-28,AB+,0,4,10,719,0.09
2022-10-28,AB-,0,4,10,719,0.09
2022-10-28,B+,0,4,10,719,0.48
2022-10-28,B-,0,4,10,719,0.01
2022-10-28,O+,0,4,10,719,0.63
2022-10-28,O-,0,4,10,719,0.16
2022-10-29,A+,1,5,10,720,0.32
2022-10-29,A-,0,5,10,720,0.09
2022-10-29,AB+,0,5,10,720,0.09
2022-10-29,AB-,0,5,10,720,0.09
2022-10-29,B+,0,5,10,720,0.48
2022-10-29,B-,0,5,10,720,0.01
2022-10-29,O+,0,5,10,720,0.64
2022-10-29,O-,0,5,10,720,0.16
2022-10-30,A+,0,6,10,721,0.24
2022-10-30,A-,0,6,10,721,0.08
2022-10-30,AB+,0,6,10,721,0.08
2022-10-30,AB-,0,6,10,721,0.08
2022-10-30,B+,0,6,10,721,0.39
2022-10-30,B-,0,6,10,721,0.0
2022-10-30,O+,0,6,10,721,0.63
2022-10-30,O-,0,6,10,721,0.16
2022-10-31,A+,0,0,10,722,0.16
2022-10-31,A-,0,0,10,722,0.08
2022-10-31,AB+,0,0,10,722,0.08
2022-10-31,AB-,0,0,10,722,0.08
2022-10-31,B+,0,0,10,722,0.31
2022-10-31,B-,0,0,10,722,0.0
2022-10-31,O+,1,0,10,722,0.71
2022-10-31,O-,0,0,10,722,0.16
2022-11-01,A+,1,1,11,723,0.25
2022-11-01,A-,0,1,11,723,0.09
2022-11-01,AB+,0,1,11,723,0.09
2022-11-01,AB-,1,1,11,723,0.18
2022-11-01,B+,1,1,11,723,0.42
2022-11-01,B-,0,1,11,723,0.02
2022-11-01,O+,0,1,11,723,0.65
2022-11-01,O-,0,1,11,723,0.09
2022-11-02,A+,0,2,11,724,0.25
2022-11-02,A-,0,2,11,724,0.09
2022-11-02,AB+,0,2,11,724,0.01
2022-11-02,AB-,0,2,11,724,0.16
2022-11-02,B+,0,2,11,724,0.31
2022-11-02,B-,0,2,11,724,0.0
2022-11-02,O+,0,2,11,724,0.55
2022-11-02,O-,0,2,11,724,0.08
2022-11-03,A+,0,3,11,725,0.24
2022-11-03,A-,1,3,11,725,0.16
2022-11-03,AB+,0,3,11,725,0.01
2022-11-03,AB-,0,3,11,725,0.16
2022-11-03,B+,1,3,11,725,0.33
2022-11-03,B-,0,3,11,725,0.01
2022-11-03,O+,0,3,11,725,0.49
2022-11-03,O-,0,3,11,725,0.09
2022-11-04,A+,1,4,11,726,0.33
2022-11-04,A-,0,4,11,726,0.17
2022-11-04,AB+,0,4,11,726,0.01
2022-11-04,AB-,0,4,11,726,0.16
2022-11-04,B+,0,4,11,726,0.32
2022-11-04,B-,0,4,11,726,0.01
2022-11-04,O+,1,4,11,726,0.56
2022-11-04,O-,0,4,11,726,0.09
2022-11-05,A+,1,5,11,727,0.41
2022-11-05,A-,0,5,11,727,0.09
2022-11-05,AB+,0,5,11,727,0.01
2022-11-05,AB-,0,5,11,727,0.17
2022-11-05,B+,1,5,11,727,0.34
2022-11-05,B-,0,5,11,727,0.01
2022-11-05,O+,1,5,11,727,0.65
2022-11-05,O-,0,5,11,727,0.09
2022-11-06,A+,0,6,11,728,0.41
2022-11-06,A-,0,6,11,728,0.09
2022-11-06,AB+,0,6,11,728,0.01
2022-11-06,AB-,0,6,11,728,0.16
2022-11-06,B+,1,6,11,728,0.41
2022-11-06,B-,1,6,11,728,0.09
2022-11-06,O+,0,6,11,728,0.56
2022-11-06,O-,0,6,11,728,0.09
2022-11-07,A+,1,0,11,729,0.49
2022-11-07,A-,0,0,11,729,0.1
2022-11-07,AB+,0,0,11,729,0.02
2022-11-07,AB-,0,0,11,729,0.09
2022-11-07,B+,1,0,11,729,0.49
2022-11-07,B-,0,0,11,729,0.09
2022-11-07,O+,0,0,11,729,0.49
2022-11-07,O-,0,0,11,729,0.09
2022-11-08,A+,2,1,11,730,0.65
2022-11-08,A-,0,1,11,730,0.1
2022-11-08,AB+,0,1,11,730,0.02
2022-11-08,AB-,1,1,11,730,0.18
2022-11-08,B+,0,1,11,730,0.49
2022-11-08,B-,0,1,11,730,0.1
2022-11-08,O+,1,1,11,730,0.42
2022-11-08,O-,0,1,11,730,0.09
2022-11-09,A+,0,2,11,731,0.56
2022-11-09,A-,0,2,11,731,0.09
2022-11-09,AB+,0,2,11,731,0.01
2022-11-09,AB-,0,2,11,731,0.16
2022-11-09,B+,0,2,11,731,0.48
2022-11-09,B-,0,2,11,731,0.08
2022-11-09,O+,1,2,11,731,0.4
2022-11-09,O-,0,2,11,731,0.09
2022-11-10,A+,0,3,11,732,0.56
2022-11-10,A-,0,3,11,732,0.09
2022-11-10,AB+,0,3,11,732,0.01
2022-11-10,AB-,0,3,11,732,0.16
2022-11-10,B+,0,3,11,732,0.4
2022-11-10,B-,0,3,11,732,0.08
2022-11-10,O+,1,3,11,732,0.48
2022-11-10,O-,0,3,11,732,0.01
2022-11-11,A+,1,4,11,733,0.64
2022-11-11,A-,0,4,11,733,0.09
2022-11-11,AB+,1,4,11,733,0.1
2022-11-11,AB-,0,4,11,733,0.18
2022-11-11,B+,0,4,11,733,0.41
2022-11-11,B-,0,4,11,733,0.09
2022-11-11,O+,0,4,11,733,0.49
2022-11-11,O-,0,4,11,733,0.01
2022-11-12,A+,0,5,11,734,0.56
2022-11-12,A-,0,5,11,734,0.08
2022-11-12,AB+,0,5,11,734,0.08
2022-11-12,AB-,0,5,11,734,0.16
2022-11-12,B+,0,5,11,734,0.39
2022-11-12,B-,0,5,11,734,0.08
2022-11-12,O+,1,5,11,734,0.56
2022-11-12,O-,0,5,11,734,0.01
2022-11-13,A+,1,6,11,735,0.64
2022-11-13,A-,0,6,11,735,0.09
2022-11-13,AB+,0,6,11,735,0.09
2022-11-13,AB-,0,6,11,735,0.17
2022-11-13,B+,0,6,11,735,0.41
2022-11-13,B-,0,6,11,735,0.09
2022-11-13,O+,0,6,11,735,0.56
2022-11-13,O-,0,6,11,735,0.0
2022-11-14,A+,0,0,11,736,0.63
2022-11-14,A-,0,0,11,736,0.08
2022-11-14,AB+,0,0,11,736,0.08
2022-11-14,AB-,0,0,11,736,0.16
2022-11-14,B+,0,0,11,736,0.39
2022-11-14,B-,0,0,11,736,0.08
2022-11-14,O+,0,0,11,736,0.47
2022-11-14,O-,0,0,11,736,0.0
2022-11-15,A+,1,1,11,737,0.64
2022-11-15,A-,0,1,11,737,0.09
2022-11-15,AB+,0,1,11,737,0.09
2022-11-15,AB-,0,1,11,737,0.09
2022-11-15,B+,0,1,11,737,0.32
2022-11-15,B-,0,1,11,737,0.09
2022-11-15,O+,1,1,11,737,0.56
2022-11-15,O-,0,1,11,737,0.01
2022-11-16,A+,0,2,11,738,0.64
2022-11-16,A-,0,2,11,738,0.09
2022-11-16,AB+,0,2,11,738,0.09
2022-11-16,AB-,0,2,11,738,0.09
2022-11-16,B+,2,2,11,738,0.49
2022-11-16,B-,0,2,11,738,0.09
2022-11-16,O+,0,2,11,738,0.56
2022-11-16,O-,0,2,11,738,0.01
2022-11-17,A+,0,3,11,739,0.64
2022-11-17,A-,0,3,11,739,0.01
2022-11-17,AB+,0,3,11,739,0.09
2022-11-17,AB-,0,3,11,739,0.08
2022-11-17,B+,0,3,11,739,0.39
2022-11-17,B-,0,3,11,739,0.08
2022-11-17,O+,0,3,11,739,0.55
2022-11-17,O-,0,3,11,739,0.0
2022-11-18,A+,0,4,11,740,0.55
2022-11-18,A-,0,4,11,740,0.0
2022-11-18,AB+,0,4,11,740,0.08
2022-11-18,AB-,0,4,11,740,0.08
2022-11-18,B+,0,4,11,740,0.39
2022-11-18,B-,0,4,11,740,0.08
2022-11-18,O+,1,4,11,740,0.56
2022-11-18,O-,0,4,11,740,0.01
2022-11-19,A+,0,5,11,741,0.48
2022-11-19,A-,0,5,11,741,0.01
2022-11-19,AB+,0,5,11,741,0.09
2022-11-19,AB-,0,5,11,741,0.09
2022-11-19,B+,1,5,11,741,0.41
2022-11-19,B-,0,5,11,741,0.09
2022-11-19,O+,0,5,11,741,0.48
2022-11-19,O-,0,5,11,741,0.01
2022-11-20,A+,0,6,11,742,0.48
2022-11-20,A-,0,6,11,742,0.01
2022-11-20,AB+,0,6,11,742,0.09
2022-11-20,AB-,0,6,11,742,0.08
2022-11-20,B+,1,6,11,742,0.4
2022-11-20,B-,0,6,11,742,0.01
2022-11-20,O+,1,6,11,742,0.56
2022-11-20,O-,0,6,11,742,0.01
2022-11-21,A+,0,0,11,743,0.41
2022-11-21,A-,0,0,11,743,0.01
2022-11-21,AB+,0,0,11,743,0.09
2022-11-21,AB-,0,0,11,743,0.09
2022-11-21,B+,0,0,11,743,0.32
2022-11-21,B-,0,0,11,743,0.0
2022-11-21,O+,1,0,11,743,0.64
2022-11-21,O-,0,0,11,743,0.01
2022-11-22,A+,0,1,11,744,0.24
2022-11-22,A-,0,1,11,744,0.01
2022-11-22,AB+,0,1,11,744,0.09
2022-11-22,AB-,0,1,11,744,0.01
2022-11-22,B+,1,1,11,744,0.41
2022-11-22,B-,0,1,11,744,0.01
2022-11-22,O+,0,1,11,744,0.56
2022-11-22,O-,0,1,11,744,0.01
2022-11-23,A+,0,2,11,745,0.24
2022-11-23,A-,0,2,11,745,0.01
2022-11-23,AB+,0,2,11,745,0.09
2022-11-23,AB-,0,2,11,745,0.0
2022-11-23,B+,0,2,11,745,0.39
2022-11-23,B-,0,2,11,745,0.0
2022-11-23,O+,0,2,11,745,0.47
2022-11-23,O-,0,2,11,745,0.0
2022-11-24,A+,0,3,11,746,0.24
2022-11-24,A-,0,3,11,746,0.0
2022-11-24,AB+,0,3,11,746,0.08
2022-11-24,AB-,0,3,11,746,0.0
2022-11-24,B+,2,3,11,746,0.56
2022-11-24,B-,0,3,11,746,0.01
2022-11-24,O+,1,3,11,746,0.49
2022-11-24,O-,0,3,11,746,0.02
2022-11-25,A+,1,4,11,747,0.26
2022-11-25,A-,0,4,11,747,0.03
2022-11-25,AB+,0,4,11,747,0.03
2022-11-25,AB-,0,4,11,747,0.01
2022-11-25,B+,0,4,11,747,0.56
2022-11-25,B-,0,4,11,747,0.01
2022-11-25,O+,1,4,11,747,0.56
2022-11-25,O-,0,4,11,747,0.01
2022-11-26,A+,0,5,11,748,0.24
2022-11-26,A-,0,5,11,748,0.01
2022-11-26,AB+,0,5,11,748,0.01
2022-11-26,AB-,0,5,11,748,0.01
2022-11-26,B+,0,5,11,748,0.56
2022-11-26,B-,1,5,11,748,0.09
2022-11-26,O+,0,5,11,748,0.48
2022-11-26,O-,0,5,11,748,0.01
2022-11-27,A+,0,6,11,749,0.16
2022-11-27,A-,0,6,11,749,0.01
2022-11-27,AB+,0,6,11,749,0.01
2022-11-27,AB-,0,6,11,749,0.01
2022-11-27,B+,3,6,11,749,0.81
2022-11-27,B-,0,6,11,749,0.1
2022-11-27,O+,0,6,11,749,0.49
2022-11-27,O-,1,6,11,749,0.11
2022-11-28,A+,0,0,11,750,0.19
2022-11-28,A-,0,0,11,750,0.03
2022-11-28,AB+,0,0,11,750,0.03
2022-11-28,AB-,0,0,11,750,0.01
2022-11-28,B+,0,0,11,750,0.79
2022-11-28,B-,0,0,11,750,0.09
2022-11-28,O+,0,0,11,750,0.47
2022-11-28,O-,0,0,11,750,0.08
2022-11-29,A+,0,1,11,751,0.08
2022-11-29,A-,0,1,11,751,0.0
2022-11-29,AB+,0,1,11,751,0.0
2022-11-29,AB-,0,1,11,751,0.0
2022-11-29,B+,0,1,11,751,0.79
2022-11-29,B-,0,1,11,751,0.08
2022-11-29,O+,0,1,11,751,0.39
2022-11-29,O-,0,1,11,751,0.08
2022-11-30,A+,0,2,11,752,0.08
2022-11-30,A-,0,2,11,752,0.0
2022-11-30,AB+,0,2,11,752,0.0
2022-11-30,AB-,0,2,11,752,0.0
2022-11-30,B+,0,2,11,752,0.63
2022-11-30,B-,0,2,11,752,0.08
2022-11-30,O+,0,2,11,752,0.39
2022-11-30,O-,1,2,11,752,0.16
2022-12-01,A+,0,3,12,753,0.09
2022-12-01,A-,0,3,12,753,0.01
2022-12-01,AB+,0,3,12,753,0.01
2022-12-01,AB-,0,3,12,753,0.01
2022-12-01,B+,0,3,12,753,0.64
2022-12-01,B-,0,3,12,753,0.09
2022-12-01,O+,0,3,12,753,0.39
2022-12-01,O-,0,3,12,753,0.16
2022-12-02,A+,0,4,12,754,0.08
2022-12-02,A-,0,4,12,754,0.0
2022-12-02,AB+,0,4,12,754,0.0
2022-12-02,AB-,0,4,12,754,0.0
2022-12-02,B+,0,4,12,754,0.63
2022-12-02,B-,1,4,12,754,0.16
2022-12-02,O+,1,4,12,754,0.41
2022-12-02,O-,0,4,12,754,0.17
2022-12-03,A+,0,5,12,755,0.09
2022-12-03,A-,0,5,12,755,0.01
2022-12-03,AB+,0,5,12,755,0.01
2022-12-03,AB-,0,5,12,755,0.01
2022-12-03,B+,0,5,12,755,0.56
2022-12-03,B-,0,5,12,755,0.16
2022-12-03,O+,0,5,12,755,0.39
2022-12-03,O-,0,5,12,755,0.16
2022-12-04,A+,0,6,12,756,0.08
2022-12-04,A-,0,6,12,756,0.0
2022-12-04,AB+,0,6,12,756,0.0
2022-12-04,AB-,0,6,12,756,0.0
2022-12-04,B+,0,6,12,756,0.47
2022-12-04,B-,0,6,12,756,0.16
2022-12-04,O+,1,6,12,756,0.4
2022-12-04,O-,0,6,12,756,0.16
2022-12-05,A+,2,0,12,757,0.26
2022-12-05,A-,0,0,12,757,0.02
2022-12-05,AB+,1,0,12,757,0.11
2022-12-05,AB-,0,0,12,757,0.03
2022-12-05,B+,0,0,12,757,0.5
2022-12-05,B-,0,0,12,757,0.18
2022-12-05,O+,0,0,12,757,0.34
2022-12-05,O-,0,0,12,757,0.16
2022-12-06,A+,0,1,12,758,0.24
2022-12-06,A-,0,1,12,758,0.0
2022-12-06,AB+,0,1,12,758,0.08
2022-12-06,AB-,0,1,12,758,0.0
2022-12-06,B+,0,1,12,758,0.39
2022-12-06,B-,0,1,12,758,0.16
2022-12-06,O+,1,1,12,758,0.4
2022-12-06,O-,0,1,12,758,0.16
2022-12-07,A+,0,2,12,759,0.24
2022-12-07,A-,0,2,12,759,0.01
2022-12-07,AB+,0,2,12,759,0.09
2022-12-07,AB-,0,2,12,759,0.01
2022-12-07,B+,0,2,12,759,0.4
2022-12-07,B-,0,2,12,759,0.16
2022-12-07,O+,0,2,12,759,0.39
2022-12-07,O-,0,2,12,759,0.16
2022-12-08,A+,0,3,12,760,0.24
2022-12-08,A-,0,3,12,760,0.0
2022-12-08,AB+,0,3,12,760,0.08
2022-12-08,AB-,0,3,12,760,0.0
2022-12-08,B+,1,3,12,760,0.32
2022-12-08,B-,0,3,12,760,0.16
2022-12-08,O+,0,3,12,760,0.32
2022-12-08,O-,0,3,12,760,0.16
2022-12-09,A+,0,4,12,761,0.16
2022-12-09,A-,0,4,12,761,0.01
2022-12-09,AB+,0,4,12,761,0.09
2022-12-09,AB-,0,4,12,761,0.0
2022-12-09,B+,2,4,12,761,0.49
2022-12-09,B-,0,4,12,761,0.17
2022-12-09,O+,0,4,12,761,0.25
2022-12-09,O-,0,4,12,761,0.17
2022-12-10,A+,1,5,12,762,0.26
2022-12-10,A-,0,5,12,762,0.02
2022-12-10,AB+,0,5,12,762,0.1
2022-12-10,AB-,0,5,12,762,0.01
2022-12-10,B+,0,5,12,762,0.48
2022-12-10,B-,0,5,12,762,0.09
2022-12-10,O+,0,5,12,762,0.24
2022-12-10,O-,0,5,12,762,0.16
2022-12-11,A+,1,6,12,763,0.32
2022-12-11,A-,0,6,12,763,0.01
2022-12-11,AB+,0,6,12,763,0.09
2022-12-11,AB-,0,6,12,763,0.01
2022-12-11,B+,0,6,12,763,0.24
2022-12-11,B-,0,6,12,763,0.09
2022-12-11,O+,0,6,12,763,0.24
2022-12-11,O-,0,6,12,763,0.08
2022-12-12,A+,1,0,12,764,0.4
2022-12-12,A-,0,0,12,764,0.01
2022-12-12,AB+,0,0,12,764,0.09
2022-12-12,AB-,0,0,12,764,0.01
2022-12-12,B+,0,0,12,764,0.24
2022-12-12,B-,0,0,12,764,0.09
2022-12-12,O+,0,0,12,764,0.24
2022-12-12,O-,0,0,12,764,0.08
2022-12-13,A+,0,1,12,765,0.39
2022-12-13,A-,0,1,12,765,0.0
2022-12-13,AB+,0,1,12,765,0.08
2022-12-13,AB-,0,1,12,765,0.0
2022-12-13,B+,1,1,12,765,0.32
2022-12-13,B-,0,1,12,765,0.09
2022-12-13,O+,2,1,12,765,0.41
2022-12-13,O-,1,1,12,765,0.19
2022-12-14,A+,0,2,12,766,0.42
2022-12-14,A-,0,2,12,766,0.03
2022-12-14,AB+,0,2,12,766,0.11
2022-12-14,AB-,0,2,12,766,0.02
2022-12-14,B+,0,2,12,766,0.34
2022-12-14,B-,0,2,12,766,0.09
2022-12-14,O+,0,2,12,766,0.39
2022-12-14,O-,0,2,12,766,0.08
2022-12-15,A+,0,3,12,767,0.39
2022-12-15,A-,0,3,12,767,0.0
2022-12-15,AB+,0,3,12,767,0.08
2022-12-15,AB-,0,3,12,767,0.0
2022-12-15,B+,0,3,12,767,0.31
2022-12-15,B-,0,3,12,767,0.08
2022-12-15,O+,1,3,12,767,0.48
2022-12-15,O-,0,3,12,767,0.09
2022-12-16,A+,0,4,12,768,0.4
2022-12-16,A-,0,4,12,768,0.01
2022-12-16,AB+,0,4,12,768,0.09
2022-12-16,AB-,0,4,12,768,0.01
2022-12-16,B+,1,4,12,768,0.41
2022-12-16,B-,0,4,12,768,0.01
2022-12-16,O+,0,4,12,768,0.4
2022-12-16,O-,0,4,12,768,0.09
2022-12-17,A+,0,5,12,769,0.4
2022-12-17,A-,0,5,12,769,0.01
2022-12-17,AB+,0,5,12,769,0.09
2022-12-17,AB-,0,5,12,769,0.0
2022-12-17,B+,0,5,12,769,0.39
2022-12-17,B-,0,5,12,769,0.0
2022-12-17,O+,0,5,12,769,0.39
2022-12-17,O-,0,5,12,769,0.08
2022-12-18,A+,0,6,12,770,0.39
2022-12-18,A-,0,6,12,770,0.0
2022-12-18,AB+,0,6,12,770,0.08
2022-12-18,AB-,0,6,12,770,0.0
2022-12-18,B+,0,6,12,770,0.39
2022-12-18,B-,0,6,12,770,0.0
2022-12-18,O+,0,6,12,770,0.31
2022-12-18,O-,0,6,12,770,0.08
2022-12-19,A+,0,0,12,771,0.24
2022-12-19,A-,0,0,12,771,0.0
2022-12-19,AB+,0,0,12,771,0.0
2022-12-19,AB-,0,0,12,771,0.0
2022-12-19,B+,1,0,12,771,0.48
2022-12-19,B-,0,0,12,771,0.01
2022-12-19,O+,0,0,12,771,0.32
2022-12-19,O-,0,0,12,771,0.09
2022-12-20,A+,0,1,12,772,0.24
2022-12-20,A-,0,1,12,772,0.01
2022-12-20,AB+,0,1,12,772,0.01
2022-12-20,AB-,0,1,12,772,0.0
2022-12-20,B+,0,1,12,772,0.47
2022-12-20,B-,0,1,12,772,0.0
2022-12-20,O+,3,1,12,772,0.49
2022-12-20,O-,0,1,12,772,0.1
2022-12-21,A+,1,2,12,773,0.34
2022-12-21,A-,0,2,12,773,0.03
2022-12-21,AB+,0,2,12,773,0.03
2022-12-21,AB-,0,2,12,773,0.03
2022-12-21,B+,1,2,12,773,0.59
2022-12-21,B-,0,2,12,773,0.01
2022-12-21,O+,2,2,12,773,0.66
2022-12-21,O-,0,2,12,773,0.1
2022-12-22,A+,0,3,12,774,0.34
2022-12-22,A-,0,3,12,774,0.02
2022-12-22,AB+,0,3,12,774,0.02
2022-12-22,AB-,0,3,12,774,0.01
2022-12-22,B+,0,3,12,774,0.49
2022-12-22,B-,0,3,12,774,0.0
2022-12-22,O+,1,3,12,774,0.71
2022-12-22,O-,0,3,12,774,0.09
2022-12-23,A+,0,4,12,775,0.32
2022-12-23,A-,0,4,12,775,0.01
2022-12-23,AB+,0,4,12,775,0.01
2022-12-23,AB-,0,4,12,775,0.01
2022-12-23,B+,1,4,12,775,0.41
2022-12-23,B-,0,4,12,775,0.01
2022-12-23,O+,1,4,12,775,0.8
2022-12-23,O-,0,4,12,775,0.09
2022-12-24,A+,0,5,12,776,0.25
2022-12-24,A-,0,5,12,776,0.01
2022-12-24,AB+,0,5,12,776,0.01
2022-12-24,AB-,0,5,12,776,0.01
2022-12-24,B+,1,5,12,776,0.49
2022-12-24,B-,0,5,12,776,0.01
2022-12-24,O+,0,5,12,776,0.79
2022-12-24,O-,0,5,12,776,0.09
2022-12-25,A+,0,6,12,777,0.16
2022-12-25,A-,0,6,12,777,0.01
2022-12-25,AB+,0,6,12,777,0.01
2022-12-25,AB-,0,6,12,777,0.0
2022-12-25,B+,1,6,12,777,0.56
2022-12-25,B-,0,6,12,777,0.01
2022-12-25,O+,0,6,12,777,0.79
2022-12-25,O-,0,6,12,777,0.09
2022-12-26,A+,0,0,12,778,0.09
2022-12-26,A-,0,0,12,778,0.01
2022-12-26,AB+,0,0,12,778,0.01
2022-12-26,AB-,0,0,12,778,0.0
2022-12-26,B+,1,0,12,778,0.64
2022-12-26,B-,0,0,12,778,0.01
2022-12-26,O+,1,0,12,778,0.88
2022-12-26,O-,0,0,12,778,0.09
2022-12-27,A+,0,1,12,779,0.09
2022-12-27,A-,0,1,12,779,0.01
2022-12-27,AB+,0,1,12,779,0.01
2022-12-27,AB-,0,1,12,779,0.01
2022-12-27,B+,2,1,12,779,0.73
2022-12-27,B-,0,1,12,779,0.01
2022-12-27,O+,0,1,12,779,0.72
2022-12-27,O-,0,1,12,779,0.01
2022-12-28,A+,0,2,12,780,0.09
2022-12-28,A-,0,2,12,780,0.01
2022-12-28,AB+,0,2,12,780,0.01
2022-12-28,AB-,0,2,12,780,0.0
2022-12-28,B+,0,2,12,780,0.71
2022-12-28,B-,0,2,12,780,0.0
2022-12-28,O+,0,2,12,780,0.71
2022-12-28,O-,0,2,12,780,0.0
2022-12-29,A+,0,3,12,781,0.08
2022-12-29,A-,0,3,12,781,0.0
2022-12-29,AB+,0,3,12,781,0.0
2022-12-29,AB-,0,3,12,781,0.0
2022-12-29,B+,1,3,12,781,0.79
2022-12-29,B-,0,3,12,781,0.01
2022-12-29,O+,0,3,12,781,0.64
2022-12-29,O-,0,3,12,781,0.01
2022-12-30,A+,0,4,12,782,0.09
2022-12-30,A-,0,4,12,782,0.01
2022-12-30,AB+,0,4,12,782,0.01
2022-12-30,AB-,0,4,12,782,0.0
2022-12-30,B+,0,4,12,782,0.71
2022-12-30,B-,0,4,12,782,0.0
2022-12-30,O+,0,4,12,782,0.63
2022-12-30,O-,0,4,12,782,0.0
2022-12-31,A+,1,5,12,783,0.16
2022-12-31,A-,0,5,12,783,0.01
2022-12-31,AB+,0,5,12,783,0.01
2022-12-31,AB-,0,5,12,783,0.01
2022-12-31,B+,0,5,12,783,0.71
2022-12-31,B-,0,5,12,783,0.01
2022-12-31,O+,0,5,12,783,0.64
2022-12-31,O-,0,5,12,783,0.0
2023-01-01,A+,0,6,1,784,0.16
2023-01-01,A-,0,6,1,784,0.0
2023-01-01,AB+,1,6,1,784,0.09
2023-01-01,AB-,0,6,1,784,0.01
2023-01-01,B+,0,6,1,784,0.71
2023-01-01,B-,0,6,1,784,0.01
2023-01-01,O+,0,6,1,784,0.64
2023-01-01,O-,0,6,1,784,0.01
2023-01-02,A+,1,0,1,785,0.25
2023-01-02,A-,0,0,1,785,0.01
2023-01-02,AB+,0,0,1,785,0.09
2023-01-02,AB-,0,0,1,785,0.01
2023-01-02,B+,0,0,1,785,0.64
2023-01-02,B-,0,0,1,785,0.01
2023-01-02,O+,0,0,1,785,0.64
2023-01-02,O-,0,0,1,785,0.0
2023-01-03,A+,0,1,1,786,0.24
2023-01-03,A-,0,1,1,786,0.0
2023-01-03,AB+,0,1,1,786,0.08
2023-01-03,AB-,0,1,1,786,0.0
2023-01-03,B+,0,1,1,786,0.63
2023-01-03,B-,0,1,1,786,0.0
2023-01-03,O+,1,1,1,786,0.48
2023-01-03,O-,0,1,1,786,0.01
2023-01-04,A+,0,2,1,787,0.16
2023-01-04,A-,0,2,1,787,0.01
2023-01-04,AB+,0,2,1,787,0.09
2023-01-04,AB-,0,2,1,787,0.01
2023-01-04,B+,0,2,1,787,0.56
2023-01-04,B-,0,2,1,787,0.0
2023-01-04,O+,0,2,1,787,0.31
2023-01-04,O-,0,2,1,787,0.0
2023-01-05,A+,1,3,1,788,0.24
2023-01-05,A-,0,3,1,788,0.01
2023-01-05,AB+,0,3,1,788,0.09
2023-01-05,AB-,0,3,1,788,0.01
2023-01-05,B+,0,3,1,788,0.56
2023-01-05,B-,0,3,1,788,0.01
2023-01-05,O+,0,3,1,788,0.24
2023-01-05,O-,0,3,1,788,0.0
2023-01-06,A+,0,4,1,789,0.24
2023-01-06,A-,0,4,1,789,0.0
2023-01-06,AB+,1,4,1,789,0.16
2023-01-06,AB-,0,4,1,789,0.01
2023-01-06,B+,1,4,1,789,0.56
2023-01-06,B-,0,4,1,789,0.01
2023-01-06,O+,0,4,1,789,0.17
2023-01-06,O-,1,4,1,789,0.1
2023-01-07,A+,0,5,1,790,0.26
2023-01-07,A-,0,5,1,790,0.01
2023-01-07,AB+,0,5,1,790,0.17
2023-01-07,AB-,0,5,1,790,0.01
2023-01-07,B+,0,5,1,790,0.48
2023-01-07,B-,0,5,1,790,0.01
2023-01-07,O+,0,5,1,790,0.16
2023-01-07,O-,1,5,1,790,0.16
2023-01-08,A+,0,6,1,791,0.24
2023-01-08,A-,0,6,1,791,0.01
2023-01-08,AB+,0,6,1,791,0.16
2023-01-08,AB-,0,6,1,791,0.01
2023-01-08,B+,0,6,1,791,0.4
2023-01-08,B-,0,6,1,791,0.01
2023-01-08,O+,1,6,1,791,0.24
2023-01-08,O-,0,6,1,791,0.16
2023-01-09,A+,0,0,1,792,0.24
2023-01-09,A-,0,0,1,792,0.01
2023-01-09,AB+,0,0,1,792,0.16
2023-01-09,AB-,0,0,1,792,0.01
2023-01-09,B+,0,0,1,792,0.32
2023-01-09,B-,0,0,1,792,0.0
2023-01-09,O+,0,0,1,792,0.16
2023-01-09,O-,0,0,1,792,0.16
2023-01-10,A+,0,1,1,793,0.24
2023-01-10,A-,0,1,1,793,0.0
2023-01-10,AB+,0,1,1,793,0.16
2023-01-10,AB-,0,1,1,793,0.0
2023-01-10,B+,2,1,1,793,0.33
2023-01-10,B-,0,1,1,793,0.01
2023-01-10,O+,0,1,1,793,0.17
2023-01-10,O-,0,1,1,793,0.17
2023-01-11,A+,0,2,1,794,0.25
2023-01-11,A-,0,2,1,794,0.01
2023-01-11,AB+,0,2,1,794,0.17
2023-01-11,AB-,0,2,1,794,0.0
2023-01-11,B+,1,2,1,794,0.4
2023-01-11,B-,0,2,1,794,0.01
2023-01-11,O+,1,2,1,794,0.25
2023-01-11,O-,0,2,1,794,0.17
2023-01-12,A+,0,3,1,795,0.25
2023-01-12,A-,0,3,1,795,0.01
2023-01-12,AB+,0,3,1,795,0.17
2023-01-12,AB-,0,3,1,795,0.01
2023-01-12,B+,1,3,1,795,0.41
2023-01-12,B-,0,3,1,795,0.01
2023-01-12,O+,0,3,1,795,0.24
2023-01-12,O-,1,3,1,795,0.25
2023-01-13,A+,0,4,1,796,0.25
2023-01-13,A-,0,4,1,796,0.01
2023-01-13,AB+,0,4,1,796,0.17
2023-01-13,AB-,0,4,1,796,0.01
2023-01-13,B+,0,4,1,796,0.4
2023-01-13,B-,0,4,1,796,0.01
2023-01-13,O+,1,4,1,796,0.32
2023-01-13,O-,0,4,1,796,0.24
2023-01-14,A+,0,5,1,797,0.16
2023-01-14,A-,0,5,1,797,0.01
2023-01-14,AB+,0,5,1,797,0.16
2023-01-14,AB-,0,5,1,797,0.01
2023-01-14,B+,0,5,1,797,0.4
2023-01-14,B-,0,5,1,797,0.0
2023-01-14,O+,0,5,1,797,0.31
2023-01-14,O-,0,5,1,797,0.24
2023-01-15,A+,0,6,1,798,0.16
2023-01-15,A-,0,6,1,798,0.0
2023-01-15,AB+,0,6,1,798,0.08
2023-01-15,AB-,0,6,1,798,0.0
2023-01-15,B+,2,6,1,798,0.56
2023-01-15,B-,0,6,1,798,0.01
2023-01-15,O+,1,6,1,798,0.41
2023-01-15,O-,0,6,1,798,0.26
2023-01-16,A+,1,0,1,799,0.19
2023-01-16,A-,0,0,1,799,0.03
2023-01-16,AB+,0,0,1,799,0.11
2023-01-16,AB-,0,0,1,799,0.01
2023-01-16,B+,0,0,1,799,0.56
2023-01-16,B-,0,0,1,799,0.01
2023-01-16,O+,0,0,1,799,0.4
2023-01-16,O-,0,0,1,799,0.24
2023-01-17,A+,0,1,1,800,0.16
2023-01-17,A-,0,1,1,800,0.0
2023-01-17,AB+,0,1,1,800,0.08
2023-01-17,AB-,0,1,1,800,0.0
2023-01-17,B+,0,1,1,800,0.55
2023-01-17,B-,0,1,1,800,0.0
2023-01-17,O+,2,1,1,800,0.49
2023-01-17,O-,0,1,1,800,0.25
2023-01-18,A+,0,2,1,801,0.17
2023-01-18,A-,0,2,1,801,0.01
2023-01-18,AB+,0,2,1,801,0.09
2023-01-18,AB-,0,2,1,801,0.01
2023-01-18,B+,1,2,1,801,0.65
2023-01-18,B-,0,2,1,801,0.01
2023-01-18,O+,0,2,1,801,0.48
2023-01-18,O-,0,2,1,801,0.24
2023-01-19,A+,0,3,1,802,0.09
2023-01-19,A-,0,3,1,802,0.01
2023-01-19,AB+,0,3,1,802,0.09
2023-01-19,AB-,0,3,1,802,0.0
2023-01-19,B+,0,3,1,802,0.63
2023-01-19,B-,0,3,1,802,0.0
2023-01-19,O+,0,3,1,802,0.47
2023-01-19,O-,0,3,1,802,0.24
2023-01-20,A+,0,4,1,803,0.08
2023-01-20,A-,0,4,1,803,0.0
2023-01-20,AB+,0,4,1,803,0.0
2023-01-20,AB-,0,4,1,803,0.0
2023-01-20,B+,0,4,1,803,0.55
2023-01-20,B-,0,4,1,803,0.0
2023-01-20,O+,2,4,1,803,0.64
2023-01-20,O-,0,4,1,803,0.17
2023-01-21,A+,1,5,1,804,0.18
2023-01-21,A-,0,5,1,804,0.02
2023-01-21,AB+,0,5,1,804,0.02
2023-01-21,AB-,0,5,1,804,0.02
2023-01-21,B+,1,5,1,804,0.66
2023-01-21,B-,0,5,1,804,0.01
2023-01-21,O+,0,5,1,804,0.64
2023-01-21,O-,0,5,1,804,0.09
2023-01-22,A+,0,6,1,805,0.16
2023-01-22,A-,0,6,1,805,0.01
2023-01-22,AB+,0,6,1,805,0.01
2023-01-22,AB-,0,6,1,805,0.0
2023-01-22,B+,0,6,1,805,0.63
2023-01-22,B-,0,6,1,805,0.0
2023-01-22,O+,0,6,1,805,0.55
2023-01-22,O-,0,6,1,805,0.08
2023-01-23,A+,0,0,1,806,0.16
2023-01-23,A-,0,0,1,806,0.0
2023-01-23,AB+,1,0,1,806,0.09
2023-01-23,AB-,0,0,1,806,0.01
2023-01-23,B+,0,0,1,806,0.64
2023-01-23,B-,0,0,1,806,0.01
2023-01-23,O+,0,0,1,806,0.56
2023-01-23,O-,2,0,1,806,0.26
2023-01-24,A+,0,1,1,807,0.18
2023-01-24,A-,0,1,1,807,0.01
2023-01-24,AB+,0,1,1,807,0.09
2023-01-24,AB-,0,1,1,807,0.01
2023-01-24,B+,0,1,1,807,0.49
2023-01-24,B-,0,1,1,807,0.01
2023-01-24,O+,0,1,1,807,0.55
2023-01-24,O-,1,1,1,807,0.32
2023-01-25,A+,0,2,1,808,0.16
2023-01-25,A-,0,2,1,808,0.01
2023-01-25,AB+,0,2,1,808,0.09
2023-01-25,AB-,0,2,1,808,0.01
2023-01-25,B+,1,2,1,808,0.49
2023-01-25,B-,0,2,1,808,0.01
2023-01-25,O+,0,2,1,808,0.48
2023-01-25,O-,0,2,1,808,0.32
2023-01-26,A+,1,3,1,809,0.25
2023-01-26,A-,0,3,1,809,0.01
2023-01-26,AB+,0,3,1,809,0.09
2023-01-26,AB-,0,3,1,809,0.01
2023-01-26,B+,0,3,1,809,0.4
2023-01-26,B-,0,3,1,809,0.01
2023-01-26,O+,0,3,1,809,0.48
2023-01-26,O-,0,3,1,809,0.24
2023-01-27,A+,0,4,1,810,0.24
2023-01-27,A-,0,4,1,810,0.0
2023-01-27,AB+,0,4,1,810,0.08
2023-01-27,AB-,0,4,1,810,0.0
2023-01-27,B+,0,4,1,810,0.39
2023-01-27,B-,0,4,1,810,0.0
2023-01-27,O+,2,4,1,810,0.56
2023-01-27,O-,0,4,1,810,0.25
2023-01-28,A+,2,5,1,811,0.42
2023-01-28,A-,0,5,1,811,0.03
2023-01-28,AB+,0,5,1,811,0.11
2023-01-28,AB-,0,5,1,811,0.03
2023-01-28,B+,0,5,1,811,0.42
2023-01-28,B-,0,5,1,811,0.01
2023-01-28,O+,1,5,1,811,0.65
2023-01-28,O-,0,5,1,811,0.24
2023-01-29,A+,0,6,1,812,0.4
2023-01-29,A-,0,6,1,812,0.01
2023-01-29,AB+,0,6,1,812,0.09
2023-01-29,AB-,0,6,1,812,0.01
2023-01-29,B+,1,6,1,812,0.33
2023-01-29,B-,0,6,1,812,0.01
2023-01-29,O+,0,6,1,812,0.56
2023-01-29,O-,0,6,1,812,0.24
2023-01-30,A+,0,0,1,813,0.32
2023-01-30,A-,0,0,1,813,0.01
2023-01-30,AB+,0,0,1,813,0.09
2023-01-30,AB-,0,0,1,813,0.0
2023-01-30,B+,1,0,1,813,0.4
2023-01-30,B-,0,0,1,813,0.01
2023-01-30,O+,2,0,1,813,0.73
2023-01-30,O-,0,0,1,813,0.26
2023-01-31,A+,0,1,1,814,0.34
2023-01-31,A-,0,1,1,814,0.02
2023-01-31,AB+,0,1,1,814,0.1
2023-01-31,AB-,0,1,1,814,0.01
2023-01-31,B+,0,1,1,814,0.41
2023-01-31,B-,0,1,1,814,0.0
2023-01-31,O+,1,1,1,814,0.64
2023-01-31,O-,0,1,1,814,0.24
2023-02-01,A+,0,2,2,815,0.32
2023-02-01,A-,0,2,2,815,0.01
2023-02-01,AB+,0,2,2,815,0.09
2023-02-01,AB-,0,2,2,815,0.01
2023-02-01,B+,1,2,2,815,0.41
2023-02-01,B-,0,2,2,815,0.01
2023-02-01,O+,1,2,2,815,0.72
2023-02-01,O-,0,2,2,815,0.25
2023-02-02,A+,1,3,2,816,0.41
2023-02-02,A-,0,3,2,816,0.02
2023-02-02,AB+,0,3,2,816,0.1
2023-02-02,AB-,0,3,2,816,0.01
2023-02-02,B+,0,3,2,816,0.41
2023-02-02,B-,0,3,2,816,0.01
2023-02-02,O+,0,3,2,816,0.71
2023-02-02,O-,0,3,2,816,0.24
2023-02-03,A+,0,4,2,817,0.39
2023-02-03,A-,1,4,2,817,0.09
2023-02-03,AB+,0,4,2,817,0.09
2023-02-03,AB-,0,4,2,817,0.01
2023-02-03,B+,1,4,2,817,0.49
2023-02-03,B-,0,4,2,817,0.01
2023-02-03,O+,2,4,2,817,0.74
2023-02-03,O-,0,4,2,817,0.26
2023-02-04,A+,0,5,2,818,0.34
2023-02-04,A-,0,5,2,818,0.1
2023-02-04,AB+,0,5,2,818,0.1
2023-02-04,AB-,0,5,2,818,0.01
2023-02-04,B+,0,5,2,818,0.41
2023-02-04,B-,0,5,2,818,0.0
2023-02-04,O+,0,5,2,818,0.71
2023-02-04,O-,0,5,2,818,0.24
2023-02-05,A+,0,6,2,819,0.31
2023-02-05,A-,0,6,2,819,0.08
2023-02-05,AB+,0,6,2,819,0.08
2023-02-05,AB-,0,6,2,819,0.0
2023-02-05,B+,1,6,2,819,0.48
2023-02-05,B-,0,6,2,819,0.01
2023-02-05,O+,0,6,2,819,0.71
2023-02-05,O-,0,6,2,819,0.24
2023-02-06,A+,1,0,2,820,0.41
2023-02-06,A-,0,0,2,820,0.09
2023-02-06,AB+,0,0,2,820,0.01
2023-02-06,AB-,0,0,2,820,0.01
2023-02-06,B+,0,0,2,820,0.48
2023-02-06,B-,0,0,2,820,0.01
2023-02-06,O+,0,0,2,820,0.71
2023-02-06,O-,0,0,2,820,0.08
2023-02-07,A+,2,1,2,821,0.56
2023-02-07,A-,0,1,2,821,0.09
2023-02-07,AB+,0,1,2,821,0.01
2023-02-07,AB-,0,1,2,821,0.01
2023-02-07,B+,0,1,2,821,0.49
2023-02-07,B-,0,1,2,821,0.01
2023-02-07,O+,0,1,2,821,0.72
2023-02-07,O-,0,1,2,821,0.0
2023-02-08,A+,0,2,2,822,0.55
2023-02-08,A-,0,2,2,822,0.08
2023-02-08,AB+,0,2,2,822,0.0
2023-02-08,AB-,0,2,2,822,0.0
2023-02-08,B+,0,2,2,822,0.39
2023-02-08,B-,0,2,2,822,0.0
2023-02-08,O+,0,2,2,822,0.71
2023-02-08,O-,0,2,2,822,0.0
2023-02-09,A+,0,3,2,823,0.47
2023-02-09,A-,0,3,2,823,0.08
2023-02-09,AB+,0,3,2,823,0.0
2023-02-09,AB-,0,3,2,823,0.0
2023-02-09,B+,0,3,2,823,0.39
2023-02-09,B-,0,3,2,823,0.0
2023-02-09,O+,1,3,2,823,0.79
2023-02-09,O-,0,3,2,823,0.01
2023-02-10,A+,0,4,2,824,0.48
2023-02-10,A-,0,4,2,824,0.09
2023-02-10,AB+,0,4,2,824,0.01
2023-02-10,AB-,0,4,2,824,0.01
2023-02-10,B+,0,4,2,824,0.4
2023-02-10,B-,0,4,2,824,0.0
2023-02-10,O+,0,4,2,824,0.63
2023-02-10,O-,0,4,2,824,0.0
2023-02-11,A+,0,5,2,825,0.31
2023-02-11,A-,0,5,2,825,0.08
2023-02-11,AB+,0,5,2,825,0.0
2023-02-11,AB-,0,5,2,825,0.0
2023-02-11,B+,0,5,2,825,0.39
2023-02-11,B-,0,5,2,825,0.0
2023-02-11,O+,0,5,2,825,0.55
2023-02-11,O-,0,5,2,825,0.0
2023-02-12,A+,0,6,2,826,0.31
2023-02-12,A-,0,6,2,826,0.08
2023-02-12,AB+,0,6,2,826,0.0
2023-02-12,AB-,0,6,2,826,0.0
2023-02-12,B+,1,6,2,826,0.4
2023-02-12,B-,0,6,2,826,0.01
2023-02-12,O+,1,6,2,826,0.64
2023-02-12,O-,0,6,2,826,0.01
2023-02-13,A+,0,0,2,827,0.33
2023-02-13,A-,0,0,2,827,0.09
2023-02-13,AB+,0,0,2,827,0.01
2023-02-13,AB-,0,0,2,827,0.01
2023-02-13,B+,1,0,2,827,0.41
2023-02-13,B-,0,0,2,827,0.01
2023-02-13,O+,1,0,2,827,0.56
2023-02-13,O-,1,0,2,827,0.1
2023-02-14,A+,0,1,2,828,0.34
2023-02-14,A-,0,1,2,828,0.1
2023-02-14,AB+,0,1,2,828,0.02
2023-02-14,AB-,0,1,2,828,0.01
2023-02-14,B+,0,1,2,828,0.41
2023-02-14,B-,0,1,2,828,0.01
2023-02-14,O+,0,1,2,828,0.47
2023-02-14,O-,0,1,2,828,0.08
2023-02-15,A+,0,2,2,829,0.31
2023-02-15,A-,0,2,2,829,0.08
2023-02-15,AB+,0,2,2,829,0.0
2023-02-15,AB-,0,2,2,829,0.0
2023-02-15,B+,1,2,2,829,0.4
2023-02-15,B-,0,2,2,829,0.01
2023-02-15,O+,0,2,2,829,0.4
2023-02-15,O-,0,2,2,829,0.09
2023-02-16,A+,0,3,2,830,0.24
2023-02-16,A-,0,3,2,830,0.09
2023-02-16,AB+,0,3,2,830,0.01
2023-02-16,AB-,0,3,2,830,0.0
2023-02-16,B+,1,3,2,830,0.48
2023-02-16,B-,0,3,2,830,0.01
2023-02-16,O+,1,3,2,830,0.49
2023-02-16,O-,0,3,2,830,0.09
2023-02-17,A+,1,4,2,831,0.34
2023-02-17,A-,1,4,2,831,0.11
2023-02-17,AB+,0,4,2,831,0.03
2023-02-17,AB-,0,4,2,831,0.02
2023-02-17,B+,0,4,2,831,0.41
2023-02-17,B-,0,4,2,831,0.01
2023-02-17,O+,2,4,2,831,0.5
2023-02-17,O-,0,4,2,831,0.1
2023-02-18,A+,3,5,2,832,0.59
2023-02-18,A-,0,5,2,832,0.11
2023-02-18,AB+,0,5,2,832,0.04
2023-02-18,AB-,0,5,2,832,0.04
2023-02-18,B+,0,5,2,832,0.43
2023-02-18,B-,0,5,2,832,0.02
2023-02-18,O+,0,5,2,832,0.49
2023-02-18,O-,0,5,2,832,0.08
2023-02-19,A+,0,6,2,833,0.55
2023-02-19,A-,0,6,2,833,0.08
2023-02-19,AB+,0,6,2,833,0.0
2023-02-19,AB-,0,6,2,833,0.0
2023-02-19,B+,0,6,2,833,0.31
2023-02-19,B-,0,6,2,833,0.0
2023-02-19,O+,2,6,2,833,0.64
2023-02-19,O-,0,6,2,833,0.09
2023-02-20,A+,0,0,2,834,0.49
2023-02-20,A-,0,0,2,834,0.09
2023-02-20,AB+,0,0,2,834,0.01
2023-02-20,AB-,0,0,2,834,0.01
2023-02-20,B+,0,0,2,834,0.33
2023-02-20,B-,0,0,2,834,0.0
2023-02-20,O+,0,0,2,834,0.63
2023-02-20,O-,1,0,2,834,0.16
2023-02-21,A+,0,1,2,835,0.32
2023-02-21,A-,0,1,2,835,0.09
2023-02-21,AB+,0,1,2,835,0.01
2023-02-21,AB-,0,1,2,835,0.01
2023-02-21,B+,0,1,2,835,0.32
2023-02-21,B-,0,1,2,835,0.01
2023-02-21,O+,0,1,2,835,0.63
2023-02-21,O-,0,1,2,835,0.16
2023-02-22,A+,1,2,2,836,0.4
2023-02-22,A-,0,2,2,836,0.09
2023-02-22,AB+,1,2,2,836,0.09
2023-02-22,AB-,0,2,2,836,0.01
2023-02-22,B+,0,2,2,836,0.33
2023-02-22,B-,0,2,2,836,0.01
2023-02-22,O+,1,2,2,836,0.73
2023-02-22,O-,0,2,2,836,0.17
2023-02-23,A+,0,3,2,837,0.41
2023-02-23,A-,0,3,2,837,0.09
2023-02-23,AB+,1,3,2,837,0.17
2023-02-23,AB-,0,3,2,837,0.01
2023-02-23,B+,0,3,2,837,0.33
2023-02-23,B-,0,3,2,837,0.01
2023-02-23,O+,0,3,2,837,0.64
2023-02-23,O-,0,3,2,837,0.16
2023-02-24,A+,0,4,2,838,0.4
2023-02-24,A-,0,4,2,838,0.08
2023-02-24,AB+,0,4,2,838,0.16
2023-02-24,AB-,0,4,2,838,0.0
2023-02-24,B+,1,4,2,838,0.4
2023-02-24,B-,0,4,2,838,0.01
2023-02-24,O+,0,4,2,838,0.64
2023-02-24,O-,0,4,2,838,0.16
2023-02-25,A+,0,5,2,839,0.4
2023-02-25,A-,0,5,2,839,0.09
2023-02-25,AB+,0,5,2,839,0.16
2023-02-25,AB-,0,5,2,839,0.0
2023-02-25,B+,0,5,2,839,0.39
2023-02-25,B-,0,5,2,839,0.0
2023-02-25,O+,2,5,2,839,0.8
2023-02-25,O-,0,5,2,839,0.17
2023-02-26,A+,0,6,2,840,0.41
2023-02-26,A-,0,6,2,840,0.09
2023-02-26,AB+,0,6,2,840,0.17
2023-02-26,AB-,0,6,2,840,0.01
2023-02-26,B+,1,6,2,840,0.41
2023-02-26,B-,0,6,2,840,0.01
2023-02-26,O+,1,6,2,840,0.8
2023-02-26,O-,0,6,2,840,0.17
2023-02-27,A+,0,0,2,841,0.41
2023-02-27,A-,1,0,2,841,0.18
2023-02-27,AB+,0,0,2,841,0.18
2023-02-27,AB-,0,0,2,841,0.01
2023-02-27,B+,0,0,2,841,0.33
2023-02-27,B-,0,0,2,841,0.01
2023-02-27,O+,1,0,2,841,0.8
2023-02-27,O-,0,0,2,841,0.09
2023-02-28,A+,1,1,2,842,0.49
2023-02-28,A-,0,1,2,842,0.17
2023-02-28,AB+,0,1,2,842,0.17
2023-02-28,AB-,0,1,2,842,0.01
2023-02-28,B+,1,1,2,842,0.41
2023-02-28,B-,0,1,2,842,0.01
2023-02-28,O+,0,1,2,842,0.8
2023-02-28,O-,0,1,2,842,0.09
2023-03-01,A+,0,2,3,843,0.48
2023-03-01,A-,0,2,3,843,0.16
2023-03-01,AB+,0,2,3,843,0.16
2023-03-01,AB-,0,2,3,843,0.0
2023-03-01,B+,0,2,3,843,0.31
2023-03-01,B-,0,2,3,843,0.0
2023-03-01,O+,0,2,3,843,0.79
2023-03-01,O-,0,2,3,843,0.08
2023-03-02,A+,0,3,3,844,0.47
2023-03-02,A-,0,3,3,844,0.16
2023-03-02,AB+,0,3,3,844,0.16
2023-03-02,AB-,0,3,3,844,0.0
2023-03-02,B+,1,3,3,844,0.32
2023-03-02,B-,0,3,3,844,0.01
2023-03-02,O+,1,3,3,844,0.8
2023-03-02,O-,0,3,3,844,0.09
2023-03-03,A+,0,4,3,845,0.41
2023-03-03,A-,0,4,3,845,0.09
2023-03-03,AB+,0,4,3,845,0.17
2023-03-03,AB-,0,4,3,845,0.01
2023-03-03,B+,1,4,3,845,0.41
2023-03-03,B-,0,4,3,845,0.01
2023-03-03,O+,0,4,3,845,0.64
2023-03-03,O-,0,4,3,845,0.09
2023-03-04,A+,0,5,3,846,0.16
2023-03-04,A-,0,5,3,846,0.09
2023-03-04,AB+,0,5,3,846,0.16
2023-03-04,AB-,0,5,3,846,0.0
2023-03-04,B+,0,5,3,846,0.39
2023-03-04,B-,0,5,3,846,0.0
2023-03-04,O+,0,5,3,846,0.63
2023-03-04,O-,0,5,3,846,0.08
2023-03-05,A+,0,6,3,847,0.16
2023-03-05,A-,0,6,3,847,0.08
2023-03-05,AB+,0,6,3,847,0.16
2023-03-05,AB-,0,6,3,847,0.0
2023-03-05,B+,1,6,3,847,0.48
2023-03-05,B-,0,6,3,847,0.01
2023-03-05,O+,1,6,3,847,0.56
2023-03-05,O-,1,6,3,847,0.18
2023-03-06,A+,0,0,3,848,0.18
2023-03-06,A-,0,0,3,848,0.1
2023-03-06,AB+,0,0,3,848,0.18
2023-03-06,AB-,0,0,3,848,0.01
2023-03-06,B+,0,0,3,848,0.49
2023-03-06,B-,0,0,3,848,0.01
2023-03-06,O+,2,0,3,848,0.72
2023-03-06,O-,0,0,3,848,0.09
2023-03-07,A+,0,1,3,849,0.17
2023-03-07,A-,0,1,3,849,0.09
2023-03-07,AB+,0,1,3,849,0.17
2023-03-07,AB-,0,1,3,849,0.01
2023-03-07,B+,0,1,3,849,0.49
2023-03-07,B-,0,1,3,849,0.0
2023-03-07,O+,0,1,3,849,0.71
2023-03-07,O-,0,1,3,849,0.08
2023-03-08,A+,0,2,3,850,0.08
2023-03-08,A-,0,2,3,850,0.08
2023-03-08,AB+,0,2,3,850,0.08
2023-03-08,AB-,0,2,3,850,0.0
2023-03-08,B+,1,2,3,850,0.56
2023-03-08,B-,0,2,3,850,0.01
2023-03-08,O+,3,2,3,850,0.89
2023-03-08,O-,0,2,3,850,0.11
2023-03-09,A+,0,3,3,851,0.11
2023-03-09,A-,0,3,3,851,0.11
2023-03-09,AB+,0,3,3,851,0.03
2023-03-09,AB-,0,3,3,851,0.02
2023-03-09,B+,0,3,3,851,0.57
2023-03-09,B-,0,3,3,851,0.0
2023-03-09,O+,2,3,3,851,1.04
2023-03-09,O-,0,3,3,851,0.09
2023-03-10,A+,0,4,3,852,0.09
2023-03-10,A-,0,4,3,852,0.09
2023-03-10,AB+,0,4,3,852,0.01
2023-03-10,AB-,0,4,3,852,0.01
2023-03-10,B+,0,4,3,852,0.49
2023-03-10,B-,0,4,3,852,0.0
2023-03-10,O+,0,4,3,852,1.02
2023-03-10,O-,0,4,3,852,0.08
2023-03-11,A+,0,5,3,853,0.08
2023-03-11,A-,0,5,3,853,0.08
2023-03-11,AB+,0,5,3,853,0.0
2023-03-11,AB-,0,5,3,853,0.0
2023-03-11,B+,0,5,3,853,0.47
2023-03-11,B-,0,5,3,853,0.0
2023-03-11,O+,2,5,3,853,1.04
2023-03-11,O-,0,5,3,853,0.09
2023-03-12,A+,0,6,3,854,0.09
2023-03-12,A-,0,6,3,854,0.09
2023-03-12,AB+,0,6,3,854,0.01
2023-03-12,AB-,0,6,3,854,0.01
2023-03-12,B+,2,6,3,854,0.58
2023-03-12,B-,0,6,3,854,0.01
2023-03-12,O+,0,6,3,854,0.96
2023-03-12,O-,0,6,3,854,0.09
2023-03-13,A+,0,0,3,855,0.09
2023-03-13,A-,0,0,3,855,0.01
2023-03-13,AB+,1,0,3,855,0.1
2023-03-13,AB-,0,0,3,855,0.01
2023-03-13,B+,0,0,3,855,0.56
2023-03-13,B-,0,0,3,855,0.01
2023-03-13,O+,0,0,3,855,0.87
2023-03-13,O-,1,0,3,855,0.17
2023-03-14,A+,0,1,3,856,0.01
2023-03-14,A-,1,1,3,856,0.09
2023-03-14,AB+,0,1,3,856,0.09
2023-03-14,AB-,0,1,3,856,0.01
2023-03-14,B+,1,1,3,856,0.57
2023-03-14,B-,0,1,3,856,0.02
2023-03-14,O+,0,1,3,856,0.88
2023-03-14,O-,0,1,3,856,0.17
2023-03-15,A+,0,2,3,857,0.01
2023-03-15,A-,0,2,3,857,0.09
2023-03-15,AB+,0,2,3,857,0.09
2023-03-15,AB-,0,2,3,857,0.0
2023-03-15,B+,0,2,3,857,0.55
2023-03-15,B-,0,2,3,857,0.0
2023-03-15,O+,1,2,3,857,0.95
2023-03-15,O-,0,2,3,857,0.16
2023-03-16,A+,0,3,3,858,0.01
2023-03-16,A-,0,3,3,858,0.09
2023-03-16,AB+,0,3,3,858,0.09
2023-03-16,AB-,0,3,3,858,0.01
2023-03-16,B+,1,3,3,858,0.56
2023-03-16,B-,0,3,3,858,0.01
2023-03-16,O+,0,3,3,858,0.87
2023-03-16,O-,0,3,3,858,0.16
2023-03-17,A+,1,4,3,859,0.09
2023-03-17,A-,0,4,3,859,0.09
2023-03-17,AB+,0,4,3,859,0.09
2023-03-17,AB-,0,4,3,859,0.01
2023-03-17,B+,0,4,3,859,0.48
2023-03-17,B-,0,4,3,859,0.01
2023-03-17,O+,0,4,3,859,0.87
2023-03-17,O-,0,4,3,859,0.16
2023-03-18,A+,0,5,3,860,0.08
2023-03-18,A-,0,5,3,860,0.08
2023-03-18,AB+,0,5,3,860,0.08
2023-03-18,AB-,0,5,3,860,0.0
2023-03-18,B+,0,5,3,860,0.47
2023-03-18,B-,0,5,3,860,0.0
2023-03-18,O+,0,5,3,860,0.86
2023-03-18,O-,0,5,3,860,0.16
2023-03-19,A+,0,6,3,861,0.08
2023-03-19,A-,0,6,3,861,0.08
2023-03-19,AB+,0,6,3,861,0.08
2023-03-19,AB-,0,6,3,861,0.0
2023-03-19,B+,0,6,3,861,0.39
2023-03-19,B-,0,6,3,861,0.0
2023-03-19,O+,2,6,3,861,0.96
2023-03-19,O-,0,6,3,861,0.09
2023-03-20,A+,0,0,3,862,0.09
2023-03-20,A-,1,0,3,862,0.18
2023-03-20,AB+,0,0,3,862,0.1
2023-03-20,AB-,0,0,3,862,0.02
2023-03-20,B+,0,0,3,862,0.41
2023-03-20,B-,0,0,3,862,0.01
2023-03-20,O+,0,0,3,862,0.79
2023-03-20,O-,0,0,3,862,0.09
2023-03-21,A+,0,1,3,863,0.08
2023-03-21,A-,0,1,3,863,0.16
2023-03-21,AB+,0,1,3,863,0.08
2023-03-21,AB-,0,1,3,863,0.0
2023-03-21,B+,0,1,3,863,0.39
2023-03-21,B-,0,1,3,863,0.0
2023-03-21,O+,1,1,3,863,0.87
2023-03-21,O-,0,1,3,863,0.09
2023-03-22,A+,0,2,3,864,0.09
2023-03-22,A-,0,2,3,864,0.16
2023-03-22,AB+,0,2,3,864,0.09
2023-03-22,AB-,0,2,3,864,0.01
2023-03-22,B+,1,2,3,864,0.41
2023-03-22,B-,0,2,3,864,0.01
2023-03-22,O+,0,2,3,864,0.64
2023-03-22,O-,0,2,3,864,0.09
2023-03-23,A+,0,3,3,865,0.09
2023-03-23,A-,0,3,3,865,0.16
2023-03-23,AB+,0,3,3,865,0.09
2023-03-23,AB-,0,3,3,865,0.0
2023-03-23,B+,0,3,3,865,0.39
2023-03-23,B-,0,3,3,865,0.0
2023-03-23,O+,0,3,3,865,0.47
2023-03-23,O-,0,3,3,865,0.08
2023-03-24,A+,0,4,3,866,0.08
2023-03-24,A-,0,4,3,866,0.16
2023-03-24,AB+,0,4,3,866,0.08
2023-03-24,AB-,0,4,3,866,0.0
2023-03-24,B+,1,4,3,866,0.48
2023-03-24,B-,0,4,3,866,0.01
2023-03-24,O+,1,4,3,866,0.56
2023-03-24,O-,0,4,3,866,0.09
2023-03-25,A+,0,5,3,867,0.09
2023-03-25,A-,0,5,3,867,0.17
2023-03-25,AB+,0,5,3,867,0.09
2023-03-25,AB-,0,5,3,867,0.01
2023-03-25,B+,0,5,3,867,0.48
2023-03-25,B-,0,5,3,867,0.0
2023-03-25,O+,0,5,3,867,0.39
2023-03-25,O-,0,5,3,867,0.08
2023-03-26,A+,1,6,3,868,0.16
2023-03-26,A-,0,6,3,868,0.16
2023-03-26,AB+,0,6,3,868,0.09
2023-03-26,AB-,0,6,3,868,0.01
2023-03-26,B+,0,6,3,868,0.32
2023-03-26,B-,0,6,3,868,0.01
2023-03-26,O+,1,6,3,868,0.49
2023-03-26,O-,0,6,3,868,0.09
2023-03-27,A+,0,0,3,869,0.16
2023-03-27,A-,0,0,3,869,0.16
2023-03-27,AB+,0,0,3,869,0.01
2023-03-27,AB-,0,0,3,869,0.01
2023-03-27,B+,0,0,3,869,0.32
2023-03-27,B-,0,0,3,869,0.0
2023-03-27,O+,0,0,3,869,0.47
2023-03-27,O-,0,0,3,869,0.0
2023-03-28,A+,0,1,3,870,0.16
2023-03-28,A-,0,1,3,870,0.08
2023-03-28,AB+,0,1,3,870,0.0
2023-03-28,AB-,0,1,3,870,0.0
2023-03-28,B+,0,1,3,870,0.24
2023-03-28,B-,0,1,3,870,0.0
2023-03-28,O+,1,1,3,870,0.56
2023-03-28,O-,0,1,3,870,0.01
2023-03-29,A+,1,2,3,871,0.25
2023-03-29,A-,0,2,3,871,0.09
2023-03-29,AB+,0,2,3,871,0.01
2023-03-29,AB-,0,2,3,871,0.01
2023-03-29,B+,0,2,3,871,0.25
2023-03-29,B-,0,2,3,871,0.01
2023-03-29,O+,0,2,3,871,0.48
2023-03-29,O-,0,2,3,871,0.0
2023-03-30,A+,0,3,3,872,0.24
2023-03-30,A-,0,3,3,872,0.08
2023-03-30,AB+,0,3,3,872,0.0
2023-03-30,AB-,0,3,3,872,0.0
2023-03-30,B+,0,3,3,872,0.16
2023-03-30,B-,0,3,3,872,0.0
2023-03-30,O+,2,3,3,872,0.64
2023-03-30,O-,0,3,3,872,0.01
2023-03-31,A+,0,4,3,873,0.17
2023-03-31,A-,0,4,3,873,0.09
2023-03-31,AB+,0,4,3,873,0.01
2023-03-31,AB-,0,4,3,873,0.01
2023-03-31,B+,0,4,3,873,0.17
2023-03-31,B-,0,4,3,873,0.0
2023-03-31,O+,0,4,3,873,0.63
2023-03-31,O-,0,4,3,873,0.0
2023-04-01,A+,0,5,4,874,0.16
2023-04-01,A-,0,5,4,874,0.08
2023-04-01,AB+,0,5,4,874,0.0
2023-04-01,AB-,0,5,4,874,0.0
2023-04-01,B+,1,5,4,874,0.24
2023-04-01,B-,0,5,4,874,0.01
2023-04-01,O+,0,5,4,874,0.64
2023-04-01,O-,0,5,4,874,0.01
2023-04-02,A+,0,6,4,875,0.16
2023-04-02,A-,1,6,4,875,0.17
2023-04-02,AB+,0,6,4,875,0.01
2023-04-02,AB-,0,6,4,875,0.01
2023-04-02,B+,1,6,4,875,0.33
2023-04-02,B-,0,6,4,875,0.01
2023-04-02,O+,0,6,4,875,0.49
2023-04-02,O-,0,6,4,875,0.01
2023-04-03,A+,0,0,4,876,0.16
2023-04-03,A-,0,0,4,876,0.09
2023-04-03,AB+,0,0,4,876,0.01
2023-04-03,AB-,0,0,4,876,0.0
2023-04-03,B+,0,0,4,876,0.31
2023-04-03,B-,0,0,4,876,0.0
2023-04-03,O+,0,0,4,876,0.47
2023-04-03,O-,0,0,4,876,0.0
2023-04-04,A+,0,1,4,877,0.16
2023-04-04,A-,1,1,4,877,0.16
2023-04-04,AB+,0,1,4,877,0.01
2023-04-04,AB-,0,1,4,877,0.01
2023-04-04,B+,0,1,4,877,0.32
2023-04-04,B-,0,1,4,877,0.01
2023-04-04,O+,0,1,4,877,0.4
2023-04-04,O-,0,1,4,877,0.01
2023-04-05,A+,0,2,4,878,0.16
2023-04-05,A-,0,2,4,878,0.16
2023-04-05,AB+,0,2,4,878,0.0
2023-04-05,AB-,0,2,4,878,0.0
2023-04-05,B+,1,2,4,878,0.32
2023-04-05,B-,0,2,4,878,0.01
2023-04-05,O+,2,2,4,878,0.57
2023-04-05,O-,0,2,4,878,0.02
2023-04-06,A+,0,3,4,879,0.18
2023-04-06,A-,0,3,4,879,0.18
2023-04-06,AB+,0,3,4,879,0.02
2023-04-06,AB-,0,3,4,879,0.01
2023-04-06,B+,0,3,4,879,0.33
2023-04-06,B-,0,3,4,879,0.0
2023-04-06,O+,0,3,4,879,0.55
2023-04-06,O-,0,3,4,879,0.0
2023-04-07,A+,0,4,4,880,0.16
2023-04-07,A-,0,4,4,880,0.16
2023-04-07,AB+,0,4,4,880,0.0
2023-04-07,AB-,0,4,4,880,0.0
2023-04-07,B+,0,4,4,880,0.24
2023-04-07,B-,0,4,4,880,0.0
2023-04-07,O+,0,4,4,880,0.47
2023-04-07,O-,0,4,4,880,0.0
2023-04-08,A+,0,5,4,881,0.16
2023-04-08,A-,0,5,4,881,0.16
2023-04-08,AB+,0,5,4,881,0.0
2023-04-08,AB-,0,5,4,881,0.0
2023-04-08,B+,0,5,4,881,0.24
2023-04-08,B-,0,5,4,881,0.0
2023-04-08,O+,1,5,4,881,0.56
2023-04-08,O-,0,5,4,881,0.01
2023-04-09,A+,0,6,4,882,0.09
2023-04-09,A-,0,6,4,882,0.16
2023-04-09,AB+,0,6,4,882,0.01
2023-04-09,AB-,0,6,4,882,0.01
2023-04-09,B+,0,6,4,882,0.24
2023-04-09,B-,0,6,4,882,0.0
2023-04-09,O+,2,6,4,882,0.64
2023-04-09,O-,0,6,4,882,0.01
2023-04-10,A+,0,0,4,883,0.09
2023-04-10,A-,0,0,4,883,0.17
2023-04-10,AB+,0,0,4,883,0.01
2023-04-10,AB-,0,0,4,883,0.01
2023-04-10,B+,1,0,4,883,0.34
2023-04-10,B-,0,0,4,883,0.01
2023-04-10,O+,0,0,4,883,0.64
2023-04-10,O-,0,0,4,883,0.01
2023-04-11,A+,0,1,4,884,0.09
2023-04-11,A-,0,1,4,884,0.16
2023-04-11,AB+,0,1,4,884,0.01
2023-04-11,AB-,0,1,4,884,0.0
2023-04-11,B+,1,1,4,884,0.4
2023-04-11,B-,0,1,4,884,0.01
2023-04-11,O+,2,1,4,884,0.73
2023-04-11,O-,0,1,4,884,0.02
2023-04-12,A+,0,2,4,885,0.02
2023-04-12,A-,0,2,4,885,0.18
2023-04-12,AB+,0,2,4,885,0.02
2023-04-12,AB-,0,2,4,885,0.01
2023-04-12,B+,1,2,4,885,0.49
2023-04-12,B-,0,2,4,885,0.01
2023-04-12,O+,1,2,4,885,0.8
2023-04-12,O-,0,2,4,885,0.01
2023-04-13,A+,0,3,4,886,0.01
2023-04-13,A-,0,3,4,886,0.17
2023-04-13,AB+,0,3,4,886,0.01
2023-04-13,AB-,0,3,4,886,0.01
2023-04-13,B+,1,3,4,886,0.56
2023-04-13,B-,0,3,4,886,0.01
2023-04-13,O+,0,3,4,886,0.64
2023-04-13,O-,0,3,4,886,0.01
2023-04-14,A+,2,4,4,887,0.18
2023-04-14,A-,0,4,4,887,0.18
2023-04-14,AB+,0,4,4,887,0.02
2023-04-14,AB-,0,4,4,887,0.01
2023-04-14,B+,2,4,4,887,0.74
2023-04-14,B-,0,4,4,887,0.03
2023-04-14,O+,1,4,4,887,0.74
2023-04-14,O-,0,4,4,887,0.02
2023-04-15,A+,2,5,4,888,0.35
2023-04-15,A-,0,5,4,888,0.19
2023-04-15,AB+,0,5,4,888,0.04
2023-04-15,AB-,0,5,4,888,0.02
2023-04-15,B+,0,5,4,888,0.65
2023-04-15,B-,0,5,4,888,0.01
2023-04-15,O+,0,5,4,888,0.72
2023-04-15,O-,0,5,4,888,0.0
2023-04-16,A+,0,6,4,889,0.31
2023-04-16,A-,0,6,4,889,0.08
2023-04-16,AB+,0,6,4,889,0.0
2023-04-16,AB-,0,6,4,889,0.0
2023-04-16,B+,0,6,4,889,0.55
2023-04-16,B-,0,6,4,889,0.0
2023-04-16,O+,1,6,4,889,0.79
2023-04-16,O-,0,6,4,889,0.01
2023-04-17,A+,0,0,4,890,0.32
2023-04-17,A-,0,0,4,890,0.09
2023-04-17,AB+,0,0,4,890,0.01
2023-04-17,AB-,0,0,4,890,0.01
2023-04-17,B+,1,0,4,890,0.64
2023-04-17,B-,0,0,4,890,0.01
2023-04-17,O+,0,0,4,890,0.79
2023-04-17,O-,0,0,4,890,0.01
2023-04-18,A+,0,1,4,891,0.32
2023-04-18,A-,0,1,4,891,0.01
2023-04-18,AB+,0,1,4,891,0.01
2023-04-18,AB-,0,1,4,891,0.0
2023-04-18,B+,1,1,4,891,0.71
2023-04-18,B-,0,1,4,891,0.01
2023-04-18,O+,0,1,4,891,0.79
2023-04-18,O-,0,1,4,891,0.01
2023-04-19,A+,1,2,4,892,0.41
2023-04-19,A-,0,2,4,892,0.01
2023-04-19,AB+,0,2,4,892,0.01
2023-04-19,AB-,0,2,4,892,0.01
2023-04-19,B+,2,2,4,892,0.81
2023-04-19,B-,0,2,4,892,0.02
2023-04-19,O+,0,2,4,892,0.65
2023-04-19,O-,1,2,4,892,0.1
2023-04-20,A+,1,3,4,893,0.5
2023-04-20,A-,0,3,4,893,0.03
2023-04-20,AB+,0,3,4,893,0.03
2023-04-20,AB-,1,3,4,893,0.1
2023-04-20,B+,0,3,4,893,0.81
2023-04-20,B-,0,3,4,893,0.02
2023-04-20,O+,1,3,4,893,0.73
2023-04-20,O-,0,3,4,893,0.09
2023-04-21,A+,0,4,4,894,0.49
2023-04-21,A-,0,4,4,894,0.01
2023-04-21,AB+,0,4,4,894,0.01
2023-04-21,AB-,0,4,4,894,0.09
2023-04-21,B+,0,4,4,894,0.79
2023-04-21,B-,0,4,4,894,0.0
2023-04-21,O+,2,4,4,894,0.88
2023-04-21,O-,0,4,4,894,0.09
2023-04-22,A+,1,5,4,895,0.57
2023-04-22,A-,0,5,4,895,0.02
2023-04-22,AB+,0,5,4,895,0.02
2023-04-22,AB-,0,5,4,895,0.1
2023-04-22,B+,2,5,4,895,0.98
2023-04-22,B-,0,5,4,895,0.02
2023-04-22,O+,1,5,4,895,0.89
2023-04-22,O-,0,5,4,895,0.1
2023-04-23,A+,1,6,4,896,0.66
2023-04-23,A-,0,6,4,896,0.03
2023-04-23,AB+,0,6,4,896,0.03
2023-04-23,AB-,0,6,4,896,0.09
2023-04-23,B+,0,6,4,896,0.96
2023-04-23,B-,0,6,4,896,0.01
2023-04-23,O+,0,6,4,896,0.71
2023-04-23,O-,1,6,4,896,0.16
2023-04-24,A+,0,0,4,897,0.64
2023-04-24,A-,0,0,4,897,0.01
2023-04-24,AB+,0,0,4,897,0.01
2023-04-24,AB-,0,0,4,897,0.09
2023-04-24,B+,1,0,4,897,0.96
2023-04-24,B-,0,0,4,897,0.01
2023-04-24,O+,1,0,4,897,0.8
2023-04-24,O-,0,0,4,897,0.17
2023-04-25,A+,0,1,4,898,0.64
2023-04-25,A-,0,1,4,898,0.01
2023-04-25,AB+,0,1,4,898,0.01
2023-04-25,AB-,0,1,4,898,0.09
2023-04-25,B+,1,1,4,898,0.96
2023-04-25,B-,0,1,4,898,0.01
2023-04-25,O+,0,1,4,898,0.64
2023-04-25,O-,0,1,4,898,0.16
2023-04-26,A+,1,2,4,899,0.72
2023-04-26,A-,0,2,4,899,0.01
2023-04-26,AB+,0,2,4,899,0.01
2023-04-26,AB-,0,2,4,899,0.09
2023-04-26,B+,0,2,4,899,0.87
2023-04-26,B-,0,2,4,899,0.01
2023-04-26,O+,2,2,4,899,0.73
2023-04-26,O-,0,2,4,899,0.17
2023-04-27,A+,0,3,4,900,0.72
2023-04-27,A-,0,3,4,900,0.01
2023-04-27,AB+,0,3,4,900,0.01
2023-04-27,AB-,0,3,4,900,0.09
2023-04-27,B+,0,3,4,900,0.8
2023-04-27,B-,0,3,4,900,0.0
2023-04-27,O+,2,3,4,900,0.88
2023-04-27,O-,1,3,4,900,0.26
2023-04-28,A+,0,4,4,901,0.57
2023-04-28,A-,0,4,4,901,0.02
2023-04-28,AB+,0,4,4,901,0.02
2023-04-28,AB-,0,4,4,901,0.1
2023-04-28,B+,0,4,4,901,0.65
2023-04-28,B-,0,4,4,901,0.01
2023-04-28,O+,1,4,4,901,0.87
2023-04-28,O-,0,4,4,901,0.24
2023-04-29,A+,1,5,4,902,0.49
2023-04-29,A-,0,5,4,902,0.01
2023-04-29,AB+,0,5,4,902,0.01
2023-04-29,AB-,0,5,4,902,0.09
2023-04-29,B+,1,5,4,902,0.73
2023-04-29,B-,0,5,4,902,0.01
2023-04-29,O+,1,5,4,902,0.96
2023-04-29,O-,0,5,4,902,0.25
2023-04-30,A+,0,6,4,903,0.49
2023-04-30,A-,0,6,4,903,0.01
2023-04-30,AB+,0,6,4,903,0.01
2023-04-30,AB-,0,6,4,903,0.09
2023-04-30,B+,0,6,4,903,0.71
2023-04-30,B-,0,6,4,903,0.0
2023-04-30,O+,0,6,4,903,0.86
2023-04-30,O-,0,6,4,903,0.24
2023-05-01,A+,0,0,5,904,0.47
2023-05-01,A-,0,0,5,904,0.0
2023-05-01,AB+,1,0,5,904,0.09
2023-05-01,AB-,0,0,5,904,0.09
2023-05-01,B+,2,0,5,904,0.81
2023-05-01,B-,0,0,5,904,0.02
2023-05-01,O+,0,0,5,904,0.89
2023-05-01,O-,0,0,5,904,0.26
2023-05-02,A+,0,1,5,905,0.49
2023-05-02,A-,0,1,5,905,0.01
2023-05-02,AB+,0,1,5,905,0.09
2023-05-02,AB-,0,1,5,905,0.08
2023-05-02,B+,0,1,5,905,0.71
2023-05-02,B-,0,1,5,905,0.0
2023-05-02,O+,2,1,5,905,1.04
2023-05-02,O-,0,1,5,905,0.25
2023-05-03,A+,0,2,5,906,0.41
2023-05-03,A-,0,2,5,906,0.01
2023-05-03,AB+,0,2,5,906,0.09
2023-05-03,AB-,0,2,5,906,0.09
2023-05-03,B+,2,2,5,906,0.74
2023-05-03,B-,0,2,5,906,0.01
2023-05-03,O+,0,2,5,906,1.04
2023-05-03,O-,0,2,5,906,0.17
2023-05-04,A+,0,3,5,907,0.33
2023-05-04,A-,0,3,5,907,0.01
2023-05-04,AB+,0,3,5,907,0.09
2023-05-04,AB-,0,3,5,907,0.0
2023-05-04,B+,1,3,5,907,0.79
2023-05-04,B-,0,3,5,907,0.01
2023-05-04,O+,0,3,5,907,0.95
2023-05-04,O-,1,3,5,907,0.25
2023-05-05,A+,0,4,5,908,0.33
2023-05-05,A-,0,4,5,908,0.01
2023-05-05,AB+,1,4,5,908,0.18
2023-05-05,AB-,0,4,5,908,0.01
2023-05-05,B+,0,4,5,908,0.8
2023-05-05,B-,0,4,5,908,0.01
2023-05-05,O+,1,4,5,908,0.88
2023-05-05,O-,0,4,5,908,0.25
2023-05-06,A+,0,5,5,909,0.25
2023-05-06,A-,0,5,5,909,0.01
2023-05-06,AB+,0,5,5,909,0.16
2023-05-06,AB-,0,5,5,909,0.01
2023-05-06,B+,0,5,5,909,0.64
2023-05-06,B-,0,5,5,909,0.0
2023-05-06,O+,2,5,5,909,0.96
2023-05-06,O-,0,5,5,909,0.25
2023-05-07,A+,0,6,5,910,0.17
2023-05-07,A-,0,6,5,910,0.01
2023-05-07,AB+,0,6,5,910,0.17
2023-05-07,AB-,0,6,5,910,0.01
2023-05-07,B+,0,6,5,910,0.64
2023-05-07,B-,0,6,5,910,0.0
2023-05-07,O+,2,6,5,910,1.11
2023-05-07,O-,0,6,5,910,0.17
2023-05-08,A+,1,0,5,911,0.26
2023-05-08,A-,0,0,5,911,0.02
2023-05-08,AB+,0,0,5,911,0.18
2023-05-08,AB-,0,0,5,911,0.02
2023-05-08,B+,0,0,5,911,0.57
2023-05-08,B-,0,0,5,911,0.01
2023-05-08,O+,0,0,5,911,1.03
2023-05-08,O-,0,0,5,911,0.16
2023-05-09,A+,0,1,5,912,0.24
2023-05-09,A-,0,1,5,912,0.0
2023-05-09,AB+,1,1,5,912,0.24
2023-05-09,AB-,0,1,5,912,0.01
2023-05-09,B+,0,1,5,912,0.48
2023-05-09,B-,0,1,5,912,0.01
2023-05-09,O+,0,1,5,912,1.03
2023-05-09,O-,0,1,5,912,0.16
2023-05-10,A+,1,2,5,913,0.25
2023-05-10,A-,0,2,5,913,0.01
2023-05-10,AB+,0,2,5,913,0.24
2023-05-10,AB-,0,2,5,913,0.01
2023-05-10,B+,0,2,5,913,0.48
2023-05-10,B-,0,2,5,913,0.01
2023-05-10,O+,0,2,5,913,0.87
2023-05-10,O-,0,2,5,913,0.16
2023-05-11,A+,0,3,5,914,0.24
2023-05-11,A-,0,3,5,914,0.0
2023-05-11,AB+,0,3,5,914,0.24
2023-05-11,AB-,0,3,5,914,0.0
2023-05-11,B+,0,3,5,914,0.47
2023-05-11,B-,0,3,5,914,0.0
2023-05-11,O+,0,3,5,914,0.71
2023-05-11,O-,0,3,5,914,0.08
2023-05-12,A+,0,4,5,915,0.24
2023-05-12,A-,0,4,5,915,0.0
2023-05-12,AB+,0,4,5,915,0.24
2023-05-12,AB-,0,4,5,915,0.0
2023-05-12,B+,1,4,5,915,0.56
2023-05-12,B-,0,4,5,915,0.01
2023-05-12,O+,1,4,5,915,0.72
2023-05-12,O-,0,4,5,915,0.09
2023-05-13,A+,0,5,5,916,0.17
2023-05-13,A-,0,5,5,916,0.01
2023-05-13,AB+,0,5,5,916,0.25
2023-05-13,AB-,0,5,5,916,0.01
2023-05-13,B+,0,5,5,916,0.48
2023-05-13,B-,0,5,5,916,0.0
2023-05-13,O+,1,5,5,916,0.71
2023-05-13,O-,0,5,5,916,0.09
2023-05-14,A+,0,6,5,917,0.16
2023-05-14,A-,0,6,5,917,0.01
2023-05-14,AB+,0,6,5,917,0.24
2023-05-14,AB-,0,6,5,917,0.01
2023-05-14,B+,0,6,5,917,0.48
2023-05-14,B-,0,6,5,917,0.0
2023-05-14,O+,0,6,5,917,0.71
2023-05-14,O-,0,6,5,917,0.08
2023-05-15,A+,0,0,5,918,0.16
2023-05-15,A-,0,0,5,918,0.0
2023-05-15,AB+,0,0,5,918,0.16
2023-05-15,AB-,0,0,5,918,0.0
2023-05-15,B+,0,0,5,918,0.31
2023-05-15,B-,0,0,5,918,0.0
2023-05-15,O+,2,0,5,918,0.88
2023-05-15,O-,0,0,5,918,0.09
2023-05-16,A+,0,1,5,919,0.17
2023-05-16,A-,0,1,5,919,0.01
2023-05-16,AB+,0,1,5,919,0.17
2023-05-16,AB-,0,1,5,919,0.01
2023-05-16,B+,1,1,5,919,0.41
2023-05-16,B-,0,1,5,919,0.01
2023-05-16,O+,0,1,5,919,0.71
2023-05-16,O-,0,1,5,919,0.09
2023-05-17,A+,0,2,5,920,0.16
2023-05-17,A-,0,2,5,920,0.01
2023-05-17,AB+,0,2,5,920,0.16
2023-05-17,AB-,0,2,5,920,0.0
2023-05-17,B+,1,2,5,920,0.32
2023-05-17,B-,0,2,5,920,0.01
2023-05-17,O+,1,2,5,920,0.8
2023-05-17,O-,0,2,5,920,0.09
2023-05-18,A+,0,3,5,921,0.17
2023-05-18,A-,0,3,5,921,0.01
2023-05-18,AB+,0,3,5,921,0.17
2023-05-18,AB-,0,3,5,921,0.01
2023-05-18,B+,0,3,5,921,0.24
2023-05-18,B-,0,3,5,921,0.0
2023-05-18,O+,0,3,5,921,0.79
2023-05-18,O-,0,3,5,921,0.0
2023-05-19,A+,0,4,5,922,0.16
2023-05-19,A-,0,4,5,922,0.0
2023-05-19,AB+,0,4,5,922,0.08
2023-05-19,AB-,0,4,5,922,0.0
2023-05-19,B+,0,4,5,922,0.24
2023-05-19,B-,0,4,5,922,0.0
2023-05-19,O+,2,4,5,922,0.88
2023-05-19,O-,0,4,5,922,0.01
2023-05-20,A+,0,5,5,923,0.17
2023-05-20,A-,0,5,5,923,0.01
2023-05-20,AB+,0,5,5,923,0.09
2023-05-20,AB-,0,5,5,923,0.01
2023-05-20,B+,0,5,5,923,0.25
2023-05-20,B-,0,5,5,923,0.0
2023-05-20,O+,0,5,5,923,0.71
2023-05-20,O-,0,5,5,923,0.0
2023-05-21,A+,0,6,5,924,0.16
2023-05-21,A-,0,6,5,924,0.0
2023-05-21,AB+,0,6,5,924,0.08
2023-05-21,AB-,0,6,5,924,0.0
2023-05-21,B+,0,6,5,924,0.24
2023-05-21,B-,0,6,5,924,0.0
2023-05-21,O+,0,6,5,924,0.55
2023-05-21,O-,0,6,5,924,0.0
2023-05-22,A+,0,0,5,925,0.08
2023-05-22,A-,0,0,5,925,0.0
2023-05-22,AB+,0,0,5,925,0.08
2023-05-22,AB-,1,0,5,925,0.09
2023-05-22,B+,0,0,5,925,0.24
2023-05-22,B-,0,0,5,925,0.01
2023-05-22,O+,1,0,5,925,0.64
2023-05-22,O-,0,0,5,925,0.01
2023-05-23,A+,1,1,5,926,0.18
2023-05-23,A-,0,1,5,926,0.02
2023-05-23,AB+,0,1,5,926,0.01
2023-05-23,AB-,0,1,5,926,0.09
2023-05-23,B+,0,1,5,926,0.25
2023-05-23,B-,0,1,5,926,0.01
2023-05-23,O+,0,1,5,926,0.64
2023-05-23,O-,1,1,5,926,0.09
2023-05-24,A+,0,2,5,927,0.09
2023-05-24,A-,0,2,5,927,0.01
2023-05-24,AB+,0,2,5,927,0.01
2023-05-24,AB-,0,2,5,927,0.09
2023-05-24,B+,2,2,5,927,0.41
2023-05-24,B-,0,2,5,927,0.02
2023-05-24,O+,2,2,5,927,0.81
2023-05-24,O-,0,2,5,927,0.11
2023-05-25,A+,0,3,5,928,0.11
2023-05-25,A-,0,3,5,928,0.03
2023-05-25,AB+,0,3,5,928,0.03
2023-05-25,AB-,0,3,5,928,0.09
2023-05-25,B+,0,3,5,928,0.41
2023-05-25,B-,0,3,5,928,0.0
2023-05-25,O+,2,3,5,928,0.96
2023-05-25,O-,0,3,5,928,0.09
2023-05-26,A+,0,4,5,929,0.09
2023-05-26,A-,0,4,5,929,0.01
2023-05-26,AB+,0,4,5,929,0.01
2023-05-26,AB-,0,4,5,929,0.09
2023-05-26,B+,1,4,5,929,0.41
2023-05-26,B-,0,4,5,929,0.01
2023-05-26,O+,0,4,5,929,0.87
2023-05-26,O-,0,4,5,929,0.09
2023-05-27,A+,0,5,5,930,0.09
2023-05-27,A-,0,5,5,930,0.01
2023-05-27,AB+,0,5,5,930,0.01
2023-05-27,AB-,0,5,5,930,0.08
2023-05-27,B+,0,5,5,930,0.39
2023-05-27,B-,0,5,5,930,0.0
2023-05-27,O+,0,5,5,930,0.79
2023-05-27,O-,0,5,5,930,0.08
2023-05-28,A+,0,6,5,931,0.08
2023-05-28,A-,0,6,5,931,0.0
2023-05-28,AB+,0,6,5,931,0.0
2023-05-28,AB-,0,6,5,931,0.08
2023-05-28,B+,1,6,5,931,0.48
2023-05-28,B-,0,6,5,931,0.01
2023-05-28,O+,1,6,5,931,0.88
2023-05-28,O-,0,6,5,931,0.09
2023-05-29,A+,0,0,5,932,0.09
2023-05-29,A-,0,0,5,932,0.01
2023-05-29,AB+,0,0,5,932,0.01
2023-05-29,AB-,0,0,5,932,0.09
2023-05-29,B+,2,0,5,932,0.65
2023-05-29,B-,0,0,5,932,0.01
2023-05-29,O+,0,0,5,932,0.72
2023-05-29,O-,0,0,5,932,0.09
2023-05-30,A+,0,1,5,933,0.09
2023-05-30,A-,0,1,5,933,0.01
2023-05-30,AB+,0,1,5,933,0.01
2023-05-30,AB-,0,1,5,933,0.08
2023-05-30,B+,0,1,5,933,0.55
2023-05-30,B-,0,1,5,933,0.0
2023-05-30,O+,0,1,5,933,0.71
2023-05-30,O-,0,1,5,933,0.08
2023-05-31,A+,0,2,5,934,0.08
2023-05-31,A-,0,2,5,934,0.0
2023-05-31,AB+,0,2,5,934,0.0
2023-05-31,AB-,0,2,5,934,0.08
2023-05-31,B+,0,2,5,934,0.47
2023-05-31,B-,0,2,5,934,0.0
2023-05-31,O+,0,2,5,934,0.63
2023-05-31,O-,0,2,5,934,0.08
2023-06-01,A+,0,3,6,935,0.08
2023-06-01,A-,0,3,6,935,0.0
2023-06-01,AB+,0,3,6,935,0.0
2023-06-01,AB-,0,3,6,935,0.08
2023-06-01,B+,1,3,6,935,0.56
2023-06-01,B-,0,3,6,935,0.01
2023-06-01,O+,0,3,6,935,0.64
2023-06-01,O-,1,3,6,935,0.17
2023-06-02,A+,0,4,6,936,0.09
2023-06-02,A-,0,4,6,936,0.01
2023-06-02,AB+,0,4,6,936,0.01
2023-06-02,AB-,0,4,6,936,0.09
2023-06-02,B+,0,4,6,936,0.56
2023-06-02,B-,0,4,6,936,0.01
2023-06-02,O+,0,4,6,936,0.47
2023-06-02,O-,0,4,6,936,0.16
2023-06-03,A+,0,5,6,937,0.08
2023-06-03,A-,0,5,6,937,0.0
2023-06-03,AB+,0,5,6,937,0.0
2023-06-03,AB-,0,5,6,937,0.08
2023-06-03,B+,0,5,6,937,0.55
2023-06-03,B-,0,5,6,937,0.0
2023-06-03,O+,1,5,6,937,0.56
2023-06-03,O-,1,5,6,937,0.25
2023-06-04,A+,0,6,6,938,0.09
2023-06-04,A-,0,6,6,938,0.01
2023-06-04,AB+,0,6,6,938,0.01
2023-06-04,AB-,0,6,6,938,0.09
2023-06-04,B+,1,6,6,938,0.65
2023-06-04,B-,0,6,6,938,0.01
2023-06-04,O+,1,6,6,938,0.64
2023-06-04,O-,0,6,6,938,0.25
2023-06-05,A+,0,0,6,939,0.09
2023-06-05,A-,0,0,6,939,0.01
2023-06-05,AB+,0,0,6,939,0.01
2023-06-05,AB-,0,0,6,939,0.01
2023-06-05,B+,1,0,6,939,0.72
2023-06-05,B-,0,0,6,939,0.01
2023-06-05,O+,2,0,6,939,0.73
2023-06-05,O-,0,0,6,939,0.26
2023-06-06,A+,0,1,6,940,0.02
2023-06-06,A-,0,1,6,940,0.02
2023-06-06,AB+,0,1,6,940,0.02
2023-06-06,AB-,0,1,6,940,0.01
2023-06-06,B+,1,1,6,940,0.81
2023-06-06,B-,0,1,6,940,0.01
2023-06-06,O+,0,1,6,940,0.71
2023-06-06,O-,0,1,6,940,0.16
2023-06-07,A+,1,2,6,941,0.09
2023-06-07,A-,0,2,6,941,0.01
2023-06-07,AB+,0,2,6,941,0.01
2023-06-07,AB-,0,2,6,941,0.01
2023-06-07,B+,2,2,6,941,0.81
2023-06-07,B-,0,2,6,941,0.02
2023-06-07,O+,2,2,6,941,0.74
2023-06-07,O-,0,2,6,941,0.19
2023-06-08,A+,0,3,6,942,0.11
2023-06-08,A-,0,3,6,942,0.03
2023-06-08,AB+,0,3,6,942,0.03
2023-06-08,AB-,0,3,6,942,0.01
2023-06-08,B+,0,3,6,942,0.8
2023-06-08,B-,0,3,6,942,0.0
2023-06-08,O+,0,3,6,942,0.55
2023-06-08,O-,0,3,6,942,0.16
2023-06-09,A+,0,4,6,943,0.08
2023-06-09,A-,0,4,6,943,0.0
2023-06-09,AB+,0,4,6,943,0.0
2023-06-09,AB-,0,4,6,943,0.0
2023-06-09,B+,0,4,6,943,0.71
2023-06-09,B-,0,4,6,943,0.0
2023-06-09,O+,0,4,6,943,0.55
2023-06-09,O-,0,4,6,943,0.16
2023-06-10,A+,1,5,6,944,0.16
2023-06-10,A-,0,5,6,944,0.01
2023-06-10,AB+,0,5,6,944,0.01
2023-06-10,AB-,0,5,6,944,0.01
2023-06-10,B+,0,5,6,944,0.71
2023-06-10,B-,0,5,6,944,0.01
2023-06-10,O+,1,5,6,944,0.64
2023-06-10,O-,0,5,6,944,0.16
2023-06-11,A+,0,6,6,945,0.16
2023-06-11,A-,0,6,6,945,0.01
2023-06-11,AB+,0,6,6,945,0.01
2023-06-11,AB-,0,6,6,945,0.01
2023-06-11,B+,0,6,6,945,0.64
2023-06-11,B-,0,6,6,945,0.0
2023-06-11,O+,0,6,6,945,0.55
2023-06-11,O-,0,6,6,945,0.16
2023-06-12,A+,1,0,6,946,0.24
2023-06-12,A-,0,0,6,946,0.01
2023-06-12,AB+,0,0,6,946,0.01
2023-06-12,AB-,0,0,6,946,0.01
2023-06-12,B+,0,0,6,946,0.48
2023-06-12,B-,0,0,6,946,0.01
2023-06-12,O+,0,0,6,946,0.56
2023-06-12,O-,0,0,6,946,0.16
2023-06-13,A+,0,1,6,947,0.24
2023-06-13,A-,0,1,6,947,0.0
2023-06-13,AB+,0,1,6,947,0.0
2023-06-13,AB-,0,1,6,947,0.0
2023-06-13,B+,0,1,6,947,0.47
2023-06-13,B-,0,1,6,947,0.0
2023-06-13,O+,0,1,6,947,0.55
2023-06-13,O-,0,1,6,947,0.16
2023-06-14,A+,0,2,6,948,0.24
2023-06-14,A-,0,2,6,948,0.0
2023-06-14,AB+,0,2,6,948,0.0
2023-06-14,AB-,0,2,6,948,0.0
2023-06-14,B+,0,2,6,948,0.47
2023-06-14,B-,0,2,6,948,0.0
2023-06-14,O+,0,2,6,948,0.55
2023-06-14,O-,0,2,6,948,0.16
2023-06-15,A+,0,3,6,949,0.24
2023-06-15,A-,0,3,6,949,0.0
2023-06-15,AB+,0,3,6,949,0.0
2023-06-15,AB-,0,3,6,949,0.0
2023-06-15,B+,1,3,6,949,0.48
2023-06-15,B-,0,3,6,949,0.01
2023-06-15,O+,3,3,6,949,0.81
2023-06-15,O-,0,3,6,949,0.11
2023-06-16,A+,1,4,6,950,0.35
2023-06-16,A-,0,4,6,950,0.04
2023-06-16,AB+,0,4,6,950,0.04
2023-06-16,AB-,0,4,6,950,0.03
2023-06-16,B+,0,4,6,950,0.5
2023-06-16,B-,0,4,6,950,0.01
2023-06-16,O+,0,4,6,950,0.79
2023-06-16,O-,0,4,6,950,0.08
2023-06-17,A+,1,5,6,951,0.4
2023-06-17,A-,0,5,6,951,0.01
2023-06-17,AB+,0,5,6,951,0.01
2023-06-17,AB-,0,5,6,951,0.01
2023-06-17,B+,1,5,6,951,0.56
2023-06-17,B-,0,5,6,951,0.01
2023-06-17,O+,2,5,6,951,0.89
2023-06-17,O-,0,5,6,951,0.02
2023-06-18,A+,1,6,6,952,0.5
2023-06-18,A-,0,6,6,952,0.03
2023-06-18,AB+,0,6,6,952,0.03
2023-06-18,AB-,0,6,6,952,0.02
2023-06-18,B+,1,6,6,952,0.58
2023-06-18,B-,0,6,6,952,0.01
2023-06-18,O+,0,6,6,952,0.8
2023-06-18,O-,0,6,6,952,0.01
2023-06-19,A+,0,0,6,953,0.48
2023-06-19,A-,0,0,6,953,0.01
2023-06-19,AB+,0,0,6,953,0.01
2023-06-19,AB-,0,0,6,953,0.0
2023-06-19,B+,3,0,6,953,0.73
2023-06-19,B-,0,0,6,953,0.02
2023-06-19,O+,1,0,6,953,0.74
2023-06-19,O-,0,0,6,953,0.03
2023-06-20,A+,1,1,6,954,0.59
2023-06-20,A-,0,1,6,954,0.04
2023-06-20,AB+,0,1,6,954,0.04
2023-06-20,AB-,0,1,6,954,0.01
2023-06-20,B+,0,1,6,954,0.64
2023-06-20,B-,0,1,6,954,0.01
2023-06-20,O+,0,1,6,954,0.71
2023-06-20,O-,0,1,6,954,0.0
2023-06-21,A+,0,2,6,955,0.47
2023-06-21,A-,0,2,6,955,0.0
2023-06-21,AB+,0,2,6,955,0.0
2023-06-21,AB-,0,2,6,955,0.0
2023-06-21,B+,1,2,6,955,0.56
2023-06-21,B-,0,2,6,955,0.01
2023-06-21,O+,0,2,6,955,0.56
2023-06-21,O-,1,2,6,955,0.09
2023-06-22,A+,0,3,6,956,0.49
2023-06-22,A-,0,3,6,956,0.01
2023-06-22,AB+,0,3,6,956,0.01
2023-06-22,AB-,0,3,6,956,0.01
2023-06-22,B+,1,3,6,956,0.64
2023-06-22,B-,0,3,6,956,0.01
2023-06-22,O+,2,3,6,956,0.73
2023-06-22,O-,0,3,6,956,0.1
2023-06-23,A+,2,4,6,957,0.66
2023-06-23,A-,0,4,6,957,0.04
2023-06-23,AB+,0,4,6,957,0.04
2023-06-23,AB-,1,4,6,957,0.11
2023-06-23,B+,0,4,6,957,0.66
2023-06-23,B-,0,4,6,957,0.02
2023-06-23,O+,0,4,6,957,0.73
2023-06-23,O-,0,4,6,957,0.09
2023-06-24,A+,0,5,6,958,0.56
2023-06-24,A-,0,5,6,958,0.01
2023-06-24,AB+,0,5,6,958,0.0
2023-06-24,AB-,0,5,6,958,0.08
2023-06-24,B+,1,5,6,958,0.71
2023-06-24,B-,0,5,6,958,0.01
2023-06-24,O+,0,5,6,958,0.64
2023-06-24,O-,0,5,6,958,0.09
2023-06-25,A+,3,6,6,959,0.81
2023-06-25,A-,0,6,6,959,0.03
2023-06-25,AB+,0,6,6,959,0.03
2023-06-25,AB-,0,6,6,959,0.1
2023-06-25,B+,0,6,6,959,0.73
2023-06-25,B-,0,6,6,959,0.02
2023-06-25,O+,0,6,6,959,0.65
2023-06-25,O-,0,6,6,959,0.08
2023-06-26,A+,0,0,6,960,0.71
2023-06-26,A-,2,0,6,960,0.17
2023-06-26,AB+,0,0,6,960,0.01
2023-06-26,AB-,0,0,6,960,0.09
2023-06-26,B+,0,0,6,960,0.72
2023-06-26,B-,0,0,6,960,0.01
2023-06-26,O+,3,0,6,960,0.9
2023-06-26,O-,0,0,6,960,0.11
2023-06-27,A+,1,1,6,961,0.81
2023-06-27,A-,0,1,6,961,0.19
2023-06-27,AB+,0,1,6,961,0.03
2023-06-27,AB-,0,1,6,961,0.11
2023-06-27,B+,0,1,6,961,0.74
2023-06-27,B-,0,1,6,961,0.01
2023-06-27,O+,1,1,6,961,0.96
2023-06-27,O-,0,1,6,961,0.09
2023-06-28,A+,1,2,6,962,0.88
2023-06-28,A-,0,2,6,962,0.17
2023-06-28,AB+,0,2,6,962,0.01
2023-06-28,AB-,0,2,6,962,0.09
2023-06-28,B+,1,2,6,962,0.81
2023-06-28,B-,0,2,6,962,0.01
2023-06-28,O+,0,2,6,962,0.96
2023-06-28,O-,0,2,6,962,0.09
2023-06-29,A+,0,3,6,963,0.87
2023-06-29,A-,0,3,6,963,0.16
2023-06-29,AB+,0,3,6,963,0.01
2023-06-29,AB-,0,3,6,963,0.08
2023-06-29,B+,1,3,6,963,0.79
2023-06-29,B-,0,3,6,963,0.01
2023-06-29,O+,0,3,6,963,0.71
2023-06-29,O-,0,3,6,963,0.09
2023-06-30,A+,1,4,6,964,0.88
2023-06-30,A-,0,4,6,964,0.17
2023-06-30,AB+,0,4,6,964,0.01
2023-06-30,AB-,0,4,6,964,0.09
2023-06-30,B+,0,4,6,964,0.79
2023-06-30,B-,0,4,6,964,0.01
2023-06-30,O+,1,4,6,964,0.8
2023-06-30,O-,0,4,6,964,0.09
2023-07-01,A+,0,5,7,965,0.79
2023-07-01,A-,0,5,7,965,0.16
2023-07-01,AB+,0,5,7,965,0.01
2023-07-01,AB-,0,5,7,965,0.09
2023-07-01,B+,1,5,7,965,0.8
2023-07-01,B-,0,5,7,965,0.01
2023-07-01,O+,1,5,7,965,0.72
2023-07-01,O-,0,5,7,965,0.09
2023-07-02,A+,0,6,7,966,0.72
2023-07-02,A-,0,6,7,966,0.17
2023-07-02,AB+,0,6,7,966,0.01
2023-07-02,AB-,0,6,7,966,0.09
2023-07-02,B+,1,6,7,966,0.8
2023-07-02,B-,0,6,7,966,0.01
2023-07-02,O+,0,6,7,966,0.71
2023-07-02,O-,0,6,7,966,0.09
2023-07-03,A+,0,0,7,967,0.71
2023-07-03,A-,0,0,7,967,0.16
2023-07-03,AB+,0,0,7,967,0.01
2023-07-03,AB-,0,0,7,967,0.08
2023-07-03,B+,0,0,7,967,0.55
2023-07-03,B-,0,0,7,967,0.0
2023-07-03,O+,0,0,7,967,0.63
2023-07-03,O-,0,0,7,967,0.08
2023-07-04,A+,0,1,7,968,0.63
2023-07-04,A-,0,1,7,968,0.16
2023-07-04,AB+,0,1,7,968,0.0
2023-07-04,AB-,0,1,7,968,0.08
2023-07-04,B+,0,1,7,968,0.55
2023-07-04,B-,0,1,7,968,0.0
2023-07-04,O+,0,1,7,968,0.63
2023-07-04,O-,0,1,7,968,0.08
2023-07-05,A+,0,2,7,969,0.63
2023-07-05,A-,1,2,7,969,0.24
2023-07-05,AB+,0,2,7,969,0.01
2023-07-05,AB-,0,2,7,969,0.09
2023-07-05,B+,0,2,7,969,0.48
2023-07-05,B-,0,2,7,969,0.01
2023-07-05,O+,1,2,7,969,0.72
2023-07-05,O-,0,2,7,969,0.01
2023-07-06,A+,2,3,7,970,0.81
2023-07-06,A-,0,3,7,970,0.26
2023-07-06,AB+,0,3,7,970,0.02
2023-07-06,AB-,0,3,7,970,0.1
2023-07-06,B+,1,3,7,970,0.5
2023-07-06,B-,0,3,7,970,0.02
2023-07-06,O+,0,3,7,970,0.57
2023-07-06,O-,0,3,7,970,0.01
2023-07-07,A+,0,4,7,971,0.64
2023-07-07,A-,0,4,7,971,0.24
2023-07-07,AB+,0,4,7,971,0.01
2023-07-07,AB-,0,4,7,971,0.0
2023-07-07,B+,0,4,7,971,0.47
2023-07-07,B-,0,4,7,971,0.0
2023-07-07,O+,0,4,7,971,0.55
2023-07-07,O-,0,4,7,971,0.0
2023-07-08,A+,0,5,7,972,0.63
2023-07-08,A-,0,5,7,972,0.24
2023-07-08,AB+,0,5,7,972,0.0
2023-07-08,AB-,0,5,7,972,0.0
2023-07-08,B+,2,5,7,972,0.56
2023-07-08,B-,0,5,7,972,0.01
2023-07-08,O+,1,5,7,972,0.65
2023-07-08,O-,1,5,7,972,0.11
2023-07-09,A+,3,6,7,973,0.68
2023-07-09,A-,0,6,7,973,0.29
2023-07-09,AB+,0,6,7,973,0.05
2023-07-09,AB-,0,6,7,973,0.04
2023-07-09,B+,0,6,7,973,0.59
2023-07-09,B-,0,6,7,973,0.03
2023-07-09,O+,1,6,7,973,0.74
2023-07-09,O-,0,6,7,973,0.09
2023-07-10,A+,0,0,7,974,0.64
2023-07-10,A-,0,0,7,974,0.09
2023-07-10,AB+,0,0,7,974,0.01
2023-07-10,AB-,0,0,7,974,0.01
2023-07-10,B+,0,0,7,974,0.56
2023-07-10,B-,0,0,7,974,0.0
2023-07-10,O+,1,0,7,974,0.56
2023-07-10,O-,0,0,7,974,0.09
2023-07-11,A+,1,1,7,975,0.64
2023-07-11,A-,0,1,7,975,0.09
2023-07-11,AB+,0,1,7,975,0.01
2023-07-11,AB-,0,1,7,975,0.01
2023-07-11,B+,2,1,7,975,0.74
2023-07-11,B-,0,1,7,975,0.02
2023-07-11,O+,1,1,7,975,0.58
2023-07-11,O-,0,1,7,975,0.1
2023-07-12,A+,1,2,7,976,0.66
2023-07-12,A-,0,2,7,976,0.11
2023-07-12,AB+,0,2,7,976,0.03
2023-07-12,AB-,0,2,7,976,0.01
2023-07-12,B+,0,2,7,976,0.64
2023-07-12,B-,0,2,7,976,0.01
2023-07-12,O+,0,2,7,976,0.56
2023-07-12,O-,0,2,7,976,0.08
2023-07-13,A+,0,3,7,977,0.63
2023-07-13,A-,0,3,7,977,0.08
2023-07-13,AB+,0,3,7,977,0.0
2023-07-13,AB-,0,3,7,977,0.0
2023-07-13,B+,1,3,7,977,0.64
2023-07-13,B-,0,3,7,977,0.01
2023-07-13,O+,0,3,7,977,0.56
2023-07-13,O-,0,3,7,977,0.09
2023-07-14,A+,0,4,7,978,0.56
2023-07-14,A-,0,4,7,978,0.09
2023-07-14,AB+,1,4,7,978,0.09
2023-07-14,AB-,0,4,7,978,0.01
2023-07-14,B+,0,4,7,978,0.64
2023-07-14,B-,0,4,7,978,0.01
2023-07-14,O+,1,4,7,978,0.56
2023-07-14,O-,0,4,7,978,0.09
2023-07-15,A+,0,5,7,979,0.56
2023-07-15,A-,0,5,7,979,0.09
2023-07-15,AB+,0,5,7,979,0.09
2023-07-15,AB-,0,5,7,979,0.01
2023-07-15,B+,1,5,7,979,0.64
2023-07-15,B-,0,5,7,979,0.01
2023-07-15,O+,1,5,7,979,0.56
2023-07-15,O-,1,5,7,979,0.18
2023-07-16,A+,0,6,7,980,0.57
2023-07-16,A-,0,6,7,980,0.1
2023-07-16,AB+,0,6,7,980,0.1
2023-07-16,AB-,0,6,7,980,0.01
2023-07-16,B+,1,6,7,980,0.65
2023-07-16,B-,0,6,7,980,0.01
2023-07-16,O+,1,6,7,980,0.64
2023-07-16,O-,0,6,7,980,0.17
2023-07-17,A+,1,0,7,981,0.65
2023-07-17,A-,0,0,7,981,0.1
2023-07-17,AB+,0,0,7,981,0.1
2023-07-17,AB-,0,0,7,981,0.01
2023-07-17,B+,1,0,7,981,0.73
2023-07-17,B-,1,0,7,981,0.1
2023-07-17,O+,1,0,7,981,0.74
2023-07-17,O-,0,0,7,981,0.18
2023-07-18,A+,0,1,7,982,0.65
2023-07-18,A-,0,1,7,982,0.1
2023-07-18,AB+,1,1,7,982,0.19
2023-07-18,AB-,0,1,7,982,0.02
2023-07-18,B+,0,1,7,982,0.72
2023-07-18,B-,0,1,7,982,0.09
2023-07-18,O+,0,1,7,982,0.71
2023-07-18,O-,1,1,7,982,0.25
2023-07-19,A+,0,2,7,983,0.64
2023-07-19,A-,0,2,7,983,0.01
2023-07-19,AB+,1,2,7,983,0.25
2023-07-19,AB-,1,2,7,983,0.1
2023-07-19,B+,1,2,7,983,0.81
2023-07-19,B-,0,2,7,983,0.11
2023-07-19,O+,3,2,7,983,0.91
2023-07-19,O-,0,2,7,983,0.28
2023-07-20,A+,0,3,7,984,0.51
2023-07-20,A-,0,3,7,984,0.04
2023-07-20,AB+,0,3,7,984,0.26
2023-07-20,AB-,0,3,7,984,0.1
2023-07-20,B+,1,3,7,984,0.81
2023-07-20,B-,0,3,7,984,0.09
2023-07-20,O+,0,3,7,984,0.87
2023-07-20,O-,0,3,7,984,0.24
2023-07-21,A+,0,4,7,985,0.48
2023-07-21,A-,0,4,7,985,0.01
2023-07-21,AB+,0,4,7,985,0.24
2023-07-21,AB-,0,4,7,985,0.08
2023-07-21,B+,0,4,7,985,0.79
2023-07-21,B-,0,4,7,985,0.08
2023-07-21,O+,1,4,7,985,0.95
2023-07-21,O-,0,4,7,985,0.24
2023-07-22,A+,0,5,7,986,0.48
2023-07-22,A-,0,5,7,986,0.01
2023-07-22,AB+,0,5,7,986,0.24
2023-07-22,AB-,0,5,7,986,0.09
2023-07-22,B+,2,5,7,986,0.81
2023-07-22,B-,0,5,7,986,0.09
2023-07-22,O+,0,5,7,986,0.88
2023-07-22,O-,1,5,7,986,0.26
2023-07-23,A+,0,6,7,987,0.26
2023-07-23,A-,0,6,7,987,0.02
2023-07-23,AB+,0,6,7,987,0.26
2023-07-23,AB-,0,6,7,987,0.09
2023-07-23,B+,1,6,7,987,0.88
2023-07-23,B-,0,6,7,987,0.09
2023-07-23,O+,0,6,7,987,0.79
2023-07-23,O-,0,6,7,987,0.24
2023-07-24,A+,1,0,7,988,0.33
2023-07-24,A-,0,0,7,988,0.01
2023-07-24,AB+,0,0,7,988,0.25
2023-07-24,AB-,0,0,7,988,0.09
2023-07-24,B+,0,0,7,988,0.87
2023-07-24,B-,0,0,7,988,0.09
2023-07-24,O+,3,0,7,988,0.97
2023-07-24,O-,0,0,7,988,0.26
2023-07-25,A+,1,1,7,989,0.34
2023-07-25,A-,0,1,7,989,0.03
2023-07-25,AB+,0,1,7,989,0.26
2023-07-25,AB-,0,1,7,989,0.11
2023-07-25,B+,0,1,7,989,0.74
2023-07-25,B-,0,1,7,989,0.09
2023-07-25,O+,1,1,7,989,0.96
2023-07-25,O-,0,1,7,989,0.24
2023-07-26,A+,0,2,7,990,0.24
2023-07-26,A-,0,2,7,990,0.01
2023-07-26,AB+,0,2,7,990,0.24
2023-07-26,AB-,0,2,7,990,0.09
2023-07-26,B+,0,2,7,990,0.71
2023-07-26,B-,0,2,7,990,0.08
2023-07-26,O+,1,2,7,990,1.03
2023-07-26,O-,0,2,7,990,0.24
2023-07-27,A+,1,3,7,991,0.33
2023-07-27,A-,0,3,7,991,0.01
2023-07-27,AB+,0,3,7,991,0.25
2023-07-27,AB-,0,3,7,991,0.09
2023-07-27,B+,0,3,7,991,0.64
2023-07-27,B-,0,3,7,991,0.09
2023-07-27,O+,1,3,7,991,1.11
2023-07-27,O-,1,3,7,991,0.33
2023-07-28,A+,0,4,7,992,0.33
2023-07-28,A-,0,4,7,992,0.01
2023-07-28,AB+,0,4,7,992,0.17
2023-07-28,AB-,0,4,7,992,0.09
2023-07-28,B+,0,4,7,992,0.64
2023-07-28,B-,0,4,7,992,0.09
2023-07-28,O+,2,4,7,992,1.19
2023-07-28,O-,0,4,7,992,0.33
2023-07-29,A+,0,5,7,993,0.33
2023-07-29,A-,0,5,7,993,0.01
2023-07-29,AB+,0,5,7,993,0.17
2023-07-29,AB-,0,5,7,993,0.09
2023-07-29,B+,0,5,7,993,0.56
2023-07-29,B-,0,5,7,993,0.08
2023-07-29,O+,0,5,7,993,1.1
2023-07-29,O-,0,5,7,993,0.24
2023-07-30,A+,0,6,7,994,0.31
2023-07-30,A-,0,6,7,994,0.0
2023-07-30,AB+,0,6,7,994,0.16
2023-07-30,AB-,0,6,7,994,0.08
2023-07-30,B+,0,6,7,994,0.47
2023-07-30,B-,0,6,7,994,0.08
2023-07-30,O+,1,6,7,994,1.11
2023-07-30,O-,0,6,7,994,0.24
2023-07-31,A+,0,0,7,995,0.24
2023-07-31,A-,0,0,7,995,0.01
2023-07-31,AB+,0,0,7,995,0.16
2023-07-31,AB-,0,0,7,995,0.09
2023-07-31,B+,0,0,7,995,0.4
2023-07-31,B-,0,0,7,995,0.0
2023-07-31,O+,1,0,7,995,1.11
2023-07-31,O-,0,0,7,995,0.24
2023-08-01,A+,0,1,8,996,0.24
2023-08-01,A-,0,1,8,996,0.01
2023-08-01,AB+,0,1,8,996,0.09
2023-08-01,AB-,0,1,8,996,0.09
2023-08-01,B+,0,1,8,996,0.4
2023-08-01,B-,0,1,8,996,0.0
2023-08-01,O+,0,1,8,996,1.1
2023-08-01,O-,0,1,8,996,0.16
2023-08-02,A+,0,2,8,997,0.24
2023-08-02,A-,0,2,8,997,0.0
2023-08-02,AB+,0,2,8,997,0.0
2023-08-02,AB-,0,2,8,997,0.0
2023-08-02,B+,1,2,8,997,0.4
2023-08-02,B-,0,2,8,997,0.01
2023-08-02,O+,1,2,8,997,0.96
2023-08-02,O-,0,2,8,997,0.17
2023-08-03,A+,0,3,8,998,0.25
2023-08-03,A-,0,3,8,998,0.01
2023-08-03,AB+,0,3,8,998,0.01
2023-08-03,AB-,0,3,8,998,0.01
2023-08-03,B+,0,3,8,998,0.32
2023-08-03,B-,0,3,8,998,0.0
2023-08-03,O+,0,3,8,998,0.94
2023-08-03,O-,1,3,8,998,0.24
2023-08-04,A+,1,4,8,999,0.33
2023-08-04,A-,0,4,8,999,0.01
2023-08-04,AB+,0,4,8,999,0.01
2023-08-04,AB-,0,4,8,999,0.01
2023-08-04,B+,2,4,8,999,0.5
2023-08-04,B-,0,4,8,999,0.03
2023-08-04,O+,0,4,8,999,0.89
2023-08-04,O-,0,4,8,999,0.25
2023-08-05,A+,0,5,8,1000,0.33
2023-08-05,A-,0,5,8,1000,0.01
2023-08-05,AB+,0,5,8,1000,0.01
2023-08-05,AB-,0,5,8,1000,0.0
2023-08-05,B+,0,5,8,1000,0.31
2023-08-05,B-,0,5,8,1000,0.0
2023-08-05,O+,0,5,8,1000,0.86
2023-08-05,O-,0,5,8,1000,0.16
2023-08-06,A+,0,6,8,1001,0.31
2023-08-06,A-,0,6,8,1001,0.0
2023-08-06,AB+,0,6,8,1001,0.0
2023-08-06,AB-,0,6,8,1001,0.0
2023-08-06,B+,0,6,8,1001,0.24
2023-08-06,B-,0,6,8,1001,0.0
2023-08-06,O+,1,6,8,1001,0.95
2023-08-06,O-,0,6,8,1001,0.16
2023-08-07,A+,0,0,8,1002,0.24
2023-08-07,A-,0,0,8,1002,0.01
2023-08-07,AB+,0,0,8,1002,0.01
2023-08-07,AB-,0,0,8,1002,0.01
2023-08-07,B+,0,0,8,1002,0.24
2023-08-07,B-,0,0,8,1002,0.0
2023-08-07,O+,3,0,8,1002,0.96
2023-08-07,O-,1,0,8,1002,0.26
2023-08-08,A+,0,1,8,1003,0.19
2023-08-08,A-,0,1,8,1003,0.03
2023-08-08,AB+,0,1,8,1003,0.03
2023-08-08,AB-,0,1,8,1003,0.03
2023-08-08,B+,1,1,8,1003,0.35
2023-08-08,B-,0,1,8,1003,0.01
2023-08-08,O+,2,1,8,1003,1.04
2023-08-08,O-,0,1,8,1003,0.26
2023-08-09,A+,1,2,8,1004,0.26
2023-08-09,A-,0,2,8,1004,0.03
2023-08-09,AB+,0,2,8,1004,0.03
2023-08-09,AB-,0,2,8,1004,0.02
2023-08-09,B+,0,2,8,1004,0.34
2023-08-09,B-,0,2,8,1004,0.01
2023-08-09,O+,1,2,8,1004,1.04
2023-08-09,O-,1,2,8,1004,0.33
2023-08-10,A+,0,3,8,1005,0.17
2023-08-10,A-,0,3,8,1005,0.01
2023-08-10,AB+,0,3,8,1005,0.01
2023-08-10,AB-,0,3,8,1005,0.01
2023-08-10,B+,0,3,8,1005,0.33
2023-08-10,B-,0,3,8,1005,0.01
2023-08-10,O+,0,3,8,1005,0.94
2023-08-10,O-,0,3,8,1005,0.24
2023-08-11,A+,0,4,8,1006,0.16
2023-08-11,A-,0,4,8,1006,0.0
2023-08-11,AB+,0,4,8,1006,0.0
2023-08-11,AB-,0,4,8,1006,0.0
2023-08-11,B+,0,4,8,1006,0.31
2023-08-11,B-,0,4,8,1006,0.0
2023-08-11,O+,3,4,8,1006,1.04
2023-08-11,O-,0,4,8,1006,0.26
2023-08-12,A+,0,5,8,1007,0.18
2023-08-12,A-,0,5,8,1007,0.02
2023-08-12,AB+,0,5,8,1007,0.02
2023-08-12,AB-,0,5,8,1007,0.02
2023-08-12,B+,2,5,8,1007,0.51
2023-08-12,B-,0,5,8,1007,0.01
2023-08-12,O+,1,5,8,1007,1.12
2023-08-12,O-,0,5,8,1007,0.26
2023-08-13,A+,1,6,8,1008,0.26
2023-08-13,A-,1,6,8,1008,0.11
2023-08-13,AB+,0,6,8,1008,0.04
2023-08-13,AB-,0,6,8,1008,0.02
2023-08-13,B+,0,6,8,1008,0.49
2023-08-13,B-,0,6,8,1008,0.01
2023-08-13,O+,2,6,8,1008,1.21
2023-08-13,O-,0,6,8,1008,0.26
2023-08-14,A+,0,0,8,1009,0.25
2023-08-14,A-,0,0,8,1009,0.09
2023-08-14,AB+,0,0,8,1009,0.01
2023-08-14,AB-,0,0,8,1009,0.01
2023-08-14,B+,0,0,8,1009,0.49
2023-08-14,B-,0,0,8,1009,0.0
2023-08-14,O+,1,0,8,1009,1.19
2023-08-14,O-,0,0,8,1009,0.24
2023-08-15,A+,1,1,8,1010,0.33
2023-08-15,A-,0,1,8,1010,0.09
2023-08-15,AB+,0,1,8,1010,0.01
2023-08-15,AB-,0,1,8,1010,0.01
2023-08-15,B+,0,1,8,1010,0.49
2023-08-15,B-,0,1,8,1010,0.01
2023-08-15,O+,2,1,8,1010,1.36
2023-08-15,O-,0,1,8,1010,0.25
2023-08-16,A+,1,2,8,1011,0.41
2023-08-16,A-,0,2,8,1011,0.1
2023-08-16,AB+,0,2,8,1011,0.02
2023-08-16,AB-,0,2,8,1011,0.02
2023-08-16,B+,1,2,8,1011,0.5
2023-08-16,B-,0,2,8,1011,0.01
2023-08-16,O+,1,2,8,1011,1.36
2023-08-16,O-,2,2,8,1011,0.42
2023-08-17,A+,1,3,8,1012,0.51
2023-08-17,A-,0,3,8,1012,0.11
2023-08-17,AB+,0,3,8,1012,0.04
2023-08-17,AB-,0,3,8,1012,0.03
2023-08-17,B+,1,3,8,1012,0.59
2023-08-17,B-,0,3,8,1012,0.03
2023-08-17,O+,0,3,8,1012,1.35
2023-08-17,O-,0,3,8,1012,0.32
2023-08-18,A+,0,4,8,1013,0.4
2023-08-18,A-,0,4,8,1013,0.09
2023-08-18,AB+,0,4,8,1013,0.01
2023-08-18,AB-,0,4,8,1013,0.0
2023-08-18,B+,1,4,8,1013,0.48
2023-08-18,B-,0,4,8,1013,0.01
2023-08-18,O+,1,4,8,1013,1.43
2023-08-18,O-,0,4,8,1013,0.33
2023-08-19,A+,0,5,8,1014,0.41
2023-08-19,A-,0,5,8,1014,0.09
2023-08-19,AB+,1,5,8,1014,0.1
2023-08-19,AB-,0,5,8,1014,0.01
2023-08-19,B+,1,5,8,1014,0.57
2023-08-19,B-,0,5,8,1014,0.01
2023-08-19,O+,2,5,8,1014,1.6
2023-08-19,O-,0,5,8,1014,0.34
2023-08-20,A+,0,6,8,1015,0.42
2023-08-20,A-,0,6,8,1015,0.1
2023-08-20,AB+,0,6,8,1015,0.1
2023-08-20,AB-,0,6,8,1015,0.01
2023-08-20,B+,0,6,8,1015,0.56
2023-08-20,B-,0,6,8,1015,0.0
2023-08-20,O+,1,6,8,1015,1.58
2023-08-20,O-,0,6,8,1015,0.32
2023-08-21,A+,0,0,8,1016,0.4
2023-08-21,A-,0,0,8,1016,0.09
2023-08-21,AB+,0,0,8,1016,0.09
2023-08-21,AB-,0,0,8,1016,0.01
2023-08-21,B+,1,0,8,1016,0.64
2023-08-21,B-,0,0,8,1016,0.01
2023-08-21,O+,0,0,8,1016,1.34
2023-08-21,O-,1,0,8,1016,0.33
2023-08-22,A+,0,1,8,1017,0.41
2023-08-22,A-,0,1,8,1017,0.09
2023-08-22,AB+,0,1,8,1017,0.09
2023-08-22,AB-,0,1,8,1017,0.01
2023-08-22,B+,0,1,8,1017,0.56
2023-08-22,B-,1,1,8,1017,0.09
2023-08-22,O+,1,1,8,1017,1.27
2023-08-22,O-,0,1,8,1017,0.33
2023-08-23,A+,0,2,8,1018,0.33
2023-08-23,A-,0,2,8,1018,0.09
2023-08-23,AB+,0,2,8,1018,0.09
2023-08-23,AB-,0,2,8,1018,0.01
2023-08-23,B+,2,2,8,1018,0.73
2023-08-23,B-,0,2,8,1018,0.09
2023-08-23,O+,3,2,8,1018,1.45
2023-08-23,O-,0,2,8,1018,0.27
2023-08-24,A+,0,3,8,1019,0.35
2023-08-24,A-,1,3,8,1019,0.2
2023-08-24,AB+,0,3,8,1019,0.12
2023-08-24,AB-,0,3,8,1019,0.03
2023-08-24,B+,0,3,8,1019,0.74
2023-08-24,B-,0,3,8,1019,0.09
2023-08-24,O+,0,3,8,1019,1.42
2023-08-24,O-,0,3,8,1019,0.24
2023-08-25,A+,0,4,8,1020,0.31
2023-08-25,A-,0,4,8,1020,0.16
2023-08-25,AB+,0,4,8,1020,0.08
2023-08-25,AB-,0,4,8,1020,0.0
2023-08-25,B+,1,4,8,1020,0.79
2023-08-25,B-,0,4,8,1020,0.09
2023-08-25,O+,1,4,8,1020,1.27
2023-08-25,O-,0,4,8,1020,0.25
2023-08-26,A+,0,5,8,1021,0.33
2023-08-26,A-,0,5,8,1021,0.17
2023-08-26,AB+,0,5,8,1021,0.09
2023-08-26,AB-,0,5,8,1021,0.01
2023-08-26,B+,1,5,8,1021,0.72
2023-08-26,B-,0,5,8,1021,0.09
2023-08-26,O+,0,5,8,1021,1.19
2023-08-26,O-,0,5,8,1021,0.24
2023-08-27,A+,0,6,8,1022,0.24
2023-08-27,A-,0,6,8,1022,0.09
2023-08-27,AB+,0,6,8,1022,0.09
2023-08-27,AB-,0,6,8,1022,0.0
2023-08-27,B+,0,6,8,1022,0.71
2023-08-27,B-,0,6,8,1022,0.08
2023-08-27,O+,0,6,8,1022,1.02
2023-08-27,O-,0,6,8,1022,0.24
2023-08-28,A+,0,0,8,1023,0.24
2023-08-28,A-,0,0,8,1023,0.08
2023-08-28,AB+,0,0,8,1023,0.08
2023-08-28,AB-,0,0,8,1023,0.0
2023-08-28,B+,0,0,8,1023,0.71
2023-08-28,B-,0,0,8,1023,0.08
2023-08-28,O+,0,0,8,1023,0.94
2023-08-28,O-,0,0,8,1023,0.24
2023-08-29,A+,1,1,8,1024,0.24
2023-08-29,A-,0,1,8,1024,0.09
2023-08-29,AB+,0,1,8,1024,0.09
2023-08-29,AB-,0,1,8,1024,0.01
2023-08-29,B+,1,1,8,1024,0.8
2023-08-29,B-,0,1,8,1024,0.09
2023-08-29,O+,0,1,8,1024,0.8
2023-08-29,O-,0,1,8,1024,0.24
2023-08-30,A+,0,2,8,1025,0.16
2023-08-30,A-,0,2,8,1025,0.09
2023-08-30,AB+,0,2,8,1025,0.09
2023-08-30,AB-,0,2,8,1025,0.0
2023-08-30,B+,1,2,8,1025,0.79
2023-08-30,B-,1,2,8,1025,0.17
2023-08-30,O+,3,2,8,1025,0.98
2023-08-30,O-,0,2,8,1025,0.11
2023-08-31,A+,0,3,8,1026,0.11
2023-08-31,A-,1,3,8,1026,0.2
2023-08-31,AB+,0,3,8,1026,0.12
2023-08-31,AB-,0,3,8,1026,0.04
2023-08-31,B+,2,3,8,1026,0.91
2023-08-31,B-,1,3,8,1026,0.26
2023-08-31,O+,1,3,8,1026,1.06
2023-08-31,O-,0,3,8,1026,0.11
2023-09-01,A+,0,4,9,1027,0.11
2023-09-01,A-,0,4,9,1027,0.19
2023-09-01,AB+,0,4,9,1027,0.11
2023-09-01,AB-,0,4,9,1027,0.01
2023-09-01,B+,1,4,9,1027,0.88
2023-09-01,B-,0,4,9,1027,0.24
2023-09-01,O+,1,4,9,1027,1.04
2023-09-01,O-,0,4,9,1027,0.09
2023-09-02,A+,1,5,9,1028,0.18
2023-09-02,A-,0,5,9,1028,0.18
2023-09-02,AB+,0,5,9,1028,0.02
2023-09-02,AB-,0,5,9,1028,0.01
2023-09-02,B+,2,5,9,1028,0.97
2023-09-02,B-,0,5,9,1028,0.26
2023-09-02,O+,2,5,9,1028,1.06
2023-09-02,O-,1,5,9,1028,0.19
2023-09-03,A+,0,6,9,1029,0.19
2023-09-03,A-,0,6,9,1029,0.19
2023-09-03,AB+,0,6,9,1029,0.04
2023-09-03,AB-,0,6,9,1029,0.02
2023-09-03,B+,2,6,9,1029,1.14
2023-09-03,B-,0,6,9,1029,0.26
2023-09-03,O+,0,6,9,1029,0.96
2023-09-03,O-,0,6,9,1029,0.17
2023-09-04,A+,0,0,9,1030,0.17
2023-09-04,A-,0,0,9,1030,0.17
2023-09-04,AB+,0,0,9,1030,0.01
2023-09-04,AB-,0,0,9,1030,0.0
2023-09-04,B+,1,0,9,1030,1.11
2023-09-04,B-,0,0,9,1030,0.24
2023-09-04,O+,1,0,9,1030,1.04
2023-09-04,O-,0,0,9,1030,0.09
2023-09-05,A+,1,1,9,1031,0.26
2023-09-05,A-,0,1,9,1031,0.18
2023-09-05,AB+,0,1,9,1031,0.02
2023-09-05,AB-,0,1,9,1031,0.01
2023-09-05,B+,2,1,9,1031,1.29
2023-09-05,B-,0,1,9,1031,0.18
2023-09-05,O+,0,1,9,1031,0.96
2023-09-05,O-,0,1,9,1031,0.09
2023-09-06,A+,0,2,9,1032,0.25
2023-09-06,A-,0,2,9,1032,0.17
2023-09-06,AB+,0,2,9,1032,0.01
2023-09-06,AB-,0,2,9,1032,0.0
2023-09-06,B+,0,2,9,1032,1.1
2023-09-06,B-,0,2,9,1032,0.16
2023-09-06,O+,1,2,9,1032,0.79
2023-09-06,O-,0,2,9,1032,0.09
2023-09-07,A+,0,3,9,1033,0.24
2023-09-07,A-,0,3,9,1033,0.09
2023-09-07,AB+,0,3,9,1033,0.01
2023-09-07,AB-,1,3,9,1033,0.09
2023-09-07,B+,1,3,9,1033,1.2
2023-09-07,B-,0,3,9,1033,0.17
2023-09-07,O+,0,3,9,1033,0.8
2023-09-07,O-,0,3,9,1033,0.09
2023-09-08,A+,0,4,9,1034,0.25
2023-09-08,A-,0,4,9,1034,0.09
2023-09-08,AB+,0,4,9,1034,0.01
2023-09-08,AB-,0,4,9,1034,0.08
2023-09-08,B+,0,4,9,1034,1.1
2023-09-08,B-,0,4,9,1034,0.16
2023-09-08,O+,1,4,9,1034,0.79
2023-09-08,O-,0,4,9,1034,0.09
2023-09-09,A+,0,5,9,1035,0.24
2023-09-09,A-,0,5,9,1035,0.09
2023-09-09,AB+,0,5,9,1035,0.01
2023-09-09,AB-,0,5,9,1035,0.09
2023-09-09,B+,0,5,9,1035,1.03
2023-09-09,B-,0,5,9,1035,0.16
2023-09-09,O+,2,5,9,1035,0.96
2023-09-09,O-,0,5,9,1035,0.09
2023-09-10,A+,1,6,9,1036,0.34
2023-09-10,A-,0,6,9,1036,0.1
2023-09-10,AB+,0,6,9,1036,0.02
2023-09-10,AB-,0,6,9,1036,0.1
2023-09-10,B+,1,6,9,1036,1.13
2023-09-10,B-,0,6,9,1036,0.17
2023-09-10,O+,1,6,9,1036,1.04
2023-09-10,O-,0,6,9,1036,0.09
2023-09-11,A+,0,0,9,1037,0.33
2023-09-11,A-,0,0,9,1037,0.09
2023-09-11,AB+,0,0,9,1037,0.01
2023-09-11,AB-,0,0,9,1037,0.09
2023-09-11,B+,0,0,9,1037,1.11
2023-09-11,B-,0,0,9,1037,0.16
2023-09-11,O+,1,0,9,1037,1.11
2023-09-11,O-,0,0,9,1037,0.09
2023-09-12,A+,2,1,9,1038,0.41
2023-09-12,A-,0,1,9,1038,0.1
2023-09-12,AB+,0,1,9,1038,0.02
2023-09-12,AB-,0,1,9,1038,0.1
2023-09-12,B+,1,1,9,1038,1.13
2023-09-12,B-,0,1,9,1038,0.18
2023-09-12,O+,2,1,9,1038,1.29
2023-09-12,O-,0,1,9,1038,0.1
2023-09-13,A+,0,2,9,1039,0.41
2023-09-13,A-,0,2,9,1039,0.1
2023-09-13,AB+,0,2,9,1039,0.02
2023-09-13,AB-,0,2,9,1039,0.09
2023-09-13,B+,0,2,9,1039,1.04
2023-09-13,B-,0,2,9,1039,0.08
2023-09-13,O+,0,2,9,1039,1.02
2023-09-13,O-,0,2,9,1039,0.08
2023-09-14,A+,1,3,9,1040,0.48
2023-09-14,A-,0,3,9,1040,0.01
2023-09-14,AB+,0,3,9,1040,0.01
2023-09-14,AB-,0,3,9,1040,0.09
2023-09-14,B+,0,3,9,1040,0.87
2023-09-14,B-,0,3,9,1040,0.01
2023-09-14,O+,2,3,9,1040,1.12
2023-09-14,O-,0,3,9,1040,0.09
2023-09-15,A+,1,4,9,1041,0.57
2023-09-15,A-,0,4,9,1041,0.02
2023-09-15,AB+,0,4,9,1041,0.02
2023-09-15,AB-,0,4,9,1041,0.1
2023-09-15,B+,3,4,9,1041,1.06
2023-09-15,B-,0,4,9,1041,0.03
2023-09-15,O+,1,4,9,1041,1.14
2023-09-15,O-,1,4,9,1041,0.19
2023-09-16,A+,2,5,9,1042,0.68
2023-09-16,A-,0,5,9,1042,0.05
2023-09-16,AB+,0,5,9,1042,0.05
2023-09-16,AB-,0,5,9,1042,0.11
2023-09-16,B+,1,5,9,1042,0.98
2023-09-16,B-,0,5,9,1042,0.03
2023-09-16,O+,0,5,9,1042,0.96
2023-09-16,O-,0,5,9,1042,0.09
2023-09-17,A+,0,6,9,1043,0.64
2023-09-17,A-,0,6,9,1043,0.01
2023-09-17,AB+,1,6,9,1043,0.09
2023-09-17,AB-,0,6,9,1043,0.09
2023-09-17,B+,0,6,9,1043,0.79
2023-09-17,B-,0,6,9,1043,0.01
2023-09-17,O+,4,6,9,1043,1.29
2023-09-17,O-,0,6,9,1043,0.11
2023-09-18,A+,0,0,9,1044,0.66
2023-09-18,A-,0,0,9,1044,0.03
2023-09-18,AB+,0,0,9,1044,0.11
2023-09-18,AB-,0,0,9,1044,0.11
2023-09-18,B+,0,0,9,1044,0.74
2023-09-18,B-,0,0,9,1044,0.0
2023-09-18,O+,0,0,9,1044,1.18
2023-09-18,O-,0,0,9,1044,0.08
2023-09-19,A+,1,1,9,1045,0.64
2023-09-19,A-,0,1,9,1045,0.01
2023-09-19,AB+,0,1,9,1045,0.09
2023-09-19,AB-,0,1,9,1045,0.09
2023-09-19,B+,1,1,9,1045,0.64
2023-09-19,B-,1,1,9,1045,0.1
2023-09-19,O+,1,1,9,1045,1.29
2023-09-19,O-,0,1,9,1045,0.1
2023-09-20,A+,1,2,9,1046,0.74
2023-09-20,A-,0,2,9,1046,0.03
2023-09-20,AB+,0,2,9,1046,0.11
2023-09-20,AB-,0,2,9,1046,0.1
2023-09-20,B+,0,2,9,1046,0.64
2023-09-20,B-,0,2,9,1046,0.09
2023-09-20,O+,1,2,9,1046,1.27
2023-09-20,O-,0,2,9,1046,0.09
2023-09-21,A+,0,3,9,1047,0.71
2023-09-21,A-,0,3,9,1047,0.01
2023-09-21,AB+,0,3,9,1047,0.09
2023-09-21,AB-,0,3,9,1047,0.01
2023-09-21,B+,1,3,9,1047,0.64
2023-09-21,B-,0,3,9,1047,0.09
2023-09-21,O+,0,3,9,1047,1.26
2023-09-21,O-,0,3,9,1047,0.09
2023-09-22,A+,1,4,9,1048,0.8
2023-09-22,A-,0,4,9,1048,0.01
2023-09-22,AB+,0,4,9,1048,0.09
2023-09-22,AB-,0,4,9,1048,0.01
2023-09-22,B+,1,4,9,1048,0.72
2023-09-22,B-,0,4,9,1048,0.09
2023-09-22,O+,1,4,9,1048,1.28
2023-09-22,O-,0,4,9,1048,0.09
2023-09-23,A+,1,5,9,1049,0.89
2023-09-23,A-,1,5,9,1049,0.11
2023-09-23,AB+,0,5,9,1049,0.11
2023-09-23,AB-,0,5,9,1049,0.02
2023-09-23,B+,1,5,9,1049,0.81
2023-09-23,B-,0,5,9,1049,0.1
2023-09-23,O+,2,5,9,1049,1.29
2023-09-23,O-,0,5,9,1049,0.11
2023-09-24,A+,1,6,9,1050,0.89
2023-09-24,A-,0,6,9,1050,0.11
2023-09-24,AB+,0,6,9,1050,0.11
2023-09-24,AB-,0,6,9,1050,0.02
2023-09-24,B+,2,6,9,1050,0.9
2023-09-24,B-,0,6,9,1050,0.1
2023-09-24,O+,1,6,9,1050,1.29
2023-09-24,O-,0,6,9,1050,0.1
2023-09-25,A+,1,0,9,1051,0.97
2023-09-25,A-,1,0,9,1051,0.19
2023-09-25,AB+,0,0,9,1051,0.11
2023-09-25,AB-,0,0,9,1051,0.02
2023-09-25,B+,1,0,9,1051,0.97
2023-09-25,B-,0,0,9,1051,0.1
2023-09-25,O+,0,0,9,1051,1.2
2023-09-25,O-,0,0,9,1051,0.09
2023-09-26,A+,0,1,9,1052,0.79
2023-09-26,A-,0,1,9,1052,0.16
2023-09-26,AB+,1,1,9,1052,0.17
2023-09-26,AB-,0,1,9,1052,0.01
2023-09-26,B+,1,1,9,1052,0.96
2023-09-26,B-,0,1,9,1052,0.09
2023-09-26,O+,2,1,9,1052,1.21
2023-09-26,O-,0,1,9,1052,0.11
2023-09-27,A+,0,2,9,1053,0.81
2023-09-27,A-,0,2,9,1053,0.18
2023-09-27,AB+,0,2,9,1053,0.18
2023-09-27,AB-,0,2,9,1053,0.01
2023-09-27,B+,0,2,9,1053,0.96
2023-09-27,B-,0,2,9,1053,0.08
2023-09-27,O+,1,2,9,1053,1.26
2023-09-27,O-,0,2,9,1053,0.09
2023-09-28,A+,1,3,9,1054,0.8
2023-09-28,A-,0,3,9,1054,0.17
2023-09-28,AB+,0,3,9,1054,0.17
2023-09-28,AB-,0,3,9,1054,0.01
2023-09-28,B+,1,3,9,1054,1.04
2023-09-28,B-,0,3,9,1054,0.09
2023-09-28,O+,1,3,9,1054,1.2
2023-09-28,O-,0,3,9,1054,0.09
2023-09-29,A+,0,4,9,1055,0.72
2023-09-29,A-,1,4,9,1055,0.26
2023-09-29,AB+,0,4,9,1055,0.18
2023-09-29,AB-,0,4,9,1055,0.01
2023-09-29,B+,2,4,9,1055,0.97
2023-09-29,B-,0,4,9,1055,0.1
2023-09-29,O+,0,4,9,1055,1.12
2023-09-29,O-,0,4,9,1055,0.02
2023-09-30,A+,1,5,9,1056,0.65
2023-09-30,A-,0,5,9,1056,0.26
2023-09-30,AB+,0,5,9,1056,0.18
2023-09-30,AB-,0,5,9,1056,0.01
2023-09-30,B+,1,5,9,1056,0.96
2023-09-30,B-,0,5,9,1056,0.09
2023-09-30,O+,0,5,9,1056,1.11
2023-09-30,O-,0,5,9,1056,0.01
2023-10-01,A+,0,6,10,1057,0.64
2023-10-01,A-,0,6,10,1057,0.24
2023-10-01,AB+,0,6,10,1057,0.09
2023-10-01,AB-,0,6,10,1057,0.0
2023-10-01,B+,0,6,10,1057,0.94
2023-10-01,B-,0,6,10,1057,0.08
2023-10-01,O+,2,6,10,1057,0.96
2023-10-01,O-,0,6,10,1057,0.01
2023-10-02,A+,0,0,10,1058,0.64
2023-10-02,A-,0,0,10,1058,0.25
2023-10-02,AB+,0,0,10,1058,0.09
2023-10-02,AB-,0,0,10,1058,0.01
2023-10-02,B+,0,0,10,1058,0.96
2023-10-02,B-,0,0,10,1058,0.08
2023-10-02,O+,2,0,10,1058,1.11
2023-10-02,O-,0,0,10,1058,0.01
2023-10-03,A+,0,1,10,1059,0.56
2023-10-03,A-,0,1,10,1059,0.25
2023-10-03,AB+,0,1,10,1059,0.09
2023-10-03,AB-,0,1,10,1059,0.01
2023-10-03,B+,0,1,10,1059,0.88
2023-10-03,B-,0,1,10,1059,0.0
2023-10-03,O+,0,1,10,1059,1.02
2023-10-03,O-,0,1,10,1059,0.0
2023-10-04,A+,0,2,10,1060,0.47
2023-10-04,A-,0,2,10,1060,0.24
2023-10-04,AB+,0,2,10,1060,0.08
2023-10-04,AB-,0,2,10,1060,0.0
2023-10-04,B+,0,2,10,1060,0.86
2023-10-04,B-,0,2,10,1060,0.0
2023-10-04,O+,2,2,10,1060,1.11
2023-10-04,O-,0,2,10,1060,0.01
2023-10-05,A+,0,3,10,1061,0.49
2023-10-05,A-,0,3,10,1061,0.25
2023-10-05,AB+,0,3,10,1061,0.09
2023-10-05,AB-,0,3,10,1061,0.01
2023-10-05,B+,2,3,10,1061,0.97
2023-10-05,B-,0,3,10,1061,0.01
2023-10-05,O+,1,3,10,1061,1.2
2023-10-05,O-,0,3,10,1061,0.02
2023-10-06,A+,1,4,10,1062,0.5
2023-10-06,A-,0,4,10,1062,0.26
2023-10-06,AB+,1,4,10,1062,0.19
2023-10-06,AB-,0,4,10,1062,0.02
2023-10-06,B+,1,4,10,1062,0.97
2023-10-06,B-,0,4,10,1062,0.02
2023-10-06,O+,2,4,10,1062,1.29
2023-10-06,O-,0,4,10,1062,0.03
2023-10-07,A+,0,5,10,1063,0.42
2023-10-07,A-,0,5,10,1063,0.18
2023-10-07,AB+,0,5,10,1063,0.18
2023-10-07,AB-,0,5,10,1063,0.01
2023-10-07,B+,1,5,10,1063,0.96
2023-10-07,B-,0,5,10,1063,0.01
2023-10-07,O+,3,5,10,1063,1.36
2023-10-07,O-,0,5,10,1063,0.03
2023-10-08,A+,1,6,10,1064,0.43
2023-10-08,A-,0,6,10,1064,0.19
2023-10-08,AB+,0,6,10,1064,0.19
2023-10-08,AB-,0,6,10,1064,0.03
2023-10-08,B+,3,6,10,1064,1.07
2023-10-08,B-,0,6,10,1064,0.03
2023-10-08,O+,0,6,10,1064,1.29
2023-10-08,O-,0,6,10,1064,0.02
2023-10-09,A+,1,0,10,1065,0.42
2023-10-09,A-,0,0,10,1065,0.11
2023-10-09,AB+,0,0,10,1065,0.19
2023-10-09,AB-,0,0,10,1065,0.01
2023-10-09,B+,3,0,10,1065,1.21
2023-10-09,B-,0,0,10,1065,0.03
2023-10-09,O+,2,0,10,1065,1.46
2023-10-09,O-,0,0,10,1065,0.04
2023-10-10,A+,3,1,10,1066,0.69
2023-10-10,A-,0,1,10,1066,0.14
2023-10-10,AB+,0,1,10,1066,0.14
2023-10-10,AB-,1,1,10,1066,0.12
2023-10-10,B+,0,1,10,1066,1.14
2023-10-10,B-,0,1,10,1066,0.03
2023-10-10,O+,0,1,10,1066,1.29
2023-10-10,O-,0,1,10,1066,0.01
2023-10-11,A+,0,2,10,1067,0.64
2023-10-11,A-,0,2,10,1067,0.09
2023-10-11,AB+,0,2,10,1067,0.08
2023-10-11,AB-,0,2,10,1067,0.08
2023-10-11,B+,0,2,10,1067,1.1
2023-10-11,B-,0,2,10,1067,0.0
2023-10-11,O+,1,2,10,1067,1.26
2023-10-11,O-,0,2,10,1067,0.01
2023-10-12,A+,1,3,10,1068,0.64
2023-10-12,A-,0,3,10,1068,0.09
2023-10-12,AB+,0,3,10,1068,0.09
2023-10-12,AB-,0,3,10,1068,0.09
2023-10-12,B+,0,3,10,1068,1.04
2023-10-12,B-,0,3,10,1068,0.01
2023-10-12,O+,1,3,10,1068,1.27
2023-10-12,O-,0,3,10,1068,0.01
2023-10-13,A+,0,4,10,1069,0.64
2023-10-13,A-,0,4,10,1069,0.01
2023-10-13,AB+,0,4,10,1069,0.09
2023-10-13,AB-,0,4,10,1069,0.09
2023-10-13,B+,1,4,10,1069,0.96
2023-10-13,B-,0,4,10,1069,0.01
2023-10-13,O+,1,4,10,1069,1.35
2023-10-13,O-,0,4,10,1069,0.01
2023-10-14,A+,2,5,10,1070,0.74
2023-10-14,A-,0,5,10,1070,0.03
2023-10-14,AB+,0,5,10,1070,0.11
2023-10-14,AB-,0,5,10,1070,0.1
2023-10-14,B+,2,5,10,1070,1.06
2023-10-14,B-,0,5,10,1070,0.03
2023-10-14,O+,3,5,10,1070,1.62
2023-10-14,O-,0,5,10,1070,0.04
2023-10-15,A+,2,6,10,1071,0.91
2023-10-15,A-,0,6,10,1071,0.05
2023-10-15,AB+,0,6,10,1071,0.13
2023-10-15,AB-,0,6,10,1071,0.11
2023-10-15,B+,0,6,10,1071,1.06
2023-10-15,B-,0,6,10,1071,0.01
2023-10-15,O+,0,6,10,1071,1.43
2023-10-15,O-,0,6,10,1071,0.0
2023-10-16,A+,0,0,10,1072,0.86
2023-10-16,A-,0,0,10,1072,0.0
2023-10-16,AB+,0,0,10,1072,0.08
2023-10-16,AB-,0,0,10,1072,0.08
2023-10-16,B+,0,0,10,1072,1.02
2023-10-16,B-,0,0,10,1072,0.0
2023-10-16,O+,1,0,10,1072,1.34
2023-10-16,O-,0,0,10,1072,0.01
2023-10-17,A+,1,1,10,1073,0.96
2023-10-17,A-,0,1,10,1073,0.01
2023-10-17,AB+,0,1,10,1073,0.09
2023-10-17,AB-,0,1,10,1073,0.09
2023-10-17,B+,2,1,10,1073,1.21
2023-10-17,B-,0,1,10,1073,0.02
2023-10-17,O+,1,1,10,1073,1.44
2023-10-17,O-,1,1,10,1073,0.11
2023-10-18,A+,0,2,10,1074,0.97
2023-10-18,A-,0,2,10,1074,0.03
2023-10-18,AB+,0,2,10,1074,0.11
2023-10-18,AB-,0,2,10,1074,0.09
2023-10-18,B+,2,2,10,1074,1.36
2023-10-18,B-,0,2,10,1074,0.02
2023-10-18,O+,2,2,10,1074,1.44
2023-10-18,O-,0,2,10,1074,0.11
2023-10-19,A+,0,3,10,1075,0.97
2023-10-19,A-,0,3,10,1075,0.03
2023-10-19,AB+,0,3,10,1075,0.11
2023-10-19,AB-,0,3,10,1075,0.09
2023-10-19,B+,0,3,10,1075,1.19
2023-10-19,B-,0,3,10,1075,0.0
2023-10-19,O+,2,3,10,1075,1.51
2023-10-19,O-,0,3,10,1075,0.09
2023-10-20,A+,1,4,10,1076,0.96
2023-10-20,A-,0,4,10,1076,0.02
2023-10-20,AB+,0,4,10,1076,0.02
2023-10-20,AB-,0,4,10,1076,0.1
2023-10-20,B+,0,4,10,1076,1.12
2023-10-20,B-,0,4,10,1076,0.01
2023-10-20,O+,1,4,10,1076,1.43
2023-10-20,O-,0,4,10,1076,0.09
2023-10-21,A+,0,5,10,1077,0.95
2023-10-21,A-,0,5,10,1077,0.01
2023-10-21,AB+,0,5,10,1077,0.01
2023-10-21,AB-,0,5,10,1077,0.09
2023-10-21,B+,0,5,10,1077,1.03
2023-10-21,B-,0,5,10,1077,0.0
2023-10-21,O+,0,5,10,1077,1.18
2023-10-21,O-,0,5,10,1077,0.08
2023-10-22,A+,0,6,10,1078,0.86
2023-10-22,A-,0,6,10,1078,0.0
2023-10-22,AB+,0,6,10,1078,0.0
2023-10-22,AB-,0,6,10,1078,0.08
2023-10-22,B+,0,6,10,1078,0.79
2023-10-22,B-,0,6,10,1078,0.0
2023-10-22,O+,2,6,10,1078,1.35
2023-10-22,O-,0,6,10,1078,0.09
2023-10-23,A+,1,0,10,1079,0.89
2023-10-23,A-,0,0,10,1079,0.02
2023-10-23,AB+,0,0,10,1079,0.02
2023-10-23,AB-,0,0,10,1079,0.1
2023-10-23,B+,0,0,10,1079,0.57
2023-10-23,B-,0,0,10,1079,0.01
2023-10-23,O+,0,0,10,1079,1.19
2023-10-23,O-,0,0,10,1079,0.08
2023-10-24,A+,1,1,10,1080,0.71
2023-10-24,A-,0,1,10,1080,0.01
2023-10-24,AB+,0,1,10,1080,0.01
2023-10-24,AB-,0,1,10,1080,0.01
2023-10-24,B+,0,1,10,1080,0.56
2023-10-24,B-,0,1,10,1080,0.01
2023-10-24,O+,0,1,10,1080,1.19
2023-10-24,O-,0,1,10,1080,0.08
2023-10-25,A+,1,2,10,1081,0.79
2023-10-25,A-,0,2,10,1081,0.01
2023-10-25,AB+,0,2,10,1081,0.01
2023-10-25,AB-,0,2,10,1081,0.01
2023-10-25,B+,1,2,10,1081,0.64
2023-10-25,B-,0,2,10,1081,0.01
2023-10-25,O+,0,2,10,1081,1.11
2023-10-25,O-,1,2,10,1081,0.17
2023-10-26,A+,0,3,10,1082,0.72
2023-10-26,A-,0,3,10,1082,0.01
2023-10-26,AB+,0,3,10,1082,0.01
2023-10-26,AB-,0,3,10,1082,0.01
2023-10-26,B+,0,3,10,1082,0.64
2023-10-26,B-,0,3,10,1082,0.01
2023-10-26,O+,0,3,10,1082,1.02
2023-10-26,O-,0,3,10,1082,0.16
2023-10-27,A+,1,4,10,1083,0.79
2023-10-27,A-,0,4,10,1083,0.01
2023-10-27,AB+,0,4,10,1083,0.01
2023-10-27,AB-,0,4,10,1083,0.01
2023-10-27,B+,1,4,10,1083,0.64
2023-10-27,B-,0,4,10,1083,0.01
2023-10-27,O+,1,4,10,1083,1.04
2023-10-27,O-,0,4,10,1083,0.17
2023-10-28,A+,1,5,10,1084,0.73
2023-10-28,A-,0,5,10,1084,0.02
2023-10-28,AB+,1,5,10,1084,0.11
2023-10-28,AB-,0,5,10,1084,0.02
2023-10-28,B+,2,5,10,1084,0.66
2023-10-28,B-,0,5,10,1084,0.03
2023-10-28,O+,1,5,10,1084,0.9
2023-10-28,O-,0,5,10,1084,0.19
2023-10-29,A+,0,6,10,1085,0.58
2023-10-29,A-,0,6,10,1085,0.02
2023-10-29,AB+,0,6,10,1085,0.1
2023-10-29,AB-,0,6,10,1085,0.01
2023-10-29,B+,0,6,10,1085,0.64
2023-10-29,B-,0,6,10,1085,0.0
2023-10-29,O+,0,6,10,1085,0.86
2023-10-29,O-,0,6,10,1085,0.16
2023-10-30,A+,2,0,10,1086,0.72
2023-10-30,A-,0,0,10,1086,0.01
2023-10-30,AB+,0,0,10,1086,0.09
2023-10-30,AB-,0,0,10,1086,0.01
2023-10-30,B+,1,0,10,1086,0.73
2023-10-30,B-,0,0,10,1086,0.02
2023-10-30,O+,2,0,10,1086,0.98
2023-10-30,O-,0,0,10,1086,0.18
2023-10-31,A+,1,1,10,1087,0.74
2023-10-31,A-,0,1,10,1087,0.03
2023-10-31,AB+,0,1,10,1087,0.11
2023-10-31,AB-,0,1,10,1087,0.02
2023-10-31,B+,0,1,10,1087,0.57
2023-10-31,B-,0,1,10,1087,0.01
2023-10-31,O+,2,1,10,1087,1.04
2023-10-31,O-,0,1,10,1087,0.09
2023-11-01,A+,0,2,11,1088,0.72
2023-11-01,A-,0,2,11,1088,0.01
2023-11-01,AB+,0,2,11,1088,0.09
2023-11-01,AB-,0,2,11,1088,0.01
2023-11-01,B+,1,2,11,1088,0.49
2023-11-01,B-,0,2,11,1088,0.01
2023-11-01,O+,1,2,11,1088,0.96
2023-11-01,O-,0,2,11,1088,0.09
2023-11-02,A+,0,3,11,1089,0.72
2023-11-02,A-,0,3,11,1089,0.01
2023-11-02,AB+,0,3,11,1089,0.09
2023-11-02,AB-,0,3,11,1089,0.01
2023-11-02,B+,0,3,11,1089,0.48
2023-11-02,B-,0,3,11,1089,0.0
2023-11-02,O+,4,3,11,1089,1.13
2023-11-02,O-,1,3,11,1089,0.19
2023-11-03,A+,0,4,11,1090,0.66
2023-11-03,A-,0,4,11,1090,0.04
2023-11-03,AB+,0,4,11,1090,0.11
2023-11-03,AB-,0,4,11,1090,0.04
2023-11-03,B+,0,4,11,1090,0.51
2023-11-03,B-,1,4,11,1090,0.09
2023-11-03,O+,2,4,11,1090,1.2
2023-11-03,O-,1,4,11,1090,0.26
2023-11-04,A+,0,5,11,1091,0.66
2023-11-04,A-,0,5,11,1091,0.03
2023-11-04,AB+,2,5,11,1091,0.28
2023-11-04,AB-,0,5,11,1091,0.04
2023-11-04,B+,0,5,11,1091,0.51
2023-11-04,B-,0,5,11,1091,0.1
2023-11-04,O+,1,5,11,1091,1.28
2023-11-04,O-,0,5,11,1091,0.26
2023-11-05,A+,0,6,11,1092,0.65
2023-11-05,A-,0,6,11,1092,0.01
2023-11-05,AB+,0,6,11,1092,0.24
2023-11-05,AB-,0,6,11,1092,0.01
2023-11-05,B+,2,6,11,1092,0.65
2023-11-05,B-,0,6,11,1092,0.09
2023-11-05,O+,2,6,11,1092,1.29
2023-11-05,O-,0,6,11,1092,0.26
2023-11-06,A+,1,0,11,1093,0.66
2023-11-06,A-,1,0,11,1093,0.12
2023-11-06,AB+,0,0,11,1093,0.28
2023-11-06,AB-,0,0,11,1093,0.03
2023-11-06,B+,1,0,11,1093,0.74
2023-11-06,B-,0,0,11,1093,0.1
2023-11-06,O+,0,0,11,1093,1.28
2023-11-06,O-,0,0,11,1093,0.25
2023-11-07,A+,1,1,11,1094,0.64
2023-11-07,A-,0,1,11,1094,0.09
2023-11-07,AB+,0,1,11,1094,0.25
2023-11-07,AB-,0,1,11,1094,0.01
2023-11-07,B+,0,1,11,1094,0.71
2023-11-07,B-,0,1,11,1094,0.09
2023-11-07,O+,0,1,11,1094,1.26
2023-11-07,O-,0,1,11,1094,0.24
2023-11-08,A+,2,2,11,1095,0.72
2023-11-08,A-,0,2,11,1095,0.09
2023-11-08,AB+,0,2,11,1095,0.25
2023-11-08,AB-,0,2,11,1095,0.01
2023-11-08,B+,1,2,11,1095,0.73
2023-11-08,B-,0,2,11,1095,0.1
2023-11-08,O+,0,2,11,1095,1.28
2023-11-08,O-,0,2,11,1095,0.16
2023-11-09,A+,0,3,11,1096,0.71
2023-11-09,A-,0,3,11,1096,0.09
2023-11-09,AB+,0,3,11,1096,0.24
2023-11-09,AB-,0,3,11,1096,0.0
2023-11-09,B+,0,3,11,1096,0.71
2023-11-09,B-,0,3,11,1096,0.08
2023-11-09,O+,0,3,11,1096,1.26
2023-11-09,O-,1,3,11,1096,0.24
2023-11-10,A+,1,4,11,1097,0.72
2023-11-10,A-,0,4,11,1097,0.09
2023-11-10,AB+,0,4,11,1097,0.25
2023-11-10,AB-,0,4,11,1097,0.01
2023-11-10,B+,0,4,11,1097,0.64
2023-11-10,B-,0,4,11,1097,0.09
2023-11-10,O+,1,4,11,1097,1.27
2023-11-10,O-,0,4,11,1097,0.24
2023-11-11,A+,0,5,11,1098,0.64
2023-11-11,A-,0,5,11,1098,0.09
2023-11-11,AB+,0,5,11,1098,0.16
2023-11-11,AB-,0,5,11,1098,0.01
2023-11-11,B+,2,5,11,1098,0.65
2023-11-11,B-,0,5,11,1098,0.09
2023-11-11,O+,0,5,11,1098,1.19
2023-11-11,O-,0,5,11,1098,0.25
2023-11-12,A+,0,6,11,1099,0.64
2023-11-12,A-,0,6,11,1099,0.09
2023-11-12,AB+,0,6,11,1099,0.17
2023-11-12,AB-,0,6,11,1099,0.0
2023-11-12,B+,1,6,11,1099,0.71
2023-11-12,B-,0,6,11,1099,0.09
2023-11-12,O+,3,6,11,1099,1.44
2023-11-12,O-,1,6,11,1099,0.35
2023-11-13,A+,1,0,11,1100,0.59
2023-11-13,A-,0,0,11,1100,0.12
2023-11-13,AB+,0,0,11,1100,0.2
2023-11-13,AB-,0,0,11,1100,0.04
2023-11-13,B+,3,0,11,1100,0.92
2023-11-13,B-,0,0,11,1100,0.11
2023-11-13,O+,1,0,11,1100,1.37
2023-11-13,O-,0,0,11,1100,0.34
2023-11-14,A+,0,1,11,1101,0.5
2023-11-14,A-,0,1,11,1101,0.11
2023-11-14,AB+,0,1,11,1101,0.19
2023-11-14,AB-,0,1,11,1101,0.01
2023-11-14,B+,1,1,11,1101,0.96
2023-11-14,B-,0,1,11,1101,0.09
2023-11-14,O+,1,1,11,1101,1.27
2023-11-14,O-,0,1,11,1101,0.33
2023-11-15,A+,1,2,11,1102,0.57
2023-11-15,A-,0,2,11,1102,0.1
2023-11-15,AB+,0,2,11,1102,0.18
2023-11-15,AB-,0,2,11,1102,0.01
2023-11-15,B+,1,2,11,1102,0.96
2023-11-15,B-,0,2,11,1102,0.09
2023-11-15,O+,0,2,11,1102,1.19
2023-11-15,O-,0,2,11,1102,0.32
2023-11-16,A+,0,3,11,1103,0.56
2023-11-16,A-,0,3,11,1103,0.09
2023-11-16,AB+,1,3,11,1103,0.25
2023-11-16,AB-,0,3,11,1103,0.01
2023-11-16,B+,0,3,11,1103,0.95
2023-11-16,B-,0,3,11,1103,0.09
2023-11-16,O+,2,3,11,1103,1.04
2023-11-16,O-,0,3,11,1103,0.26
2023-11-17,A+,0,4,11,1104,0.57
2023-11-17,A-,0,4,11,1104,0.09
2023-11-17,AB+,0,4,11,1104,0.25
2023-11-17,AB-,2,4,11,1104,0.19
2023-11-17,B+,1,4,11,1104,1.06
2023-11-17,B-,0,4,11,1104,0.02
2023-11-17,O+,0,4,11,1104,0.89
2023-11-17,O-,0,4,11,1104,0.18
2023-11-18,A+,0,5,11,1105,0.57
2023-11-18,A-,0,5,11,1105,0.1
2023-11-18,AB+,0,5,11,1105,0.09
2023-11-18,AB-,0,5,11,1105,0.16
2023-11-18,B+,0,5,11,1105,1.02
2023-11-18,B-,0,5,11,1105,0.0
2023-11-18,O+,0,5,11,1105,0.79
2023-11-18,O-,0,5,11,1105,0.16
2023-11-19,A+,1,6,11,1106,0.64
2023-11-19,A-,0,6,11,1106,0.09
2023-11-19,AB+,0,6,11,1106,0.09
2023-11-19,AB-,0,6,11,1106,0.16
2023-11-19,B+,2,6,11,1106,1.04
2023-11-19,B-,0,6,11,1106,0.02
2023-11-19,O+,1,6,11,1106,0.74
2023-11-19,O-,0,6,11,1106,0.18
2023-11-20,A+,0,0,11,1107,0.57
2023-11-20,A-,0,0,11,1107,0.02
2023-11-20,AB+,0,0,11,1107,0.1
2023-11-20,AB-,0,0,11,1107,0.16
2023-11-20,B+,1,0,11,1107,1.04
2023-11-20,B-,1,0,11,1107,0.09
2023-11-20,O+,2,0,11,1107,0.89
2023-11-20,O-,0,0,11,1107,0.19
2023-11-21,A+,0,1,11,1108,0.5
2023-11-21,A-,0,1,11,1108,0.03
2023-11-21,AB+,0,1,11,1108,0.11
2023-11-21,AB-,0,1,11,1108,0.18
2023-11-21,B+,2,1,11,1108,1.21
2023-11-21,B-,0,1,11,1108,0.09
2023-11-21,O+,0,1,11,1108,0.88
2023-11-21,O-,0,1,11,1108,0.17
2023-11-22,A+,0,2,11,1109,0.33
2023-11-22,A-,0,2,11,1109,0.01
2023-11-22,AB+,0,2,11,1109,0.09
2023-11-22,AB-,0,2,11,1109,0.16
2023-11-22,B+,0,2,11,1109,1.1
2023-11-22,B-,0,2,11,1109,0.08
2023-11-22,O+,0,2,11,1109,0.86
2023-11-22,O-,0,2,11,1109,0.16
2023-11-23,A+,1,3,11,1110,0.4
2023-11-23,A-,0,3,11,1110,0.01
2023-11-23,AB+,0,3,11,1110,0.09
2023-11-23,AB-,0,3,11,1110,0.16
2023-11-23,B+,0,3,11,1110,1.11
2023-11-23,B-,0,3,11,1110,0.09
2023-11-23,O+,3,3,11,1110,1.13
2023-11-23,O-,0,3,11,1110,0.1
2023-11-24,A+,0,4,11,1111,0.34
2023-11-24,A-,0,4,11,1111,0.02
2023-11-24,AB+,0,4,11,1111,0.1
2023-11-24,AB-,0,4,11,1111,0.18
2023-11-24,B+,3,4,11,1111,1.38
2023-11-24,B-,0,4,11,1111,0.1
2023-11-24,O+,2,4,11,1111,1.21
2023-11-24,O-,0,4,11,1111,0.11
2023-11-25,A+,0,5,11,1112,0.35
2023-11-25,A-,0,5,11,1112,0.04
2023-11-25,AB+,0,5,11,1112,0.11
2023-11-25,AB-,0,5,11,1112,0.17
2023-11-25,B+,1,5,11,1112,1.28
2023-11-25,B-,0,5,11,1112,0.09
2023-11-25,O+,1,5,11,1112,1.27
2023-11-25,O-,0,5,11,1112,0.09
2023-11-26,A+,0,6,11,1113,0.33
2023-11-26,A-,0,6,11,1113,0.01
2023-11-26,AB+,1,6,11,1113,0.18
2023-11-26,AB-,0,6,11,1113,0.17
2023-11-26,B+,1,6,11,1113,1.28
2023-11-26,B-,0,6,11,1113,0.09
2023-11-26,O+,1,6,11,1113,1.12
2023-11-26,O-,0,6,11,1113,0.02
2023-11-27,A+,0,0,11,1114,0.26
2023-11-27,A-,1,0,11,1114,0.1
2023-11-27,AB+,0,0,11,1114,0.18
2023-11-27,AB-,0,0,11,1114,0.17
2023-11-27,B+,0,0,11,1114,1.04
2023-11-27,B-,0,0,11,1114,0.09
2023-11-27,O+,0,0,11,1114,1.03
2023-11-27,O-,0,0,11,1114,0.01
2023-11-28,A+,0,1,11,1115,0.24
2023-11-28,A-,0,1,11,1115,0.08
2023-11-28,AB+,0,1,11,1115,0.16
2023-11-28,AB-,0,1,11,1115,0.16
2023-11-28,B+,3,1,11,1115,1.2
2023-11-28,B-,0,1,11,1115,0.1
2023-11-28,O+,1,1,11,1115,1.05
2023-11-28,O-,0,1,11,1115,0.03
2023-11-29,A+,0,2,11,1116,0.19
2023-11-29,A-,0,2,11,1116,0.11
2023-11-29,AB+,0,2,11,1116,0.19
2023-11-29,AB-,0,2,11,1116,0.16
2023-11-29,B+,0,2,11,1116,1.11
2023-11-29,B-,0,2,11,1116,0.08
2023-11-29,O+,2,2,11,1116,1.19
2023-11-29,O-,0,2,11,1116,0.01
2023-11-30,A+,0,3,11,1117,0.17
2023-11-30,A-,0,3,11,1117,0.09
2023-11-30,AB+,0,3,11,1117,0.09
2023-11-30,AB-,0,3,11,1117,0.17
2023-11-30,B+,0,3,11,1117,1.11
2023-11-30,B-,0,3,11,1117,0.08
2023-11-30,O+,2,3,11,1117,1.19
2023-11-30,O-,0,3,11,1117,0.01
2023-12-01,A+,1,4,12,1118,0.26
2023-12-01,A-,1,4,12,1118,0.19
2023-12-01,AB+,0,4,12,1118,0.11
2023-12-01,AB-,0,4,12,1118,0.03
2023-12-01,B+,0,4,12,1118,1.05
2023-12-01,B-,0,4,12,1118,0.09
2023-12-01,O+,0,4,12,1118,1.19
2023-12-01,O-,0,4,12,1118,0.01
2023-12-02,A+,0,5,12,1119,0.24
2023-12-02,A-,0,5,12,1119,0.16
2023-12-02,AB+,0,5,12,1119,0.08
2023-12-02,AB-,0,5,12,1119,0.0
2023-12-02,B+,5,5,12,1119,1.45
2023-12-02,B-,0,5,12,1119,0.11
2023-12-02,O+,0,5,12,1119,1.21
2023-12-02,O-,0,5,12,1119,0.04
2023-12-03,A+,1,6,12,1120,0.28
2023-12-03,A-,0,6,12,1120,0.2
2023-12-03,AB+,0,6,12,1120,0.12
2023-12-03,AB-,0,6,12,1120,0.01
2023-12-03,B+,0,6,12,1120,1.26
2023-12-03,B-,0,6,12,1120,0.09
2023-12-03,O+,0,6,12,1120,1.11
2023-12-03,O-,0,6,12,1120,0.0
2023-12-04,A+,1,0,12,1121,0.32
2023-12-04,A-,0,0,12,1121,0.16
2023-12-04,AB+,0,0,12,1121,0.09
2023-12-04,AB-,0,0,12,1121,0.01
2023-12-04,B+,0,0,12,1121,1.19
2023-12-04,B-,0,0,12,1121,0.01
2023-12-04,O+,2,0,12,1121,1.12
2023-12-04,O-,0,0,12,1121,0.01
2023-12-05,A+,0,1,12,1122,0.33
2023-12-05,A-,0,1,12,1122,0.17
2023-12-05,AB+,0,1,12,1122,0.09
2023-12-05,AB-,0,1,12,1122,0.01
2023-12-05,B+,1,1,12,1122,1.12
2023-12-05,B-,0,1,12,1122,0.01
2023-12-05,O+,0,1,12,1122,1.11
2023-12-05,O-,0,1,12,1122,0.01
2023-12-06,A+,0,2,12,1123,0.32
2023-12-06,A-,0,2,12,1123,0.16
2023-12-06,AB+,0,2,12,1123,0.09
2023-12-06,AB-,0,2,12,1123,0.0
2023-12-06,B+,0,2,12,1123,1.1
2023-12-06,B-,0,2,12,1123,0.0
2023-12-06,O+,0,2,12,1123,1.1
2023-12-06,O-,0,2,12,1123,0.0
2023-12-07,A+,1,3,12,1124,0.32
2023-12-07,A-,0,3,12,1124,0.16
2023-12-07,AB+,0,3,12,1124,0.09
2023-12-07,AB-,0,3,12,1124,0.01
2023-12-07,B+,1,3,12,1124,1.19
2023-12-07,B-,0,3,12,1124,0.01
2023-12-07,O+,3,3,12,1124,1.14
2023-12-07,O-,0,3,12,1124,0.03
2023-12-08,A+,2,4,12,1125,0.51
2023-12-08,A-,0,4,12,1125,0.2
2023-12-08,AB+,1,4,12,1125,0.21
2023-12-08,AB-,0,4,12,1125,0.04
2023-12-08,B+,1,4,12,1125,1.07
2023-12-08,B-,0,4,12,1125,0.03
2023-12-08,O+,0,4,12,1125,0.97
2023-12-08,O-,0,4,12,1125,0.01
2023-12-09,A+,0,5,12,1126,0.49
2023-12-09,A-,0,5,12,1126,0.16
2023-12-09,AB+,0,5,12,1126,0.16
2023-12-09,AB-,0,5,12,1126,0.0
2023-12-09,B+,0,5,12,1126,0.94
2023-12-09,B-,1,5,12,1126,0.09
2023-12-09,O+,0,5,12,1126,0.87
2023-12-09,O-,0,5,12,1126,0.01
2023-12-10,A+,0,6,12,1127,0.48
2023-12-10,A-,0,6,12,1127,0.16
2023-12-10,AB+,0,6,12,1127,0.09
2023-12-10,AB-,0,6,12,1127,0.01
2023-12-10,B+,2,6,12,1127,1.04
2023-12-10,B-,0,6,12,1127,0.09
2023-12-10,O+,2,6,12,1127,0.97
2023-12-10,O-,0,6,12,1127,0.03
2023-12-11,A+,2,0,12,1128,0.67
2023-12-11,A-,0,0,12,1128,0.12
2023-12-11,AB+,0,0,12,1128,0.12
2023-12-11,AB-,0,0,12,1128,0.03
2023-12-11,B+,0,0,12,1128,1.05
2023-12-11,B-,0,0,12,1128,0.09
2023-12-11,O+,0,0,12,1128,0.96
2023-12-11,O-,0,0,12,1128,0.0
2023-12-12,A+,2,1,12,1129,0.8
2023-12-12,A-,0,1,12,1129,0.09
2023-12-12,AB+,0,1,12,1129,0.09
2023-12-12,AB-,0,1,12,1129,0.01
2023-12-12,B+,1,1,12,1129,0.89
2023-12-12,B-,0,1,12,1129,0.1
2023-12-12,O+,2,1,12,1129,1.06
2023-12-12,O-,0,1,12,1129,0.02
2023-12-13,A+,0,2,12,1130,0.81
2023-12-13,A-,0,2,12,1130,0.1
2023-12-13,AB+,0,2,12,1130,0.1
2023-12-13,AB-,0,2,12,1130,0.01
2023-12-13,B+,1,2,12,1130,0.96
2023-12-13,B-,0,2,12,1130,0.09
2023-12-13,O+,1,2,12,1130,0.96
2023-12-13,O-,0,2,12,1130,0.01
2023-12-14,A+,2,3,12,1131,0.97
2023-12-14,A-,0,3,12,1131,0.11
2023-12-14,AB+,0,3,12,1131,0.11
2023-12-14,AB-,0,3,12,1131,0.02
2023-12-14,B+,3,3,12,1131,1.22
2023-12-14,B-,0,3,12,1131,0.11
2023-12-14,O+,1,3,12,1131,0.91
2023-12-14,O-,0,3,12,1131,0.03
2023-12-15,A+,1,4,12,1132,0.98
2023-12-15,A-,1,4,12,1132,0.12
2023-12-15,AB+,0,4,12,1132,0.12
2023-12-15,AB-,0,4,12,1132,0.02
2023-12-15,B+,2,4,12,1132,1.37
2023-12-15,B-,0,4,12,1132,0.11
2023-12-15,O+,0,4,12,1132,0.89
2023-12-15,O-,0,4,12,1132,0.02
2023-12-16,A+,2,5,12,1133,1.13
2023-12-16,A-,0,5,12,1133,0.11
2023-12-16,AB+,0,5,12,1133,0.11
2023-12-16,AB-,0,5,12,1133,0.01
2023-12-16,B+,1,5,12,1133,1.04
2023-12-16,B-,0,5,12,1133,0.1
2023-12-16,O+,1,5,12,1133,0.97
2023-12-16,O-,0,5,12,1133,0.01
2023-12-17,A+,0,6,12,1134,1.04
2023-12-17,A-,0,6,12,1134,0.09
2023-12-17,AB+,0,6,12,1134,0.09
2023-12-17,AB-,0,6,12,1134,0.01
2023-12-17,B+,1,6,12,1134,1.11
2023-12-17,B-,0,6,12,1134,0.09
2023-12-17,O+,3,6,12,1134,1.21
2023-12-17,O-,0,6,12,1134,0.03
2023-12-18,A+,2,0,12,1135,1.14
2023-12-18,A-,0,0,12,1135,0.12
2023-12-18,AB+,0,0,12,1135,0.12
2023-12-18,AB-,0,0,12,1135,0.04
2023-12-18,B+,0,0,12,1135,1.14
2023-12-18,B-,0,0,12,1135,0.09
2023-12-18,O+,0,0,12,1135,1.04
2023-12-18,O-,0,0,12,1135,0.0
2023-12-19,A+,1,1,12,1136,1.19
2023-12-19,A-,0,1,12,1136,0.09
2023-12-19,AB+,1,1,12,1136,0.17
2023-12-19,AB-,0,1,12,1136,0.01
2023-12-19,B+,1,1,12,1136,1.12
2023-12-19,B-,0,1,12,1136,0.1
2023-12-19,O+,3,1,12,1136,1.3
2023-12-19,O-,0,1,12,1136,0.04
2023-12-20,A+,0,2,12,1137,1.21
2023-12-20,A-,0,2,12,1137,0.11
2023-12-20,AB+,1,2,12,1137,0.27
2023-12-20,AB-,0,2,12,1137,0.03
2023-12-20,B+,2,2,12,1137,1.3
2023-12-20,B-,0,2,12,1137,0.1
2023-12-20,O+,5,2,12,1137,1.71
2023-12-20,O-,0,2,12,1137,0.06
2023-12-21,A+,0,3,12,1138,1.16
2023-12-21,A-,0,3,12,1138,0.13
2023-12-21,AB+,0,3,12,1138,0.29
2023-12-21,AB-,0,3,12,1138,0.04
2023-12-21,B+,2,3,12,1138,1.39
2023-12-21,B-,0,3,12,1138,0.09
2023-12-21,O+,1,3,12,1138,1.51
2023-12-21,O-,0,3,12,1138,0.02
2023-12-22,A+,1,4,12,1139,1.05
2023-12-22,A-,0,4,12,1139,0.11
2023-12-22,AB+,0,4,12,1139,0.19
2023-12-22,AB-,0,4,12,1139,0.01
2023-12-22,B+,0,4,12,1139,1.27
2023-12-22,B-,0,4,12,1139,0.09
2023-12-22,O+,0,4,12,1139,1.5
2023-12-22,O-,0,4,12,1139,0.0
2023-12-23,A+,0,5,12,1140,1.02
2023-12-23,A-,0,5,12,1140,0.08
2023-12-23,AB+,0,5,12,1140,0.16
2023-12-23,AB-,0,5,12,1140,0.0
2023-12-23,B+,1,5,12,1140,1.34
2023-12-23,B-,0,5,12,1140,0.01
2023-12-23,O+,0,5,12,1140,1.5
2023-12-23,O-,0,5,12,1140,0.01
2023-12-24,A+,1,6,12,1141,1.11
2023-12-24,A-,0,6,12,1141,0.09
2023-12-24,AB+,0,6,12,1141,0.17
2023-12-24,AB-,0,6,12,1141,0.01
2023-12-24,B+,2,6,12,1141,1.36
2023-12-24,B-,0,6,12,1141,0.02
2023-12-24,O+,0,6,12,1141,1.36
2023-12-24,O-,0,6,12,1141,0.01
2023-12-25,A+,0,0,12,1142,0.96
2023-12-25,A-,0,0,12,1142,0.09
2023-12-25,AB+,0,0,12,1142,0.17
2023-12-25,AB-,0,0,12,1142,0.0
2023-12-25,B+,1,0,12,1142,1.42
2023-12-25,B-,0,0,12,1142,0.01
2023-12-25,O+,1,0,12,1142,1.43
2023-12-25,O-,0,0,12,1142,0.01
2023-12-26,A+,2,1,12,1143,0.97
2023-12-26,A-,0,1,12,1143,0.11
2023-12-26,AB+,0,1,12,1143,0.19
2023-12-26,AB-,0,1,12,1143,0.02
2023-12-26,B+,0,1,12,1143,1.36
2023-12-26,B-,0,1,12,1143,0.01
2023-12-26,O+,1,1,12,1143,1.36
2023-12-26,O-,0,1,12,1143,0.01
2023-12-27,A+,2,2,12,1144,1.12
2023-12-27,A-,0,2,12,1144,0.1
2023-12-27,AB+,0,2,12,1144,0.18
2023-12-27,AB-,0,2,12,1144,0.02
2023-12-27,B+,0,2,12,1144,1.28
2023-12-27,B-,0,2,12,1144,0.01
2023-12-27,O+,2,2,12,1144,1.44
2023-12-27,O-,0,2,12,1144,0.01
2023-12-28,A+,1,3,12,1145,1.04
2023-12-28,A-,0,3,12,1145,0.1
2023-12-28,AB+,0,3,12,1145,0.18
2023-12-28,AB-,0,3,12,1145,0.02
2023-12-28,B+,0,3,12,1145,1.04
2023-12-28,B-,0,3,12,1145,0.01
2023-12-28,O+,1,3,12,1145,1.43
2023-12-28,O-,0,3,12,1145,0.01
2023-12-29,A+,0,4,12,1146,0.95
2023-12-29,A-,0,4,12,1146,0.01
2023-12-29,AB+,0,4,12,1146,0.16
2023-12-29,AB-,0,4,12,1146,0.01
2023-12-29,B+,3,4,12,1146,1.13
2023-12-29,B-,0,4,12,1146,0.02
2023-12-29,O+,1,4,12,1146,1.52
2023-12-29,O-,0,4,12,1146,0.03
2023-12-30,A+,1,5,12,1147,0.9
2023-12-30,A-,0,5,12,1147,0.04
2023-12-30,AB+,0,5,12,1147,0.19
2023-12-30,AB-,0,5,12,1147,0.01
2023-12-30,B+,0,5,12,1147,1.04
2023-12-30,B-,0,5,12,1147,0.01
2023-12-30,O+,1,5,12,1147,1.51
2023-12-30,O-,0,5,12,1147,0.01
2023-12-31,A+,1,6,12,1148,0.96
2023-12-31,A-,0,6,12,1148,0.01
2023-12-31,AB+,0,6,12,1148,0.17
2023-12-31,AB-,0,6,12,1148,0.01
2023-12-31,B+,2,6,12,1148,1.13
2023-12-31,B-,0,6,12,1148,0.02
2023-12-31,O+,0,6,12,1148,1.28
2023-12-31,O-,0,6,12,1148,0.01
2024-01-01,A+,0,0,1,1149,0.8
2024-01-01,A-,0,0,1,1149,0.01
2024-01-01,AB+,0,0,1,1149,0.17
2024-01-01,AB-,0,0,1,1149,0.0
2024-01-01,B+,0,0,1,1149,1.1
2024-01-01,B-,0,0,1,1149,0.0
2024-01-01,O+,1,0,1,1149,1.34
2024-01-01,O-,0,0,1,1149,0.01
2024-01-02,A+,1,1,1,1150,0.8
2024-01-02,A-,0,1,1,1150,0.01
2024-01-02,AB+,0,1,1,1150,0.09
2024-01-02,AB-,0,1,1,1150,0.01
2024-01-02,B+,0,1,1,1150,1.04
2024-01-02,B-,0,1,1,1150,0.01
2024-01-02,O+,1,1,1,1150,1.19
2024-01-02,O-,0,1,1,1150,0.01
2024-01-03,A+,0,2,1,1151,0.79
2024-01-03,A-,0,2,1,1151,0.01
2024-01-03,AB+,0,2,1,1151,0.01
2024-01-03,AB-,0,2,1,1151,0.01
2024-01-03,B+,0,2,1,1151,0.87
2024-01-03,B-,0,2,1,1151,0.0
2024-01-03,O+,0,2,1,1151,0.79
2024-01-03,O-,0,2,1,1151,0.0
2024-01-04,A+,0,3,1,1152,0.79
2024-01-04,A-,0,3,1,1152,0.0
2024-01-04,AB+,1,3,1,1152,0.09
2024-01-04,AB-,0,3,1,1152,0.01
2024-01-04,B+,0,3,1,1152,0.71
2024-01-04,B-,0,3,1,1152,0.01
2024-01-04,O+,1,3,1,1152,0.8
2024-01-04,O-,0,3,1,1152,0.01
2024-01-05,A+,0,4,1,1153,0.72
2024-01-05,A-,0,4,1,1153,0.01
2024-01-05,AB+,0,4,1,1153,0.09
2024-01-05,AB-,0,4,1,1153,0.01
2024-01-05,B+,0,4,1,1153,0.71
2024-01-05,B-,1,4,1,1153,0.09
2024-01-05,O+,1,4,1,1153,0.88
2024-01-05,O-,0,4,1,1153,0.01
2024-01-06,A+,2,5,1,1154,0.89
2024-01-06,A-,0,5,1,1154,0.03
2024-01-06,AB+,0,5,1,1154,0.11
2024-01-06,AB-,0,5,1,1154,0.03
2024-01-06,B+,3,5,1,1154,0.91
2024-01-06,B-,0,5,1,1154,0.11
2024-01-06,O+,1,5,1,1154,0.99
2024-01-06,O-,0,5,1,1154,0.03
2024-01-07,A+,1,6,1,1155,0.9
2024-01-07,A-,0,6,1,1155,0.04
2024-01-07,AB+,0,6,1,1155,0.11
2024-01-07,AB-,0,6,1,1155,0.01
2024-01-07,B+,0,6,1,1155,0.72
2024-01-07,B-,0,6,1,1155,0.09
2024-01-07,O+,1,6,1,1155,1.04
2024-01-07,O-,0,6,1,1155,0.01
2024-01-08,A+,0,0,1,1156,0.87
2024-01-08,A-,0,0,1,1156,0.01
2024-01-08,AB+,0,0,1,1156,0.09
2024-01-08,AB-,0,0,1,1156,0.01
2024-01-08,B+,2,0,1,1156,0.81
2024-01-08,B-,0,0,1,1156,0.09
2024-01-08,O+,1,0,1,1156,1.04
2024-01-08,O-,0,0,1,1156,0.02
2024-01-09,A+,2,1,1,1157,0.9
2024-01-09,A-,0,1,1,1157,0.04
2024-01-09,AB+,0,1,1,1157,0.11
2024-01-09,AB-,0,1,1,1157,0.02
2024-01-09,B+,1,1,1,1157,0.89
2024-01-09,B-,0,1,1,1157,0.1
2024-01-09,O+,0,1,1,1157,0.96
2024-01-09,O-,0,1,1,1157,0.01
2024-01-10,A+,0,2,1,1158,0.71
2024-01-10,A-,0,2,1,1158,0.01
2024-01-10,AB+,0,2,1,1158,0.09
2024-01-10,AB-,0,2,1,1158,0.0
2024-01-10,B+,2,2,1,1158,1.04
2024-01-10,B-,0,2,1,1158,0.09
2024-01-10,O+,1,2,1,1158,0.89
2024-01-10,O-,0,2,1,1158,0.02
2024-01-11,A+,1,3,1,1159,0.74
2024-01-11,A-,0,3,1,1159,0.03
2024-01-11,AB+,0,3,1,1159,0.11
2024-01-11,AB-,0,3,1,1159,0.01
2024-01-11,B+,0,3,1,1159,1.04
2024-01-11,B-,0,3,1,1159,0.09
2024-01-11,O+,1,3,1,1159,0.88
2024-01-11,O-,0,3,1,1159,0.01
2024-01-12,A+,0,4,1,1160,0.71
2024-01-12,A-,0,4,1,1160,0.01
2024-01-12,AB+,0,4,1,1160,0.09
2024-01-12,AB-,0,4,1,1160,0.01
2024-01-12,B+,1,4,1,1160,0.88
2024-01-12,B-,0,4,1,1160,0.09
2024-01-12,O+,4,4,1,1160,1.14
2024-01-12,O-,0,4,1,1160,0.04
2024-01-13,A+,1,5,1,1161,0.75
2024-01-13,A-,0,5,1,1161,0.04
2024-01-13,AB+,0,5,1,1161,0.12
2024-01-13,AB-,0,5,1,1161,0.04
2024-01-13,B+,0,5,1,1161,0.9
2024-01-13,B-,0,5,1,1161,0.09
2024-01-13,O+,2,5,1,1161,1.2
2024-01-13,O-,0,5,1,1161,0.01
2024-01-14,A+,1,6,1,1162,0.73
2024-01-14,A-,0,6,1,1162,0.02
2024-01-14,AB+,0,6,1,1162,0.1
2024-01-14,AB-,0,6,1,1162,0.02
2024-01-14,B+,1,6,1,1162,0.81
2024-01-14,B-,0,6,1,1162,0.09
2024-01-14,O+,0,6,1,1162,1.19
2024-01-14,O-,0,6,1,1162,0.01
2024-01-15,A+,1,0,1,1163,0.8
2024-01-15,A-,1,0,1,1163,0.1
2024-01-15,AB+,0,0,1,1163,0.1
2024-01-15,AB-,0,0,1,1163,0.01
2024-01-15,B+,0,0,1,1163,0.8
2024-01-15,B-,0,0,1,1163,0.09
2024-01-15,O+,0,0,1,1163,1.11
2024-01-15,O-,0,0,1,1163,0.01
2024-01-16,A+,0,1,1,1164,0.71
2024-01-16,A-,1,1,1,1164,0.16
2024-01-16,AB+,0,1,1,1164,0.09
2024-01-16,AB-,0,1,1,1164,0.01
2024-01-16,B+,1,1,1,1164,0.88
2024-01-16,B-,0,1,1,1164,0.09
2024-01-16,O+,1,1,1,1164,1.12
2024-01-16,O-,0,1,1,1164,0.02
2024-01-17,A+,0,2,1,1165,0.72
2024-01-17,A-,0,2,1,1165,0.17
2024-01-17,AB+,0,2,1,1165,0.09
2024-01-17,AB-,0,2,1,1165,0.01
2024-01-17,B+,2,2,1,1165,1.04
2024-01-17,B-,0,2,1,1165,0.09
2024-01-17,O+,2,2,1,1165,1.29
2024-01-17,O-,0,2,1,1165,0.03
2024-01-18,A+,0,3,1,1166,0.74
2024-01-18,A-,1,3,1,1166,0.27
2024-01-18,AB+,0,3,1,1166,0.04
2024-01-18,AB-,0,3,1,1166,0.02
2024-01-18,B+,0,3,1,1166,1.04
2024-01-18,B-,0,3,1,1166,0.09
2024-01-18,O+,3,3,1,1166,1.44
2024-01-18,O-,0,3,1,1166,0.03
2024-01-19,A+,0,4,1,1167,0.73
2024-01-19,A-,0,4,1,1167,0.26
2024-01-19,AB+,0,4,1,1167,0.02
2024-01-19,AB-,0,4,1,1167,0.02
2024-01-19,B+,0,4,1,1167,1.04
2024-01-19,B-,0,4,1,1167,0.0
2024-01-19,O+,1,4,1,1167,1.42
2024-01-19,O-,0,4,1,1167,0.01
2024-01-20,A+,0,5,1,1168,0.56
2024-01-20,A-,0,5,1,1168,0.24
2024-01-20,AB+,0,5,1,1168,0.01
2024-01-20,AB-,0,5,1,1168,0.01
2024-01-20,B+,0,5,1,1168,0.79
2024-01-20,B-,0,5,1,1168,0.0
2024-01-20,O+,0,5,1,1168,1.34
2024-01-20,O-,0,5,1,1168,0.0
2024-01-21,A+,0,6,1,1169,0.47
2024-01-21,A-,0,6,1,1169,0.24
2024-01-21,AB+,0,6,1,1169,0.0
2024-01-21,AB-,0,6,1,1169,0.0
2024-01-21,B+,0,6,1,1169,0.79
2024-01-21,B-,0,6,1,1169,0.0
2024-01-21,O+,0,6,1,1169,1.26
2024-01-21,O-,0,6,1,1169,0.0
2024-01-22,A+,1,0,1,1170,0.56
2024-01-22,A-,0,0,1,1170,0.24
2024-01-22,AB+,0,0,1,1170,0.01
2024-01-22,AB-,0,0,1,1170,0.01
2024-01-22,B+,1,0,1,1170,0.72
2024-01-22,B-,0,0,1,1170,0.01
2024-01-22,O+,2,0,1,1170,1.36
2024-01-22,O-,0,0,1,1170,0.02
2024-01-23,A+,0,1,1,1171,0.41
2024-01-23,A-,0,1,1,1171,0.26
2024-01-23,AB+,1,1,1,1171,0.11
2024-01-23,AB-,0,1,1,1171,0.02
2024-01-23,B+,1,1,1,1171,0.74
2024-01-23,B-,0,1,1,1171,0.01
2024-01-23,O+,0,1,1,1171,1.35
2024-01-23,O-,0,1,1,1171,0.01
2024-01-24,A+,0,2,1,1172,0.41
2024-01-24,A-,0,2,1,1172,0.24
2024-01-24,AB+,0,2,1,1172,0.09
2024-01-24,AB-,0,2,1,1172,0.0
2024-01-24,B+,2,2,1,1172,0.72
2024-01-24,B-,0,2,1,1172,0.01
2024-01-24,O+,1,2,1,1172,1.36
2024-01-24,O-,0,2,1,1172,0.02
2024-01-25,A+,0,3,1,1173,0.34
2024-01-25,A-,0,3,1,1173,0.26
2024-01-25,AB+,0,3,1,1173,0.1
2024-01-25,AB-,0,3,1,1173,0.01
2024-01-25,B+,1,3,1,1173,0.8
2024-01-25,B-,0,3,1,1173,0.01
2024-01-25,O+,1,3,1,1173,1.35
2024-01-25,O-,0,3,1,1173,0.01
2024-01-26,A+,1,4,1,1174,0.41
2024-01-26,A-,0,4,1,1174,0.26
2024-01-26,AB+,0,4,1,1174,0.1
2024-01-26,AB-,0,4,1,1174,0.01
2024-01-26,B+,0,4,1,1174,0.72
2024-01-26,B-,0,4,1,1174,0.01
2024-01-26,O+,3,4,1,1174,1.29
2024-01-26,O-,0,4,1,1174,0.02
2024-01-27,A+,0,5,1,1175,0.34
2024-01-27,A-,0,5,1,1175,0.26
2024-01-27,AB+,1,5,1,1175,0.19
2024-01-27,AB-,0,5,1,1175,0.03
2024-01-27,B+,0,5,1,1175,0.74
2024-01-27,B-,0,5,1,1175,0.01
2024-01-27,O+,1,5,1,1175,1.19
2024-01-27,O-,0,5,1,1175,0.01
2024-01-28,A+,0,6,1,1176,0.25
2024-01-28,A-,0,6,1,1176,0.24
2024-01-28,AB+,0,6,1,1176,0.16
2024-01-28,AB-,0,6,1,1176,0.01
2024-01-28,B+,0,6,1,1176,0.64
2024-01-28,B-,0,6,1,1176,0.0
2024-01-28,O+,0,6,1,1176,1.18
2024-01-28,O-,0,6,1,1176,0.0
2024-01-29,A+,2,0,1,1177,0.33
2024-01-29,A-,0,0,1,1177,0.17
2024-01-29,AB+,0,0,1,1177,0.17
2024-01-29,AB-,0,0,1,1177,0.01
2024-01-29,B+,1,0,1,1177,0.73
2024-01-29,B-,0,0,1,1177,0.02
2024-01-29,O+,0,0,1,1177,1.2
2024-01-29,O-,0,0,1,1177,0.01
2024-01-30,A+,0,1,1,1178,0.32
2024-01-30,A-,0,1,1,1178,0.09
2024-01-30,AB+,0,1,1,1178,0.16
2024-01-30,AB-,0,1,1,1178,0.0
2024-01-30,B+,0,1,1,1178,0.63
2024-01-30,B-,0,1,1,1178,0.0
2024-01-30,O+,1,1,1,1178,1.19
2024-01-30,O-,0,1,1,1178,0.01
2024-01-31,A+,0,2,1,1179,0.32
2024-01-31,A-,0,2,1,1179,0.09
2024-01-31,AB+,0,2,1,1179,0.16
2024-01-31,AB-,0,2,1,1179,0.01
2024-01-31,B+,1,2,1,1179,0.56
2024-01-31,B-,0,2,1,1179,0.01
2024-01-31,O+,0,2,1,1179,1.03
2024-01-31,O-,0,2,1,1179,0.01
2024-02-01,A+,2,3,2,1180,0.49
2024-02-01,A-,0,3,2,1180,0.02
2024-02-01,AB+,0,3,2,1180,0.18
2024-02-01,AB-,0,3,2,1180,0.01
2024-02-01,B+,3,3,2,1180,0.82
2024-02-01,B-,0,3,2,1180,0.04
2024-02-01,O+,0,3,2,1180,0.82
2024-02-01,O-,0,3,2,1180,0.02
2024-02-02,A+,4,4,2,1181,0.84
2024-02-02,A-,0,4,2,1181,0.05
2024-02-02,AB+,0,4,2,1181,0.21
2024-02-02,AB-,0,4,2,1181,0.03
2024-02-02,B+,0,4,2,1181,0.81
2024-02-02,B-,0,4,2,1181,0.03
2024-02-02,O+,1,4,2,1181,0.82
2024-02-02,O-,0,4,2,1181,0.01
2024-02-03,A+,0,5,2,1182,0.79
2024-02-03,A-,0,5,2,1182,0.01
2024-02-03,AB+,0,5,2,1182,0.16
2024-02-03,AB-,0,5,2,1182,0.01
2024-02-03,B+,0,5,2,1182,0.79
2024-02-03,B-,0,5,2,1182,0.0
2024-02-03,O+,3,5,2,1182,1.04
2024-02-03,O-,0,5,2,1182,0.02
2024-02-04,A+,1,6,2,1183,0.89
2024-02-04,A-,0,6,2,1183,0.03
2024-02-04,AB+,0,6,2,1183,0.19
2024-02-04,AB-,0,6,2,1183,0.03
2024-02-04,B+,1,6,2,1183,0.9
2024-02-04,B-,0,6,2,1183,0.01
2024-02-04,O+,1,6,2,1183,1.12
2024-02-04,O-,0,6,2,1183,0.01
2024-02-05,A+,1,0,2,1184,0.89
2024-02-05,A-,0,0,2,1184,0.02
2024-02-05,AB+,0,0,2,1184,0.18
2024-02-05,AB-,0,0,2,1184,0.01
2024-02-05,B+,1,0,2,1184,0.89
2024-02-05,B-,0,0,2,1184,0.01
2024-02-05,O+,1,0,2,1184,1.04
2024-02-05,O-,0,0,2,1184,0.01
2024-02-06,A+,1,1,2,1185,0.96
2024-02-06,A-,1,1,2,1185,0.11
2024-02-06,AB+,2,1,2,1185,0.28
2024-02-06,AB-,0,1,2,1185,0.04
2024-02-06,B+,1,1,2,1185,0.91
2024-02-06,B-,0,1,2,1185,0.04
2024-02-06,O+,3,1,2,1185,1.31
2024-02-06,O-,0,1,2,1185,0.05
2024-02-07,A+,1,2,2,1186,1.07
2024-02-07,A-,0,2,2,1186,0.11
2024-02-07,AB+,1,2,2,1186,0.36
2024-02-07,AB-,0,2,2,1186,0.04
2024-02-07,B+,0,2,2,1186,0.74
2024-02-07,B-,0,2,2,1186,0.01
2024-02-07,O+,0,2,2,1186,1.19
2024-02-07,O-,0,2,2,1186,0.01
2024-02-08,A+,1,3,2,1187,1.11
2024-02-08,A-,0,3,2,1187,0.09
2024-02-08,AB+,0,3,2,1187,0.32
2024-02-08,AB-,0,3,2,1187,0.01
2024-02-08,B+,1,3,2,1187,0.72
2024-02-08,B-,0,3,2,1187,0.01
2024-02-08,O+,0,3,2,1187,1.11
2024-02-08,O-,0,3,2,1187,0.01
2024-02-09,A+,2,4,2,1188,1.2
2024-02-09,A-,1,4,2,1188,0.19
2024-02-09,AB+,0,4,2,1188,0.34
2024-02-09,AB-,0,4,2,1188,0.02
2024-02-09,B+,0,4,2,1188,0.73
2024-02-09,B-,0,4,2,1188,0.02
2024-02-09,O+,1,4,2,1188,0.97
2024-02-09,O-,0,4,2,1188,0.01
2024-02-10,A+,1,5,2,1189,1.27
2024-02-10,A-,0,5,2,1189,0.17
2024-02-10,AB+,0,5,2,1189,0.25
2024-02-10,AB-,0,5,2,1189,0.01
2024-02-10,B+,0,5,2,1189,0.72
2024-02-10,B-,0,5,2,1189,0.01
2024-02-10,O+,1,5,2,1189,0.96
2024-02-10,O-,0,5,2,1189,0.01
2024-02-11,A+,1,6,2,1190,1.35
2024-02-11,A-,0,6,2,1190,0.17
2024-02-11,AB+,0,6,2,1190,0.25
2024-02-11,AB-,0,6,2,1190,0.01
2024-02-11,B+,1,6,2,1190,0.81
2024-02-11,B-,0,6,2,1190,0.01
2024-02-11,O+,0,6,2,1190,0.96
2024-02-11,O-,0,6,2,1190,0.01
2024-02-12,A+,1,0,2,1191,1.27
2024-02-12,A-,0,0,2,1191,0.17
2024-02-12,AB+,0,0,2,1191,0.25
2024-02-12,AB-,0,0,2,1191,0.01
2024-02-12,B+,0,0,2,1191,0.71
2024-02-12,B-,0,0,2,1191,0.01
2024-02-12,O+,2,0,2,1191,1.12
2024-02-12,O-,0,0,2,1191,0.01
2024-02-13,A+,0,1,2,1192,1.27
2024-02-13,A-,0,1,2,1192,0.17
2024-02-13,AB+,0,1,2,1192,0.25
2024-02-13,AB-,0,1,2,1192,0.01
2024-02-13,B+,2,1,2,1192,0.89
2024-02-13,B-,0,1,2,1192,0.01
2024-02-13,O+,1,1,2,1192,1.12
2024-02-13,O-,0,1,2,1192,0.02
2024-02-14,A+,0,2,2,1193,1.28
2024-02-14,A-,0,2,2,1193,0.18
2024-02-14,AB+,0,2,2,1193,0.26
2024-02-14,AB-,0,2,2,1193,0.01
2024-02-14,B+,0,2,2,1193,0.79
2024-02-14,B-,0,2,2,1193,0.0
2024-02-14,O+,1,2,2,1193,1.19
2024-02-14,O-,1,2,2,1193,0.09
2024-02-15,A+,0,3,2,1194,1.11
2024-02-15,A-,0,3,2,1194,0.17
2024-02-15,AB+,0,3,2,1194,0.25
2024-02-15,AB-,0,3,2,1194,0.01
2024-02-15,B+,3,3,2,1194,0.82
2024-02-15,B-,0,3,2,1194,0.03
2024-02-15,O+,2,3,2,1194,1.37
2024-02-15,O-,0,3,2,1194,0.11
2024-02-16,A+,0,4,2,1195,0.82
2024-02-16,A-,0,4,2,1195,0.19
2024-02-16,AB+,0,4,2,1195,0.27
2024-02-16,AB-,1,4,2,1195,0.1
2024-02-16,B+,0,4,2,1195,0.81
2024-02-16,B-,0,4,2,1195,0.01
2024-02-16,O+,1,4,2,1195,1.35
2024-02-16,O-,0,4,2,1195,0.09
2024-02-17,A+,0,5,2,1196,0.8
2024-02-17,A-,0,5,2,1196,0.17
2024-02-17,AB+,0,5,2,1196,0.24
2024-02-17,AB-,0,5,2,1196,0.09
2024-02-17,B+,2,5,2,1196,0.96
2024-02-17,B-,0,5,2,1196,0.01
2024-02-17,O+,1,5,2,1196,1.2
2024-02-17,O-,0,5,2,1196,0.1
2024-02-18,A+,1,6,2,1197,0.81
2024-02-18,A-,0,6,2,1197,0.19
2024-02-18,AB+,0,6,2,1197,0.26
2024-02-18,AB-,0,6,2,1197,0.09
2024-02-18,B+,4,6,2,1197,1.22
2024-02-18,B-,0,6,2,1197,0.04
2024-02-18,O+,1,6,2,1197,1.22
2024-02-18,O-,0,6,2,1197,0.11
2024-02-19,A+,1,0,2,1198,0.83
2024-02-19,A-,0,0,2,1198,0.2
2024-02-19,AB+,0,0,2,1198,0.28
2024-02-19,AB-,0,0,2,1198,0.09
2024-02-19,B+,0,0,2,1198,1.11
2024-02-19,B-,0,0,2,1198,0.01
2024-02-19,O+,0,0,2,1198,1.11
2024-02-19,O-,0,0,2,1198,0.08
2024-02-20,A+,3,1,2,1199,0.96
2024-02-20,A-,0,1,2,1199,0.1
2024-02-20,AB+,0,1,2,1199,0.1
2024-02-20,AB-,0,1,2,1199,0.1
2024-02-20,B+,0,1,2,1199,1.04
2024-02-20,B-,0,1,2,1199,0.02
2024-02-20,O+,3,1,2,1199,1.14
2024-02-20,O-,0,1,2,1199,0.1
2024-02-21,A+,0,2,2,1200,0.89
2024-02-21,A-,0,2,2,1200,0.1
2024-02-21,AB+,0,2,2,1200,0.02
2024-02-21,AB-,0,2,2,1200,0.1
2024-02-21,B+,0,2,2,1200,1.04
2024-02-21,B-,0,2,2,1200,0.0
2024-02-21,O+,0,2,2,1200,1.1
2024-02-21,O-,0,2,2,1200,0.08
2024-02-22,A+,0,3,2,1201,0.79
2024-02-22,A-,1,3,2,1201,0.16
2024-02-22,AB+,0,3,2,1201,0.01
2024-02-22,AB-,0,3,2,1201,0.09
2024-02-22,B+,0,3,2,1201,0.95
2024-02-22,B-,1,3,2,1201,0.09
2024-02-22,O+,1,3,2,1201,1.2
2024-02-22,O-,0,3,2,1201,0.1
2024-02-23,A+,2,4,2,1202,0.81
2024-02-23,A-,0,4,2,1202,0.11
2024-02-23,AB+,1,4,2,1202,0.11
2024-02-23,AB-,0,4,2,1202,0.11
2024-02-23,B+,0,4,2,1202,0.97
2024-02-23,B-,0,4,2,1202,0.1
2024-02-23,O+,1,4,2,1202,1.21
2024-02-23,O-,0,4,2,1202,0.09
2024-02-24,A+,0,5,2,1203,0.72
2024-02-24,A-,0,5,2,1203,0.09
2024-02-24,AB+,0,5,2,1203,0.09
2024-02-24,AB-,0,5,2,1203,0.09
2024-02-24,B+,4,5,2,1203,1.29
2024-02-24,B-,0,5,2,1203,0.11
2024-02-24,O+,1,5,2,1203,1.21
2024-02-24,O-,0,5,2,1203,0.11
2024-02-25,A+,1,6,2,1204,0.75
2024-02-25,A-,0,6,2,1204,0.12
2024-02-25,AB+,0,6,2,1204,0.12
2024-02-25,AB-,0,6,2,1204,0.09
2024-02-25,B+,0,6,2,1204,1.19
2024-02-25,B-,0,6,2,1204,0.09
2024-02-25,O+,1,6,2,1204,1.27
2024-02-25,O-,0,6,2,1204,0.09
2024-02-26,A+,1,0,2,1205,0.72
2024-02-26,A-,0,0,2,1205,0.09
2024-02-26,AB+,0,0,2,1205,0.09
2024-02-26,AB-,0,0,2,1205,0.09
2024-02-26,B+,4,0,2,1205,1.54
2024-02-26,B-,0,0,2,1205,0.11
2024-02-26,O+,2,0,2,1205,1.31
2024-02-26,O-,0,0,2,1205,0.12
2024-02-27,A+,0,1,2,1206,0.75
2024-02-27,A-,0,1,2,1206,0.12
2024-02-27,AB+,0,1,2,1206,0.12
2024-02-27,AB-,0,1,2,1206,0.09
2024-02-27,B+,0,1,2,1206,1.35
2024-02-27,B-,0,1,2,1206,0.08
2024-02-27,O+,0,1,2,1206,1.18
2024-02-27,O-,0,1,2,1206,0.08
2024-02-28,A+,1,2,2,1207,0.79
2024-02-28,A-,0,2,2,1207,0.09
2024-02-28,AB+,0,2,2,1207,0.09
2024-02-28,AB-,0,2,2,1207,0.09
2024-02-28,B+,2,2,2,1207,1.51
2024-02-28,B-,0,2,2,1207,0.1
2024-02-28,O+,1,2,2,1207,1.21
2024-02-28,O-,0,2,2,1207,0.02
2024-02-29,A+,1,3,2,1208,0.89
2024-02-29,A-,0,3,2,1208,0.11
2024-02-29,AB+,0,3,2,1208,0.11
2024-02-29,AB-,0,3,2,1208,0.09
2024-02-29,B+,0,3,2,1208,1.27
2024-02-29,B-,0,3,2,1208,0.09
2024-02-29,O+,0,3,2,1208,1.03
2024-02-29,O-,0,3,2,1208,0.0
2024-03-01,A+,0,4,3,1209,0.86
2024-03-01,A-,0,4,3,1209,0.08
2024-03-01,AB+,0,4,3,1209,0.08
2024-03-01,AB-,0,4,3,1209,0.0
2024-03-01,B+,0,4,3,1209,1.26
2024-03-01,B-,0,4,3,1209,0.08
2024-03-01,O+,1,4,3,1209,1.03
2024-03-01,O-,0,4,3,1209,0.01
2024-03-02,A+,1,5,3,1210,0.96
2024-03-02,A-,0,5,3,1210,0.09
2024-03-02,AB+,0,5,3,1210,0.09
2024-03-02,AB-,0,5,3,1210,0.01
2024-03-02,B+,0,5,3,1210,1.11
2024-03-02,B-,0,5,3,1210,0.09
2024-03-02,O+,2,5,3,1210,1.12
2024-03-02,O-,0,5,3,1210,0.01
2024-03-03,A+,0,6,3,1211,0.88
2024-03-03,A-,0,6,3,1211,0.09
2024-03-03,AB+,0,6,3,1211,0.09
2024-03-03,AB-,0,6,3,1211,0.01
2024-03-03,B+,0,6,3,1211,0.8
2024-03-03,B-,0,6,3,1211,0.08
2024-03-03,O+,1,6,3,1211,1.11
2024-03-03,O-,0,6,3,1211,0.01
2024-03-04,A+,0,0,3,1212,0.79
2024-03-04,A-,0,0,3,1212,0.09
2024-03-04,AB+,0,0,3,1212,0.09
2024-03-04,AB-,0,0,3,1212,0.01
2024-03-04,B+,1,0,3,1212,0.88
2024-03-04,B-,0,0,3,1212,0.09
2024-03-04,O+,0,0,3,1212,1.11
2024-03-04,O-,0,0,3,1212,0.01
2024-03-05,A+,2,1,3,1213,0.73
2024-03-05,A-,0,1,3,1213,0.1
2024-03-05,AB+,0,1,3,1213,0.1
2024-03-05,AB-,0,1,3,1213,0.01
2024-03-05,B+,2,1,3,1213,1.05
2024-03-05,B-,0,1,3,1213,0.11
2024-03-05,O+,0,1,3,1213,0.89
2024-03-05,O-,0,1,3,1213,0.01
2024-03-06,A+,0,2,3,1214,0.72
2024-03-06,A-,0,2,3,1214,0.09
2024-03-06,AB+,0,2,3,1214,0.09
2024-03-06,AB-,0,2,3,1214,0.0
2024-03-06,B+,2,2,3,1214,1.19
2024-03-06,B-,0,2,3,1214,0.09
2024-03-06,O+,1,2,3,1214,0.96
2024-03-06,O-,0,2,3,1214,0.02
2024-03-07,A+,2,3,3,1215,0.9
2024-03-07,A-,0,3,3,1215,0.04
2024-03-07,AB+,1,3,3,1215,0.2
2024-03-07,AB-,0,3,3,1215,0.03
2024-03-07,B+,1,3,3,1215,1.29
2024-03-07,B-,0,3,3,1215,0.03
2024-03-07,O+,2,3,3,1215,1.06
2024-03-07,O-,0,3,3,1215,0.03
2024-03-08,A+,0,4,3,1216,0.74
2024-03-08,A-,0,4,3,1216,0.02
2024-03-08,AB+,0,4,3,1216,0.1
2024-03-08,AB-,0,4,3,1216,0.01
2024-03-08,B+,4,4,3,1216,1.61
2024-03-08,B-,0,4,3,1216,0.03
2024-03-08,O+,1,4,3,1216,1.06
2024-03-08,O-,0,4,3,1216,0.04
2024-03-09,A+,2,5,3,1217,0.91
2024-03-09,A-,0,5,3,1217,0.05
2024-03-09,AB+,0,5,3,1217,0.13
2024-03-09,AB-,0,5,3,1217,0.02
2024-03-09,B+,1,5,3,1217,1.36
2024-03-09,B-,0,5,3,1217,0.02
2024-03-09,O+,2,5,3,1217,1.14
2024-03-09,O-,0,5,3,1217,0.02
2024-03-10,A+,1,6,3,1218,0.89
2024-03-10,A-,1,6,3,1218,0.11
2024-03-10,AB+,0,6,3,1218,0.11
2024-03-10,AB-,0,6,3,1218,0.03
2024-03-10,B+,0,6,3,1218,1.36
2024-03-10,B-,1,6,3,1218,0.1
2024-03-10,O+,2,6,3,1218,1.21
2024-03-10,O-,0,6,3,1218,0.03
2024-03-11,A+,1,0,3,1219,0.89
2024-03-11,A-,0,0,3,1219,0.11
2024-03-11,AB+,0,0,3,1219,0.11
2024-03-11,AB-,0,0,3,1219,0.03
2024-03-11,B+,2,0,3,1219,1.21
2024-03-11,B-,0,0,3,1219,0.1
2024-03-11,O+,3,0,3,1219,1.3
2024-03-11,O-,0,0,3,1219,0.04
2024-03-12,A+,1,1,3,1220,0.99
2024-03-12,A-,1,1,3,1220,0.21
2024-03-12,AB+,0,1,3,1220,0.13
2024-03-12,AB-,0,1,3,1220,0.04
2024-03-12,B+,0,1,3,1220,1.21
2024-03-12,B-,0,1,3,1220,0.09
2024-03-12,O+,4,1,3,1220,1.61
2024-03-12,O-,0,1,3,1220,0.04
2024-03-13,A+,0,2,3,1221,0.89
2024-03-13,A-,0,2,3,1221,0.19
2024-03-13,AB+,0,2,3,1221,0.11
2024-03-13,AB-,0,2,3,1221,0.03
2024-03-13,B+,1,2,3,1221,1.14
2024-03-13,B-,1,2,3,1221,0.17
2024-03-13,O+,2,2,3,1221,1.68
2024-03-13,O-,0,2,3,1221,0.03
2024-03-14,A+,1,3,3,1222,0.9
2024-03-14,A-,0,3,3,1222,0.19
2024-03-14,AB+,0,3,3,1222,0.11
2024-03-14,AB-,0,3,3,1222,0.03
2024-03-14,B+,1,3,3,1222,1.21
2024-03-14,B-,0,3,3,1222,0.17
2024-03-14,O+,2,3,3,1222,1.84
2024-03-14,O-,0,3,3,1222,0.02
2024-03-15,A+,0,4,3,1223,0.89
2024-03-15,A-,0,4,3,1223,0.18
2024-03-15,AB+,0,4,3,1223,0.1
2024-03-15,AB-,0,4,3,1223,0.01
2024-03-15,B+,0,4,3,1223,1.19
2024-03-15,B-,0,4,3,1223,0.16
2024-03-15,O+,1,4,3,1223,1.81
2024-03-15,O-,0,4,3,1223,0.01
2024-03-16,A+,0,5,3,1224,0.79
2024-03-16,A-,0,5,3,1224,0.16
2024-03-16,AB+,1,5,3,1224,0.17
2024-03-16,AB-,1,5,3,1224,0.1
2024-03-16,B+,2,5,3,1224,1.37
2024-03-16,B-,0,5,3,1224,0.19
2024-03-16,O+,4,5,3,1224,2.02
2024-03-16,O-,0,5,3,1224,0.06
2024-03-17,A+,0,6,3,1225,0.84
2024-03-17,A-,0,6,3,1225,0.21
2024-03-17,AB+,0,6,3,1225,0.2
2024-03-17,AB-,0,6,3,1225,0.11
2024-03-17,B+,0,6,3,1225,1.36
2024-03-17,B-,0,6,3,1225,0.16
2024-03-17,O+,3,6,3,1225,2.14
2024-03-17,O-,0,6,3,1225,0.02
2024-03-18,A+,1,0,3,1226,0.89
2024-03-18,A-,0,0,3,1226,0.19
2024-03-18,AB+,0,0,3,1226,0.19
2024-03-18,AB-,0,0,3,1226,0.11
2024-03-18,B+,1,0,3,1226,1.37
2024-03-18,B-,1,0,3,1226,0.26
2024-03-18,O+,3,0,3,1226,2.4
2024-03-18,O-,0,0,3,1226,0.04
2024-03-19,A+,0,1,3,1227,0.74
2024-03-19,A-,0,1,3,1227,0.19
2024-03-19,AB+,0,1,3,1227,0.19
2024-03-19,AB-,0,1,3,1227,0.11
2024-03-19,B+,0,1,3,1227,1.2
2024-03-19,B-,0,1,3,1227,0.24
2024-03-19,O+,0,1,3,1227,2.36
2024-03-19,O-,0,1,3,1227,0.0
2024-03-20,A+,0,2,3,1228,0.71
2024-03-20,A-,0,2,3,1228,0.16
2024-03-20,AB+,0,2,3,1228,0.16
2024-03-20,AB-,0,2,3,1228,0.08
2024-03-20,B+,1,2,3,1228,1.11
2024-03-20,B-,0,2,3,1228,0.24
2024-03-20,O+,2,2,3,1228,2.46
2024-03-20,O-,0,2,3,1228,0.02
2024-03-21,A+,1,3,3,1229,0.66
2024-03-21,A-,0,3,3,1229,0.19
2024-03-21,AB+,0,3,3,1229,0.11
2024-03-21,AB-,0,3,3,1229,0.1
2024-03-21,B+,2,3,3,1229,1.21
2024-03-21,B-,0,3,3,1229,0.26
2024-03-21,O+,3,3,3,1229,2.56
2024-03-21,O-,0,3,3,1229,0.04
2024-03-22,A+,0,4,3,1230,0.66
2024-03-22,A-,0,4,3,1230,0.19
2024-03-22,AB+,0,4,3,1230,0.11
2024-03-22,AB-,0,4,3,1230,0.1
2024-03-22,B+,0,4,3,1230,0.89
2024-03-22,B-,1,4,3,1230,0.32
2024-03-22,O+,1,4,3,1230,2.53
2024-03-22,O-,0,4,3,1230,0.01
2024-03-23,A+,0,5,3,1231,0.49
2024-03-23,A-,0,5,3,1231,0.17
2024-03-23,AB+,0,5,3,1231,0.09
2024-03-23,AB-,0,5,3,1231,0.09
2024-03-23,B+,1,5,3,1231,0.88
2024-03-23,B-,0,5,3,1231,0.32
2024-03-23,O+,0,5,3,1231,2.36
2024-03-23,O-,0,5,3,1231,0.01
2024-03-24,A+,0,6,3,1232,0.4
2024-03-24,A-,0,6,3,1232,0.09
2024-03-24,AB+,0,6,3,1232,0.09
2024-03-24,AB-,0,6,3,1232,0.08
2024-03-24,B+,2,6,3,1232,1.04
2024-03-24,B-,0,6,3,1232,0.25
2024-03-24,O+,0,6,3,1232,2.21
2024-03-24,O-,0,6,3,1232,0.01
2024-03-25,A+,1,0,3,1233,0.41
2024-03-25,A-,0,0,3,1233,0.1
2024-03-25,AB+,0,0,3,1233,0.1
2024-03-25,AB-,0,0,3,1233,0.09
2024-03-25,B+,1,0,3,1233,0.96
2024-03-25,B-,0,0,3,1233,0.25
2024-03-25,O+,1,0,3,1233,2.06
2024-03-25,O-,0,0,3,1233,0.01
2024-03-26,A+,1,1,3,1234,0.41
2024-03-26,A-,0,1,3,1234,0.02
2024-03-26,AB+,0,1,3,1234,0.1
2024-03-26,AB-,0,1,3,1234,0.09
2024-03-26,B+,0,1,3,1234,0.96
2024-03-26,B-,0,1,3,1234,0.24
2024-03-26,O+,0,1,3,1234,1.74
2024-03-26,O-,0,1,3,1234,0.0
2024-03-27,A+,0,2,3,1235,0.39
2024-03-27,A-,0,2,3,1235,0.0
2024-03-27,AB+,0,2,3,1235,0.08
2024-03-27,AB-,0,2,3,1235,0.08
2024-03-27,B+,0,2,3,1235,0.86
2024-03-27,B-,0,2,3,1235,0.16
2024-03-27,O+,3,2,3,1235,1.83
2024-03-27,O-,0,2,3,1235,0.02
2024-03-28,A+,1,3,3,1236,0.42
2024-03-28,A-,0,3,3,1236,0.03
2024-03-28,AB+,0,3,3,1236,0.11
2024-03-28,AB-,0,3,3,1236,0.11
2024-03-28,B+,0,3,3,1236,0.81
2024-03-28,B-,0,3,3,1236,0.16
2024-03-28,O+,0,3,3,1236,1.66
2024-03-28,O-,0,3,3,1236,0.0
2024-03-29,A+,1,4,3,1237,0.48
2024-03-29,A-,1,4,3,1237,0.09
2024-03-29,AB+,0,4,3,1237,0.09
2024-03-29,AB-,0,4,3,1237,0.09
2024-03-29,B+,1,4,3,1237,0.89
2024-03-29,B-,0,4,3,1237,0.18
2024-03-29,O+,1,4,3,1237,1.68
2024-03-29,O-,0,4,3,1237,0.02
2024-03-30,A+,1,5,3,1238,0.57
2024-03-30,A-,0,5,3,1238,0.1
2024-03-30,AB+,0,5,3,1238,0.02
2024-03-30,AB-,0,5,3,1238,0.01
2024-03-30,B+,2,5,3,1238,0.89
2024-03-30,B-,0,5,3,1238,0.18
2024-03-30,O+,0,5,3,1238,1.36
2024-03-30,O-,0,5,3,1238,0.01
2024-03-31,A+,2,6,3,1239,0.74
2024-03-31,A-,0,6,3,1239,0.11
2024-03-31,AB+,1,6,3,1239,0.11
2024-03-31,AB-,0,6,3,1239,0.02
2024-03-31,B+,2,6,3,1239,1.06
2024-03-31,B-,1,6,3,1239,0.28
2024-03-31,O+,0,6,3,1239,1.14
2024-03-31,O-,0,6,3,1239,0.03
2024-04-01,A+,1,0,4,1240,0.74
2024-04-01,A-,0,0,4,1240,0.11
2024-04-01,AB+,0,0,4,1240,0.11
2024-04-01,AB-,0,0,4,1240,0.01
2024-04-01,B+,1,0,4,1240,1.04
2024-04-01,B-,0,0,4,1240,0.17
2024-04-01,O+,4,0,4,1240,1.22
2024-04-01,O-,0,0,4,1240,0.04
2024-04-02,A+,1,1,4,1241,0.83
2024-04-02,A-,0,1,4,1241,0.12
2024-04-02,AB+,0,1,4,1241,0.12
2024-04-02,AB-,0,1,4,1241,0.04
2024-04-02,B+,2,1,4,1241,1.23
2024-04-02,B-,0,1,4,1241,0.18
2024-04-02,O+,2,1,4,1241,1.37
2024-04-02,O-,0,1,4,1241,0.03
2024-04-03,A+,2,2,4,1242,0.99
2024-04-03,A-,0,2,4,1242,0.12
2024-04-03,AB+,2,2,4,1242,0.29
2024-04-03,AB-,0,2,4,1242,0.04
2024-04-03,B+,2,2,4,1242,1.31
2024-04-03,B-,0,2,4,1242,0.2
2024-04-03,O+,1,2,4,1242,1.31
2024-04-03,O-,0,2,4,1242,0.04
2024-04-04,A+,1,3,4,1243,0.99
2024-04-04,A-,0,3,4,1243,0.11
2024-04-04,AB+,0,3,4,1243,0.26
2024-04-04,AB-,0,3,4,1243,0.01
2024-04-04,B+,1,3,4,1243,1.2
2024-04-04,B-,0,3,4,1243,0.17
2024-04-04,O+,4,3,4,1243,1.38
2024-04-04,O-,1,3,4,1243,0.12
2024-04-05,A+,0,4,4,1244,0.99
2024-04-05,A-,0,4,4,1244,0.12
2024-04-05,AB+,0,4,4,1244,0.28
2024-04-05,AB-,0,4,4,1244,0.04
2024-04-05,B+,0,4,4,1244,1.21
2024-04-05,B-,0,4,4,1244,0.09
2024-04-05,O+,2,4,4,1244,1.43
2024-04-05,O-,0,4,4,1244,0.09
2024-04-06,A+,1,5,4,1245,1.04
2024-04-06,A-,0,5,4,1245,0.1
2024-04-06,AB+,0,5,4,1245,0.26
2024-04-06,AB-,0,5,4,1245,0.02
2024-04-06,B+,3,5,4,1245,1.38
2024-04-06,B-,0,5,4,1245,0.11
2024-04-06,O+,0,5,4,1245,1.44
2024-04-06,O-,0,5,4,1245,0.1
2024-04-07,A+,0,6,4,1246,1.04
2024-04-07,A-,0,6,4,1246,0.1
2024-04-07,AB+,0,6,4,1246,0.26
2024-04-07,AB-,0,6,4,1246,0.0
2024-04-07,B+,2,6,4,1246,1.35
2024-04-07,B-,0,6,4,1246,0.09
2024-04-07,O+,3,6,4,1246,1.69
2024-04-07,O-,0,6,4,1246,0.11
2024-04-08,A+,1,0,4,1247,1.06
2024-04-08,A-,1,0,4,1247,0.21
2024-04-08,AB+,1,0,4,1247,0.37
2024-04-08,AB-,0,0,4,1247,0.04
2024-04-08,B+,4,0,4,1247,1.64
2024-04-08,B-,0,0,4,1247,0.13
2024-04-08,O+,2,0,4,1247,1.79
2024-04-08,O-,0,0,4,1247,0.14
2024-04-09,A+,0,1,4,1248,0.99
2024-04-09,A-,0,1,4,1248,0.2
2024-04-09,AB+,0,1,4,1248,0.36
2024-04-09,AB-,0,1,4,1248,0.01
2024-04-09,B+,3,1,4,1248,1.84
2024-04-09,B-,0,1,4,1248,0.1
2024-04-09,O+,0,1,4,1248,1.75
2024-04-09,O-,0,1,4,1248,0.1
2024-04-10,A+,0,2,4,1249,0.96
2024-04-10,A-,0,2,4,1249,0.18
2024-04-10,AB+,1,2,4,1249,0.42
2024-04-10,AB-,0,2,4,1249,0.01
2024-04-10,B+,1,2,4,1249,1.9
2024-04-10,B-,0,2,4,1249,0.09
2024-04-10,O+,1,2,4,1249,1.59
2024-04-10,O-,0,2,4,1249,0.1
2024-04-11,A+,1,3,4,1250,0.97
2024-04-11,A-,0,3,4,1250,0.18
2024-04-11,AB+,0,3,4,1250,0.41
2024-04-11,AB-,0,3,4,1250,0.01
2024-04-11,B+,1,3,4,1250,1.99
2024-04-11,B-,0,3,4,1250,0.09
2024-04-11,O+,3,3,4,1250,1.84
2024-04-11,O-,0,3,4,1250,0.11
2024-04-12,A+,0,4,4,1251,0.89
2024-04-12,A-,0,4,4,1251,0.11
2024-04-12,AB+,0,4,4,1251,0.42
2024-04-12,AB-,0,4,4,1251,0.02
2024-04-12,B+,2,4,4,1251,2.08
2024-04-12,B-,0,4,4,1251,0.09
2024-04-12,O+,0,4,4,1251,1.74
2024-04-12,O-,0,4,4,1251,0.09
2024-04-13,A+,1,5,4,1252,0.89
2024-04-13,A-,0,5,4,1252,0.1
2024-04-13,AB+,0,5,4,1252,0.41
2024-04-13,AB-,0,5,4,1252,0.01
2024-04-13,B+,0,5,4,1252,1.89
2024-04-13,B-,1,5,4,1252,0.17
2024-04-13,O+,1,5,4,1252,1.83
2024-04-13,O-,0,5,4,1252,0.09
2024-04-14,A+,0,6,4,1253,0.72
2024-04-14,A-,0,6,4,1253,0.09
2024-04-14,AB+,0,6,4,1253,0.33
2024-04-14,AB-,0,6,4,1253,0.01
2024-04-14,B+,2,6,4,1253,1.91
2024-04-14,B-,0,6,4,1253,0.09
2024-04-14,O+,2,6,4,1253,1.99
2024-04-14,O-,0,6,4,1253,0.11
2024-04-15,A+,2,0,4,1254,0.83
2024-04-15,A-,0,0,4,1254,0.12
2024-04-15,AB+,0,0,4,1254,0.36
2024-04-15,AB-,0,0,4,1254,0.03
2024-04-15,B+,0,0,4,1254,1.84
2024-04-15,B-,0,0,4,1254,0.09
2024-04-15,O+,0,0,4,1254,1.66
2024-04-15,O-,1,0,4,1254,0.16
2024-04-16,A+,1,1,4,1255,0.8
2024-04-16,A-,0,1,4,1255,0.09
2024-04-16,AB+,0,1,4,1255,0.33
2024-04-16,AB-,0,1,4,1255,0.01
2024-04-16,B+,0,1,4,1255,1.66
2024-04-16,B-,0,1,4,1255,0.09
2024-04-16,O+,1,1,4,1255,1.59
2024-04-16,O-,0,1,4,1255,0.16
2024-04-17,A+,1,2,4,1256,0.72
2024-04-17,A-,1,2,4,1256,0.18
2024-04-17,AB+,0,2,4,1256,0.18
2024-04-17,AB-,0,2,4,1256,0.02
2024-04-17,B+,1,2,4,1256,1.6
2024-04-17,B-,0,2,4,1256,0.1
2024-04-17,O+,0,2,4,1256,1.51
2024-04-17,O-,0,2,4,1256,0.17
2024-04-18,A+,2,3,4,1257,0.81
2024-04-18,A-,0,3,4,1257,0.18
2024-04-18,AB+,0,3,4,1257,0.18
2024-04-18,AB-,0,3,4,1257,0.01
2024-04-18,B+,0,3,4,1257,1.51
2024-04-18,B-,1,3,4,1257,0.18
2024-04-18,O+,2,3,4,1257,1.37
2024-04-18,O-,1,3,4,1257,0.19
2024-04-19,A+,1,4,4,1258,0.9
2024-04-19,A-,0,4,4,1258,0.19
2024-04-19,AB+,0,4,4,1258,0.19
2024-04-19,AB-,1,4,4,1258,0.12
2024-04-19,B+,2,4,4,1258,1.7
2024-04-19,B-,0,4,4,1258,0.19
2024-04-19,O+,0,4,4,1258,1.21
2024-04-19,O-,0,4,4,1258,0.18
2024-04-20,A+,0,5,4,1259,0.81
2024-04-20,A-,0,5,4,1259,0.18
2024-04-20,AB+,0,5,4,1259,0.17
2024-04-20,AB-,0,5,4,1259,0.08
2024-04-20,B+,0,5,4,1259,1.41
2024-04-20,B-,0,5,4,1259,0.16
2024-04-20,O+,0,5,4,1259,1.18
2024-04-20,O-,0,5,4,1259,0.16
2024-04-21,A+,0,6,4,1260,0.79
2024-04-21,A-,0,6,4,1260,0.16
2024-04-21,AB+,0,6,4,1260,0.16
2024-04-21,AB-,0,6,4,1260,0.08
2024-04-21,B+,0,6,4,1260,1.26
2024-04-21,B-,0,6,4,1260,0.16
2024-04-21,O+,1,6,4,1260,1.03
2024-04-21,O-,0,6,4,1260,0.16
2024-04-22,A+,2,0,4,1261,0.89
2024-04-22,A-,0,0,4,1261,0.1
2024-04-22,AB+,1,0,4,1261,0.19
2024-04-22,AB-,0,0,4,1261,0.11
2024-04-22,B+,0,0,4,1261,0.97
2024-04-22,B-,0,0,4,1261,0.18
2024-04-22,O+,1,0,4,1261,0.97
2024-04-22,O-,0,0,4,1261,0.17
2024-04-23,A+,2,1,4,1262,1.05
2024-04-23,A-,0,1,4,1262,0.1
2024-04-23,AB+,0,1,4,1262,0.18
2024-04-23,AB-,0,1,4,1262,0.1
2024-04-23,B+,0,1,4,1262,0.73
2024-04-23,B-,0,1,4,1262,0.17
2024-04-23,O+,0,1,4,1262,0.96
2024-04-23,O-,0,1,4,1262,0.16
2024-04-24,A+,1,2,4,1263,1.11
2024-04-24,A-,0,2,4,1263,0.09
2024-04-24,AB+,0,2,4,1263,0.09
2024-04-24,AB-,0,2,4,1263,0.09
2024-04-24,B+,2,2,4,1263,0.81
2024-04-24,B-,0,2,4,1263,0.18
2024-04-24,O+,1,2,4,1263,0.97
2024-04-24,O-,0,2,4,1263,0.18
2024-04-25,A+,0,3,4,1264,1.04
2024-04-25,A-,1,3,4,1264,0.19
2024-04-25,AB+,0,3,4,1264,0.11
2024-04-25,AB-,0,3,4,1264,0.09
2024-04-25,B+,2,3,4,1264,0.89
2024-04-25,B-,0,3,4,1264,0.18
2024-04-25,O+,2,3,4,1264,0.9
2024-04-25,O-,0,3,4,1264,0.19
2024-04-26,A+,1,4,4,1265,1.14
2024-04-26,A-,0,4,4,1265,0.19
2024-04-26,AB+,0,4,4,1265,0.11
2024-04-26,AB-,0,4,4,1265,0.1
2024-04-26,B+,1,4,4,1265,0.81
2024-04-26,B-,0,4,4,1265,0.17
2024-04-26,O+,0,4,4,1265,0.88
2024-04-26,O-,0,4,4,1265,0.16
2024-04-27,A+,0,5,4,1266,1.03
2024-04-27,A-,0,5,4,1266,0.16
2024-04-27,AB+,0,5,4,1266,0.09
2024-04-27,AB-,0,5,4,1266,0.08
2024-04-27,B+,1,5,4,1266,0.87
2024-04-27,B-,0,5,4,1266,0.09
2024-04-27,O+,0,5,4,1266,0.79
2024-04-27,O-,1,5,4,1266,0.25
2024-04-28,A+,0,6,4,1267,1.04
2024-04-28,A-,0,6,4,1267,0.17
2024-04-28,AB+,1,6,4,1267,0.18
2024-04-28,AB-,0,6,4,1267,0.09
2024-04-28,B+,1,6,4,1267,0.81
2024-04-28,B-,0,6,4,1267,0.1
2024-04-28,O+,3,6,4,1267,0.9
2024-04-28,O-,0,6,4,1267,0.27
2024-04-29,A+,0,0,4,1268,0.9
2024-04-29,A-,0,0,4,1268,0.19
2024-04-29,AB+,0,0,4,1268,0.19
2024-04-29,AB-,0,0,4,1268,0.1
2024-04-29,B+,0,0,4,1268,0.81
2024-04-29,B-,0,0,4,1268,0.08
2024-04-29,O+,1,0,4,1268,0.95
2024-04-29,O-,0,0,4,1268,0.16
2024-04-30,A+,0,1,4,1269,0.79
2024-04-30,A-,0,1,4,1269,0.16
2024-04-30,AB+,0,1,4,1269,0.16
2024-04-30,AB-,0,1,4,1269,0.09
2024-04-30,B+,1,1,4,1269,0.88
2024-04-30,B-,0,1,4,1269,0.09
2024-04-30,O+,2,1,4,1269,1.04
2024-04-30,O-,0,1,4,1269,0.18
2024-05-01,A+,1,2,5,1270,0.81
2024-05-01,A-,0,2,5,1270,0.11
2024-05-01,AB+,0,2,5,1270,0.19
2024-05-01,AB-,0,2,5,1270,0.1
2024-05-01,B+,1,2,5,1270,0.89
2024-05-01,B-,0,2,5,1270,0.09
2024-05-01,O+,3,2,5,1270,1.29
2024-05-01,O-,1,2,5,1270,0.27
2024-05-02,A+,2,3,5,1271,0.84
2024-05-02,A-,0,3,5,1271,0.13
2024-05-02,AB+,0,3,5,1271,0.21
2024-05-02,AB-,0,3,5,1271,0.12
2024-05-02,B+,1,3,5,1271,0.99
2024-05-02,B-,0,3,5,1271,0.03
2024-05-02,O+,1,3,5,1271,1.21
2024-05-02,O-,0,3,5,1271,0.17
2024-05-03,A+,1,4,5,1272,0.81
2024-05-03,A-,0,4,5,1272,0.1
2024-05-03,AB+,1,4,5,1272,0.26
2024-05-03,AB-,0,4,5,1272,0.02
2024-05-03,B+,2,4,5,1272,0.98
2024-05-03,B-,0,4,5,1272,0.03
2024-05-03,O+,2,4,5,1272,1.38
2024-05-03,O-,0,4,5,1272,0.19
2024-05-04,A+,1,5,5,1273,0.91
2024-05-04,A-,0,5,5,1273,0.11
2024-05-04,AB+,0,5,5,1273,0.27
2024-05-04,AB-,0,5,5,1273,0.02
2024-05-04,B+,1,5,5,1273,1.05
2024-05-04,B-,1,5,5,1273,0.1
2024-05-04,O+,3,5,5,1273,1.61
2024-05-04,O-,0,5,5,1273,0.19
2024-05-05,A+,1,6,5,1274,0.99
2024-05-05,A-,0,6,5,1274,0.12
2024-05-05,AB+,0,6,5,1274,0.28
2024-05-05,AB-,0,6,5,1274,0.04
2024-05-05,B+,0,6,5,1274,1.05
2024-05-05,B-,0,6,5,1274,0.09
2024-05-05,O+,3,6,5,1274,1.76
2024-05-05,O-,0,6,5,1274,0.18
2024-05-06,A+,1,0,5,1275,0.89
2024-05-06,A-,0,0,5,1275,0.11
2024-05-06,AB+,0,0,5,1275,0.19
2024-05-06,AB-,0,0,5,1275,0.03
2024-05-06,B+,2,0,5,1275,1.22
2024-05-06,B-,0,0,5,1275,0.1
2024-05-06,O+,2,0,5,1275,1.84
2024-05-06,O-,0,0,5,1275,0.19
2024-05-07,A+,1,1,5,1276,0.82
2024-05-07,A-,0,1,5,1276,0.11
2024-05-07,AB+,0,1,5,1276,0.19
2024-05-07,AB-,0,1,5,1276,0.02
2024-05-07,B+,1,1,5,1276,1.29
2024-05-07,B-,0,1,5,1276,0.09
2024-05-07,O+,4,1,5,1276,2.16
2024-05-07,O-,0,1,5,1276,0.19
2024-05-08,A+,0,2,5,1277,0.74
2024-05-08,A-,0,2,5,1277,0.11
2024-05-08,AB+,0,2,5,1277,0.19
2024-05-08,AB-,0,2,5,1277,0.03
2024-05-08,B+,2,2,5,1277,1.3
2024-05-08,B-,0,2,5,1277,0.09
2024-05-08,O+,1,2,5,1277,2.14
2024-05-08,O-,0,2,5,1277,0.18
2024-05-09,A+,3,3,5,1278,0.99
2024-05-09,A-,0,3,5,1278,0.04
2024-05-09,AB+,0,3,5,1278,0.2
2024-05-09,AB-,0,3,5,1278,0.03
2024-05-09,B+,2,3,5,1278,1.3
2024-05-09,B-,0,3,5,1278,0.11
2024-05-09,O+,1,3,5,1278,2.09
2024-05-09,O-,0,3,5,1278,0.18
2024-05-10,A+,0,4,5,1279,0.89
2024-05-10,A-,0,4,5,1279,0.02
2024-05-10,AB+,0,4,5,1279,0.18
2024-05-10,AB-,0,4,5,1279,0.01
2024-05-10,B+,1,4,5,1279,1.27
2024-05-10,B-,0,4,5,1279,0.09
2024-05-10,O+,1,4,5,1279,2.14
2024-05-10,O-,0,4,5,1279,0.17
2024-05-11,A+,1,5,5,1280,0.96
2024-05-11,A-,0,5,5,1280,0.02
2024-05-11,AB+,0,5,5,1280,0.18
2024-05-11,AB-,0,5,5,1280,0.01
2024-05-11,B+,0,5,5,1280,1.19
2024-05-11,B-,0,5,5,1280,0.09
2024-05-11,O+,3,5,5,1280,2.39
2024-05-11,O-,0,5,5,1280,0.1
2024-05-12,A+,2,6,5,1281,1.14
2024-05-12,A-,0,6,5,1281,0.04
2024-05-12,AB+,0,6,5,1281,0.11
2024-05-12,AB-,0,6,5,1281,0.04
2024-05-12,B+,2,6,5,1281,1.31
2024-05-12,B-,0,6,5,1281,0.11
2024-05-12,O+,2,6,5,1281,2.32
2024-05-12,O-,0,6,5,1281,0.11
2024-05-13,A+,1,0,5,1282,1.21
2024-05-13,A-,0,0,5,1282,0.04
2024-05-13,AB+,1,0,5,1282,0.2
2024-05-13,AB-,1,0,5,1282,0.11
2024-05-13,B+,0,0,5,1282,1.29
2024-05-13,B-,0,0,5,1282,0.1
2024-05-13,O+,1,0,5,1282,2.31
2024-05-13,O-,0,0,5,1282,0.1
2024-05-14,A+,1,1,5,1283,1.29
2024-05-14,A-,0,1,5,1283,0.02
2024-05-14,AB+,0,1,5,1283,0.17
2024-05-14,AB-,0,1,5,1283,0.09
2024-05-14,B+,4,1,5,1283,1.54
2024-05-14,B-,0,1,5,1283,0.11
2024-05-14,O+,1,1,5,1283,2.24
2024-05-14,O-,0,1,5,1283,0.11
2024-05-15,A+,0,2,5,1284,1.21
2024-05-15,A-,0,2,5,1284,0.04
2024-05-15,AB+,0,2,5,1284,0.19
2024-05-15,AB-,0,2,5,1284,0.09
2024-05-15,B+,1,2,5,1284,1.51
2024-05-15,B-,0,2,5,1284,0.09
2024-05-15,O+,0,2,5,1284,1.97
2024-05-15,O-,0,2,5,1284,0.01
2024-05-16,A+,0,3,5,1285,1.03
2024-05-16,A-,0,3,5,1285,0.01
2024-05-16,AB+,0,3,5,1285,0.16
2024-05-16,AB-,0,3,5,1285,0.08
2024-05-16,B+,2,3,5,1285,1.59
2024-05-16,B-,1,3,5,1285,0.18
2024-05-16,O+,0,3,5,1285,1.91
2024-05-16,O-,0,3,5,1285,0.02
2024-05-17,A+,1,4,5,1286,1.05
2024-05-17,A-,0,4,5,1286,0.03
2024-05-17,AB+,0,4,5,1286,0.11
2024-05-17,AB-,0,4,5,1286,0.09
2024-05-17,B+,2,4,5,1286,1.59
2024-05-17,B-,0,4,5,1286,0.18
2024-05-17,O+,0,4,5,1286,1.75
2024-05-17,O-,0,4,5,1286,0.01
2024-05-18,A+,0,5,5,1287,0.96
2024-05-18,A-,0,5,5,1287,0.01
2024-05-18,AB+,0,5,5,1287,0.09
2024-05-18,AB-,0,5,5,1287,0.08
2024-05-18,B+,1,5,5,1287,1.58
2024-05-18,B-,0,5,5,1287,0.09
2024-05-18,O+,1,5,5,1287,1.59
2024-05-18,O-,0,5,5,1287,0.01
2024-05-19,A+,0,6,5,1288,0.88
2024-05-19,A-,0,6,5,1288,0.01
2024-05-19,AB+,0,6,5,1288,0.09
2024-05-19,AB-,1,6,5,1288,0.17
2024-05-19,B+,2,6,5,1288,1.76
2024-05-19,B-,0,6,5,1288,0.1
2024-05-19,O+,4,6,5,1288,1.7
2024-05-19,O-,1,6,5,1288,0.14
2024-05-20,A+,0,0,5,1289,0.84
2024-05-20,A-,0,0,5,1289,0.06
2024-05-20,AB+,0,0,5,1289,0.13
2024-05-20,AB-,0,0,5,1289,0.19
2024-05-20,B+,1,0,5,1289,1.69
2024-05-20,B-,0,0,5,1289,0.09
2024-05-20,O+,2,0,5,1289,1.67
2024-05-20,O-,1,0,5,1289,0.19
2024-05-21,A+,1,1,5,1290,0.82
2024-05-21,A-,0,1,5,1290,0.04
2024-05-21,AB+,0,1,5,1290,0.11
2024-05-21,AB-,0,1,5,1290,0.19
2024-05-21,B+,1,1,5,1290,1.69
2024-05-21,B-,1,1,5,1290,0.19
2024-05-21,O+,0,1,5,1290,1.36
2024-05-21,O-,1,1,5,1290,0.26
2024-05-22,A+,0,2,5,1291,0.81
2024-05-22,A-,0,2,5,1291,0.02
2024-05-22,AB+,0,2,5,1291,0.1
2024-05-22,AB-,0,2,5,1291,0.17
2024-05-22,B+,1,2,5,1291,1.59
2024-05-22,B-,0,2,5,1291,0.17
2024-05-22,O+,2,2,5,1291,1.44
2024-05-22,O-,1,2,5,1291,0.34
2024-05-23,A+,0,3,5,1292,0.58
2024-05-23,A-,0,3,5,1292,0.03
2024-05-23,AB+,1,3,5,1292,0.19
2024-05-23,AB-,0,3,5,1292,0.19
2024-05-23,B+,1,3,5,1292,1.53
2024-05-23,B-,0,3,5,1292,0.18
2024-05-23,O+,2,3,5,1292,1.52
2024-05-23,O-,0,3,5,1292,0.34
2024-05-24,A+,0,4,5,1293,0.58
2024-05-24,A-,0,4,5,1293,0.02
2024-05-24,AB+,0,4,5,1293,0.18
2024-05-24,AB-,0,4,5,1293,0.17
2024-05-24,B+,1,4,5,1293,1.51
2024-05-24,B-,0,4,5,1293,0.16
2024-05-24,O+,2,4,5,1293,1.59
2024-05-24,O-,0,4,5,1293,0.34
2024-05-25,A+,3,5,5,1294,0.75
2024-05-25,A-,0,5,5,1294,0.04
2024-05-25,AB+,0,5,5,1294,0.2
2024-05-25,AB-,0,5,5,1294,0.19
2024-05-25,B+,0,5,5,1294,1.53
2024-05-25,B-,0,5,5,1294,0.18
2024-05-25,O+,0,5,5,1294,1.36
2024-05-25,O-,0,5,5,1294,0.31
2024-05-26,A+,0,6,5,1295,0.55
2024-05-26,A-,0,6,5,1295,0.0
2024-05-26,AB+,0,6,5,1295,0.16
2024-05-26,AB-,0,6,5,1295,0.16
2024-05-26,B+,3,6,5,1295,1.59
2024-05-26,B-,0,6,5,1295,0.18
2024-05-26,O+,2,6,5,1295,1.37
2024-05-26,O-,0,6,5,1295,0.35
2024-05-27,A+,2,0,5,1296,0.68
2024-05-27,A-,0,0,5,1296,0.05
2024-05-27,AB+,0,0,5,1296,0.13
2024-05-27,AB-,0,0,5,1296,0.11
2024-05-27,B+,0,0,5,1296,1.6
2024-05-27,B-,0,0,5,1296,0.17
2024-05-27,O+,1,0,5,1296,1.36
2024-05-27,O-,0,0,5,1296,0.32
2024-05-28,A+,0,1,5,1297,0.56
2024-05-28,A-,0,1,5,1297,0.01
2024-05-28,AB+,0,1,5,1297,0.09
2024-05-28,AB-,0,1,5,1297,0.09
2024-05-28,B+,1,1,5,1297,1.35
2024-05-28,B-,0,1,5,1297,0.16
2024-05-28,O+,0,1,5,1297,1.26
2024-05-28,O-,0,1,5,1297,0.32
2024-05-29,A+,0,2,5,1298,0.56
2024-05-29,A-,0,2,5,1298,0.01
2024-05-29,AB+,0,2,5,1298,0.09
2024-05-29,AB-,0,2,5,1298,0.08
2024-05-29,B+,1,2,5,1298,1.34
2024-05-29,B-,0,2,5,1298,0.16
2024-05-29,O+,1,2,5,1298,1.35
2024-05-29,O-,1,2,5,1298,0.41
2024-05-30,A+,0,3,5,1299,0.57
2024-05-30,A-,0,3,5,1299,0.02
2024-05-30,AB+,0,3,5,1299,0.1
2024-05-30,AB-,0,3,5,1299,0.09
2024-05-30,B+,2,3,5,1299,1.36
2024-05-30,B-,0,3,5,1299,0.1
2024-05-30,O+,2,3,5,1299,1.52
2024-05-30,O-,1,3,5,1299,0.51
2024-05-31,A+,1,4,5,1300,0.59
2024-05-31,A-,0,4,5,1300,0.04
2024-05-31,AB+,0,4,5,1300,0.12
2024-05-31,AB-,0,4,5,1300,0.11
2024-05-31,B+,1,4,5,1300,1.29
2024-05-31,B-,0,4,5,1300,0.1
2024-05-31,O+,1,4,5,1300,1.59
2024-05-31,O-,0,4,5,1300,0.49
2024-06-01,A+,0,5,6,1301,0.56
2024-06-01,A-,0,5,6,1301,0.01
2024-06-01,AB+,0,5,6,1301,0.09
2024-06-01,AB-,0,5,6,1301,0.09
2024-06-01,B+,0,5,6,1301,1.19
2024-06-01,B-,0,5,6,1301,0.08
2024-06-01,O+,3,5,6,1301,1.75
2024-06-01,O-,0,5,6,1301,0.49
2024-06-02,A+,0,6,6,1302,0.57
2024-06-02,A-,0,6,6,1302,0.02
2024-06-02,AB+,0,6,6,1302,0.1
2024-06-02,AB-,0,6,6,1302,0.02
2024-06-02,B+,2,6,6,1302,1.21
2024-06-02,B-,0,6,6,1302,0.09
2024-06-02,O+,0,6,6,1302,1.43
2024-06-02,O-,0,6,6,1302,0.41
2024-06-03,A+,3,0,6,1303,0.82
2024-06-03,A-,0,0,6,1303,0.04
2024-06-03,AB+,0,0,6,1303,0.11
2024-06-03,AB-,0,0,6,1303,0.02
2024-06-03,B+,0,0,6,1303,1.12
2024-06-03,B-,0,0,6,1303,0.1
2024-06-03,O+,3,0,6,1303,1.54
2024-06-03,O-,0,0,6,1303,0.34
2024-06-04,A+,0,1,6,1304,0.73
2024-06-04,A-,0,1,6,1304,0.02
2024-06-04,AB+,0,1,6,1304,0.1
2024-06-04,AB-,0,1,6,1304,0.02
2024-06-04,B+,2,1,6,1304,1.21
2024-06-04,B-,0,1,6,1304,0.01
2024-06-04,O+,1,1,6,1304,1.59
2024-06-04,O-,0,1,6,1304,0.26
2024-06-05,A+,0,2,6,1305,0.73
2024-06-05,A-,0,2,6,1305,0.02
2024-06-05,AB+,0,2,6,1305,0.1
2024-06-05,AB-,0,2,6,1305,0.01
2024-06-05,B+,1,2,6,1305,1.19
2024-06-05,B-,0,2,6,1305,0.01
2024-06-05,O+,0,2,6,1305,1.42
2024-06-05,O-,0,2,6,1305,0.16
2024-06-06,A+,1,3,6,1306,0.8
2024-06-06,A-,0,3,6,1306,0.01
2024-06-06,AB+,0,3,6,1306,0.01
2024-06-06,AB-,0,3,6,1306,0.01
2024-06-06,B+,2,3,6,1306,1.28
2024-06-06,B-,0,3,6,1306,0.02
2024-06-06,O+,0,3,6,1306,1.28
2024-06-06,O-,1,3,6,1306,0.26
2024-06-07,A+,0,4,6,1307,0.81
2024-06-07,A-,0,4,6,1307,0.02
2024-06-07,AB+,0,4,6,1307,0.02
2024-06-07,AB-,0,4,6,1307,0.01
2024-06-07,B+,1,4,6,1307,1.27
2024-06-07,B-,0,4,6,1307,0.01
2024-06-07,O+,0,4,6,1307,1.11
2024-06-07,O-,0,4,6,1307,0.24
2024-06-08,A+,3,5,6,1308,0.81
2024-06-08,A-,0,5,6,1308,0.03
2024-06-08,AB+,0,5,6,1308,0.03
2024-06-08,AB-,0,5,6,1308,0.02
2024-06-08,B+,2,5,6,1308,1.45
2024-06-08,B-,0,5,6,1308,0.04
2024-06-08,O+,1,5,6,1308,1.22
2024-06-08,O-,1,5,6,1308,0.34
2024-06-09,A+,1,6,6,1309,0.9
2024-06-09,A-,0,6,6,1309,0.04
2024-06-09,AB+,0,6,6,1309,0.04
2024-06-09,AB-,0,6,6,1309,0.02
2024-06-09,B+,1,6,6,1309,1.29
2024-06-09,B-,0,6,6,1309,0.02
2024-06-09,O+,0,6,6,1309,1.04
2024-06-09,O-,1,6,6,1309,0.41
2024-06-10,A+,0,0,6,1310,0.72
2024-06-10,A-,2,0,6,1310,0.19
2024-06-10,AB+,0,0,6,1310,0.03
2024-06-10,AB-,0,0,6,1310,0.02
2024-06-10,B+,3,0,6,1310,1.54
2024-06-10,B-,0,0,6,1310,0.04
2024-06-10,O+,2,0,6,1310,1.15
2024-06-10,O-,0,0,6,1310,0.44
2024-06-11,A+,1,1,6,1311,0.83
2024-06-11,A-,0,1,6,1311,0.2
2024-06-11,AB+,0,1,6,1311,0.04
2024-06-11,AB-,0,1,6,1311,0.02
2024-06-11,B+,0,1,6,1311,1.44
2024-06-11,B-,0,1,6,1311,0.01
2024-06-11,O+,0,1,6,1311,1.11
2024-06-11,O-,0,1,6,1311,0.39
2024-06-12,A+,0,2,6,1312,0.79
2024-06-12,A-,0,2,6,1312,0.16
2024-06-12,AB+,0,2,6,1312,0.0
2024-06-12,AB-,0,2,6,1312,0.0
2024-06-12,B+,1,2,6,1312,1.42
2024-06-12,B-,0,2,6,1312,0.01
2024-06-12,O+,2,2,6,1312,1.2
2024-06-12,O-,0,2,6,1312,0.34
2024-06-13,A+,0,3,6,1313,0.81
2024-06-13,A-,0,3,6,1313,0.18
2024-06-13,AB+,0,3,6,1313,0.02
2024-06-13,AB-,0,3,6,1313,0.01
2024-06-13,B+,1,3,6,1313,1.36
2024-06-13,B-,0,3,6,1313,0.01
2024-06-13,O+,1,3,6,1313,1.11
2024-06-13,O-,0,3,6,1313,0.25
2024-06-14,A+,0,4,6,1314,0.72
2024-06-14,A-,0,4,6,1314,0.17
2024-06-14,AB+,0,4,6,1314,0.01
2024-06-14,AB-,0,4,6,1314,0.01
2024-06-14,B+,3,4,6,1314,1.52
2024-06-14,B-,0,4,6,1314,0.02
2024-06-14,O+,4,4,6,1314,1.39
2024-06-14,O-,0,4,6,1314,0.29
2024-06-15,A+,0,5,6,1315,0.76
2024-06-15,A-,0,5,6,1315,0.21
2024-06-15,AB+,1,5,6,1315,0.14
2024-06-15,AB-,0,5,6,1315,0.04
2024-06-15,B+,1,5,6,1315,1.61
2024-06-15,B-,0,5,6,1315,0.01
2024-06-15,O+,2,5,6,1315,1.29
2024-06-15,O-,0,5,6,1315,0.26
2024-06-16,A+,1,6,6,1316,0.82
2024-06-16,A-,0,6,6,1316,0.19
2024-06-16,AB+,0,6,6,1316,0.11
2024-06-16,AB-,0,6,6,1316,0.02
2024-06-16,B+,2,6,6,1316,1.61
2024-06-16,B-,0,6,6,1316,0.02
2024-06-16,O+,1,6,6,1316,1.36
2024-06-16,O-,1,6,6,1316,0.34
2024-06-17,A+,2,0,6,1317,0.75
2024-06-17,A-,0,0,6,1317,0.2
2024-06-17,AB+,0,0,6,1317,0.12
2024-06-17,AB-,0,0,6,1317,0.03
2024-06-17,B+,3,0,6,1317,1.86
2024-06-17,B-,0,0,6,1317,0.04
2024-06-17,O+,2,0,6,1317,1.31
2024-06-17,O-,0,0,6,1317,0.35
2024-06-18,A+,2,1,6,1318,0.91
2024-06-18,A-,0,1,6,1318,0.21
2024-06-18,AB+,0,1,6,1318,0.13
2024-06-18,AB-,0,1,6,1318,0.03
2024-06-18,B+,2,1,6,1318,1.85
2024-06-18,B-,0,1,6,1318,0.03
2024-06-18,O+,1,1,6,1318,1.29
2024-06-18,O-,1,1,6,1318,0.42
2024-06-19,A+,3,2,6,1319,1.15
2024-06-19,A-,0,2,6,1319,0.21
2024-06-19,AB+,0,2,6,1319,0.13
2024-06-19,AB-,0,2,6,1319,0.04
2024-06-19,B+,2,2,6,1319,1.94
2024-06-19,B-,0,2,6,1319,0.04
2024-06-19,O+,0,2,6,1319,1.29
2024-06-19,O-,1,2,6,1319,0.49
2024-06-20,A+,0,3,6,1320,1.04
2024-06-20,A-,0,3,6,1320,0.18
2024-06-20,AB+,1,3,6,1320,0.19
2024-06-20,AB-,0,3,6,1320,0.01
2024-06-20,B+,0,3,6,1320,1.74
2024-06-20,B-,0,3,6,1320,0.01
2024-06-20,O+,0,3,6,1320,1.26
2024-06-20,O-,0,3,6,1320,0.4
2024-06-21,A+,2,4,6,1321,1.2
2024-06-21,A-,0,4,6,1321,0.17
2024-06-21,AB+,0,4,6,1321,0.17
2024-06-21,AB-,0,4,6,1321,0.01
2024-06-21,B+,1,4,6,1321,1.75
2024-06-21,B-,0,4,6,1321,0.02
2024-06-21,O+,1,4,6,1321,1.36
2024-06-21,O-,0,4,6,1321,0.41
2024-06-22,A+,0,5,6,1322,0.96
2024-06-22,A-,0,5,6,1322,0.17
2024-06-22,AB+,0,5,6,1322,0.17
2024-06-22,AB-,0,5,6,1322,0.01
2024-06-22,B+,1,5,6,1322,1.66
2024-06-22,B-,0,5,6,1322,0.01
2024-06-22,O+,2,5,6,1322,1.44
2024-06-22,O-,0,5,6,1322,0.34
2024-06-23,A+,1,6,6,1323,0.97
2024-06-23,A-,0,6,6,1323,0.19
2024-06-23,AB+,0,6,6,1323,0.19
2024-06-23,AB-,1,6,6,1323,0.11
2024-06-23,B+,0,6,6,1323,1.6
2024-06-23,B-,0,6,6,1323,0.01
2024-06-23,O+,2,6,6,1323,1.6
2024-06-23,O-,0,6,6,1323,0.26
2024-06-24,A+,0,0,6,1324,0.96
2024-06-24,A-,0,0,6,1324,0.02
2024-06-24,AB+,0,0,6,1324,0.17
2024-06-24,AB-,0,0,6,1324,0.09
2024-06-24,B+,1,0,6,1324,1.44
2024-06-24,B-,0,0,6,1324,0.01
2024-06-24,O+,1,0,6,1324,1.51
2024-06-24,O-,0,0,6,1324,0.25
2024-06-25,A+,1,1,6,1325,0.96
2024-06-25,A-,0,1,6,1325,0.02
2024-06-25,AB+,0,1,6,1325,0.18
2024-06-25,AB-,0,1,6,1325,0.09
2024-06-25,B+,3,1,6,1325,1.69
2024-06-25,B-,0,1,6,1325,0.03
2024-06-25,O+,0,1,6,1325,1.52
2024-06-25,O-,0,1,6,1325,0.26
2024-06-26,A+,0,2,6,1326,0.96
2024-06-26,A-,0,2,6,1326,0.02
2024-06-26,AB+,0,2,6,1326,0.18
2024-06-26,AB-,0,2,6,1326,0.08
2024-06-26,B+,3,2,6,1326,1.83
2024-06-26,B-,0,2,6,1326,0.02
2024-06-26,O+,3,2,6,1326,1.61
2024-06-26,O-,0,2,6,1326,0.28
2024-06-27,A+,1,3,6,1327,1.07
2024-06-27,A-,0,3,6,1327,0.05
2024-06-27,AB+,0,3,6,1327,0.21
2024-06-27,AB-,0,3,6,1327,0.11
2024-06-27,B+,1,3,6,1327,1.84
2024-06-27,B-,0,3,6,1327,0.01
2024-06-27,O+,1,3,6,1327,1.59
2024-06-27,O-,0,3,6,1327,0.25
2024-06-28,A+,0,4,6,1328,1.04
2024-06-28,A-,0,4,6,1328,0.01
2024-06-28,AB+,0,4,6,1328,0.17
2024-06-28,AB-,0,4,6,1328,0.09
2024-06-28,B+,3,4,6,1328,1.84
2024-06-28,B-,0,4,6,1328,0.02
2024-06-28,O+,3,4,6,1328,1.54
2024-06-28,O-,0,4,6,1328,0.28
2024-06-29,A+,0,5,6,1329,1.06
2024-06-29,A-,1,5,6,1329,0.13
2024-06-29,AB+,0,5,6,1329,0.13
2024-06-29,AB-,0,5,6,1329,0.11
2024-06-29,B+,1,5,6,1329,1.84
2024-06-29,B-,0,5,6,1329,0.01
2024-06-29,O+,1,5,6,1329,1.44
2024-06-29,O-,0,5,6,1329,0.26
2024-06-30,A+,1,6,6,1330,1.04
2024-06-30,A-,0,6,6,1330,0.1
2024-06-30,AB+,0,6,6,1330,0.1
2024-06-30,AB-,0,6,6,1330,0.09
2024-06-30,B+,0,6,6,1330,1.66
2024-06-30,B-,0,6,6,1330,0.01
2024-06-30,O+,3,6,6,1330,1.6
2024-06-30,O-,0,6,6,1330,0.18
2024-07-01,A+,1,0,7,1331,0.97
2024-07-01,A-,0,0,7,1331,0.11
2024-07-01,AB+,0,0,7,1331,0.11
2024-07-01,AB-,0,0,7,1331,0.11
2024-07-01,B+,2,0,7,1331,1.61
2024-07-01,B-,0,0,7,1331,0.02
2024-07-01,O+,0,0,7,1331,1.44
2024-07-01,O-,0,0,7,1331,0.17
2024-07-02,A+,0,1,7,1332,0.8
2024-07-02,A-,0,1,7,1332,0.09
2024-07-02,AB+,0,1,7,1332,0.09
2024-07-02,AB-,0,1,7,1332,0.08
2024-07-02,B+,2,1,7,1332,1.59
2024-07-02,B-,0,1,7,1332,0.01
2024-07-02,O+,3,1,7,1332,1.61
2024-07-02,O-,0,1,7,1332,0.11
2024-07-03,A+,0,2,7,1333,0.59
2024-07-03,A-,0,2,7,1333,0.11
2024-07-03,AB+,0,2,7,1333,0.11
2024-07-03,AB-,0,2,7,1333,0.1
2024-07-03,B+,3,2,7,1333,1.69
2024-07-03,B-,0,2,7,1333,0.02
2024-07-03,O+,0,2,7,1333,1.59
2024-07-03,O-,0,2,7,1333,0.02
2024-07-04,A+,0,3,7,1334,0.57
2024-07-04,A-,0,3,7,1334,0.1
2024-07-04,AB+,1,3,7,1334,0.11
2024-07-04,AB-,0,3,7,1334,0.09
2024-07-04,B+,1,3,7,1334,1.74
2024-07-04,B-,0,3,7,1334,0.01
2024-07-04,O+,1,3,7,1334,1.67
2024-07-04,O-,0,3,7,1334,0.02
2024-07-05,A+,0,4,7,1335,0.41
2024-07-05,A-,1,4,7,1335,0.18
2024-07-05,AB+,0,4,7,1335,0.1
2024-07-05,AB-,0,4,7,1335,0.09
2024-07-05,B+,2,4,7,1335,1.84
2024-07-05,B-,0,4,7,1335,0.02
2024-07-05,O+,3,4,7,1335,1.85
2024-07-05,O-,0,4,7,1335,0.04
2024-07-06,A+,0,5,7,1336,0.43
2024-07-06,A-,1,5,7,1336,0.28
2024-07-06,AB+,0,5,7,1336,0.12
2024-07-06,AB-,0,5,7,1336,0.11
2024-07-06,B+,3,5,7,1336,2.01
2024-07-06,B-,0,5,7,1336,0.03
2024-07-06,O+,0,5,7,1336,1.68
2024-07-06,O-,0,5,7,1336,0.03
2024-07-07,A+,3,6,7,1337,0.59
2024-07-07,A-,1,6,7,1337,0.36
2024-07-07,AB+,1,6,7,1337,0.21
2024-07-07,AB-,0,6,7,1337,0.04
2024-07-07,B+,0,6,7,1337,2.0
2024-07-07,B-,0,6,7,1337,0.04
2024-07-07,O+,1,6,7,1337,1.61
2024-07-07,O-,0,6,7,1337,0.02
2024-07-08,A+,2,0,7,1338,0.74
2024-07-08,A-,0,0,7,1338,0.34
2024-07-08,AB+,1,0,7,1338,0.26
2024-07-08,AB-,0,0,7,1338,0.03
2024-07-08,B+,2,0,7,1338,2.09
2024-07-08,B-,0,0,7,1338,0.04
2024-07-08,O+,0,0,7,1338,1.53
2024-07-08,O-,0,0,7,1338,0.02
2024-07-09,A+,0,1,7,1339,0.65
2024-07-09,A-,0,1,7,1339,0.33
2024-07-09,AB+,0,1,7,1339,0.25
2024-07-09,AB-,0,1,7,1339,0.0
2024-07-09,B+,0,1,7,1339,1.81
2024-07-09,B-,0,1,7,1339,0.0
2024-07-09,O+,0,1,7,1339,1.49
2024-07-09,O-,0,1,7,1339,0.0
2024-07-10,A+,1,2,7,1340,0.71
2024-07-10,A-,0,2,7,1340,0.32
2024-07-10,AB+,0,2,7,1340,0.24
2024-07-10,AB-,0,2,7,1340,0.01
2024-07-10,B+,1,2,7,1340,1.66
2024-07-10,B-,0,2,7,1340,0.01
2024-07-10,O+,0,2,7,1340,1.27
2024-07-10,O-,1,2,7,1340,0.09
2024-07-11,A+,0,3,7,1341,0.64
2024-07-11,A-,0,3,7,1341,0.33
2024-07-11,AB+,0,3,7,1341,0.25
2024-07-11,AB-,0,3,7,1341,0.01
2024-07-11,B+,2,3,7,1341,1.75
2024-07-11,B-,0,3,7,1341,0.02
2024-07-11,O+,1,3,7,1341,1.28
2024-07-11,O-,0,3,7,1341,0.1
2024-07-12,A+,0,4,7,1342,0.65
2024-07-12,A-,0,4,7,1342,0.34
2024-07-12,AB+,0,4,7,1342,0.26
2024-07-12,AB-,0,4,7,1342,0.01
2024-07-12,B+,1,4,7,1342,1.59
2024-07-12,B-,0,4,7,1342,0.01
2024-07-12,O+,0,4,7,1342,1.03
2024-07-12,O-,1,4,7,1342,0.17
2024-07-13,A+,1,5,7,1343,0.73
2024-07-13,A-,1,5,7,1343,0.34
2024-07-13,AB+,0,5,7,1343,0.26
2024-07-13,AB-,0,5,7,1343,0.02
2024-07-13,B+,0,5,7,1343,1.51
2024-07-13,B-,0,5,7,1343,0.02
2024-07-13,O+,5,5,7,1343,1.39
2024-07-13,O-,0,5,7,1343,0.2
2024-07-14,A+,0,6,7,1344,0.66
2024-07-14,A-,0,6,7,1344,0.35
2024-07-14,AB+,0,6,7,1344,0.27
2024-07-14,AB-,0,6,7,1344,0.04
2024-07-14,B+,1,6,7,1344,1.61
2024-07-14,B-,0,6,7,1344,0.01
2024-07-14,O+,0,6,7,1344,1.11
2024-07-14,O-,0,6,7,1344,0.16
2024-07-15,A+,0,0,7,1345,0.56
2024-07-15,A-,0,0,7,1345,0.32
2024-07-15,AB+,0,0,7,1345,0.24
2024-07-15,AB-,0,0,7,1345,0.0
2024-07-15,B+,3,0,7,1345,1.67
2024-07-15,B-,1,0,7,1345,0.11
2024-07-15,O+,1,0,7,1345,1.21
2024-07-15,O-,0,0,7,1345,0.19
2024-07-16,A+,0,1,7,1346,0.59
2024-07-16,A-,0,1,7,1346,0.35
2024-07-16,AB+,0,1,7,1346,0.27
2024-07-16,AB-,0,1,7,1346,0.01
2024-07-16,B+,0,1,7,1346,1.5
2024-07-16,B-,0,1,7,1346,0.08
2024-07-16,O+,2,1,7,1346,1.11
2024-07-16,O-,1,1,7,1346,0.26
2024-07-17,A+,2,2,7,1347,0.74
2024-07-17,A-,0,2,7,1347,0.35
2024-07-17,AB+,0,2,7,1347,0.27
2024-07-17,AB-,0,2,7,1347,0.04
2024-07-17,B+,1,2,7,1347,1.38
2024-07-17,B-,0,2,7,1347,0.11
2024-07-17,O+,1,2,7,1347,1.21
2024-07-17,O-,0,2,7,1347,0.25
2024-07-18,A+,1,3,7,1348,0.81
2024-07-18,A-,1,3,7,1348,0.42
2024-07-18,AB+,0,3,7,1348,0.19
2024-07-18,AB-,0,3,7,1348,0.02
2024-07-18,B+,2,3,7,1348,1.45
2024-07-18,B-,0,3,7,1348,0.11
2024-07-18,O+,4,3,7,1348,1.47
2024-07-18,O-,0,3,7,1348,0.29
2024-07-19,A+,0,4,7,1349,0.83
2024-07-19,A-,0,4,7,1349,0.36
2024-07-19,AB+,0,4,7,1349,0.2
2024-07-19,AB-,0,4,7,1349,0.03
2024-07-19,B+,2,4,7,1349,1.46
2024-07-19,B-,0,4,7,1349,0.09
2024-07-19,O+,0,4,7,1349,1.19
2024-07-19,O-,0,4,7,1349,0.25
2024-07-20,A+,0,5,7,1350,0.8
2024-07-20,A-,0,5,7,1350,0.25
2024-07-20,AB+,0,5,7,1350,0.17
2024-07-20,AB-,0,5,7,1350,0.0
2024-07-20,B+,2,5,7,1350,1.35
2024-07-20,B-,0,5,7,1350,0.09
2024-07-20,O+,1,5,7,1350,1.28
2024-07-20,O-,0,5,7,1350,0.26
2024-07-21,A+,0,6,7,1351,0.57
2024-07-21,A-,0,6,7,1351,0.18
2024-07-21,AB+,0,6,7,1351,0.1
2024-07-21,AB-,0,6,7,1351,0.01
2024-07-21,B+,0,6,7,1351,1.34
2024-07-21,B-,0,6,7,1351,0.08
2024-07-21,O+,2,6,7,1351,1.35
2024-07-21,O-,0,6,7,1351,0.25
2024-07-22,A+,0,0,7,1352,0.41
2024-07-22,A-,0,0,7,1352,0.17
2024-07-22,AB+,0,0,7,1352,0.01
2024-07-22,AB-,0,0,7,1352,0.01
2024-07-22,B+,2,0,7,1352,1.36
2024-07-22,B-,0,0,7,1352,0.09
2024-07-22,O+,2,0,7,1352,1.52
2024-07-22,O-,0,0,7,1352,0.26
2024-07-23,A+,1,1,7,1353,0.51
2024-07-23,A-,0,1,7,1353,0.19
2024-07-23,AB+,0,1,7,1353,0.04
2024-07-23,AB-,0,1,7,1353,0.02
2024-07-23,B+,1,1,7,1353,1.44
2024-07-23,B-,1,1,7,1353,0.18
2024-07-23,O+,1,1,7,1353,1.6
2024-07-23,O-,0,1,7,1353,0.26
2024-07-24,A+,1,2,7,1354,0.5
2024-07-24,A-,0,2,7,1354,0.19
2024-07-24,AB+,0,2,7,1354,0.03
2024-07-24,AB-,0,2,7,1354,0.02
2024-07-24,B+,1,2,7,1354,1.44
2024-07-24,B-,0,2,7,1354,0.17
2024-07-24,O+,2,2,7,1354,1.76
2024-07-24,O-,0,2,7,1354,0.18
2024-07-25,A+,2,3,7,1355,0.66
2024-07-25,A-,1,3,7,1355,0.28
2024-07-25,AB+,0,3,7,1355,0.04
2024-07-25,AB-,0,3,7,1355,0.04
2024-07-25,B+,1,3,7,1355,1.38
2024-07-25,B-,0,3,7,1355,0.19
2024-07-25,O+,1,3,7,1355,1.76
2024-07-25,O-,0,3,7,1355,0.18
2024-07-26,A+,2,4,7,1356,0.81
2024-07-26,A-,0,4,7,1356,0.26
2024-07-26,AB+,0,4,7,1356,0.03
2024-07-26,AB-,0,4,7,1356,0.02
2024-07-26,B+,0,4,7,1356,1.28
2024-07-26,B-,0,4,7,1356,0.17
2024-07-26,O+,1,4,7,1356,1.83
2024-07-26,O-,0,4,7,1356,0.09
2024-07-27,A+,0,5,7,1357,0.71
2024-07-27,A-,0,5,7,1357,0.16
2024-07-27,AB+,0,5,7,1357,0.01
2024-07-27,AB-,0,5,7,1357,0.01
2024-07-27,B+,1,5,7,1357,1.35
2024-07-27,B-,0,5,7,1357,0.16
2024-07-27,O+,2,5,7,1357,1.59
2024-07-27,O-,1,5,7,1357,0.19
2024-07-28,A+,0,6,7,1358,0.74
2024-07-28,A-,0,6,7,1358,0.19
2024-07-28,AB+,0,6,7,1358,0.03
2024-07-28,AB-,0,6,7,1358,0.02
2024-07-28,B+,4,6,7,1358,1.62
2024-07-28,B-,0,6,7,1358,0.19
2024-07-28,O+,1,6,7,1358,1.69
2024-07-28,O-,0,6,7,1358,0.19
2024-07-29,A+,0,0,7,1359,0.74
2024-07-29,A-,0,0,7,1359,0.19
2024-07-29,AB+,0,0,7,1359,0.04
2024-07-29,AB-,0,0,7,1359,0.01
2024-07-29,B+,1,0,7,1359,1.43
2024-07-29,B-,1,0,7,1359,0.17
2024-07-29,O+,2,0,7,1359,1.76
2024-07-29,O-,0,0,7,1359,0.19
2024-07-30,A+,1,1,7,1360,0.82
2024-07-30,A-,0,1,7,1360,0.19
2024-07-30,AB+,0,1,7,1360,0.04
2024-07-30,AB-,0,1,7,1360,0.03
2024-07-30,B+,2,1,7,1360,1.61
2024-07-30,B-,0,1,7,1360,0.18
2024-07-30,O+,0,1,7,1360,1.59
2024-07-30,O-,0,1,7,1360,0.09
2024-07-31,A+,1,2,7,1361,0.73
2024-07-31,A-,0,2,7,1361,0.18
2024-07-31,AB+,0,2,7,1361,0.02
2024-07-31,AB-,0,2,7,1361,0.01
2024-07-31,B+,0,2,7,1361,1.5
2024-07-31,B-,0,2,7,1361,0.16
2024-07-31,O+,1,2,7,1361,1.59
2024-07-31,O-,0,2,7,1361,0.09
2024-08-01,A+,0,3,8,1362,0.64
2024-08-01,A-,1,3,8,1362,0.17
2024-08-01,AB+,1,3,8,1362,0.1
2024-08-01,AB-,0,3,8,1362,0.02
2024-08-01,B+,0,3,8,1362,1.36
2024-08-01,B-,0,3,8,1362,0.17
2024-08-01,O+,2,3,8,1362,1.44
2024-08-01,O-,0,3,8,1362,0.11
2024-08-02,A+,1,4,8,1363,0.74
2024-08-02,A-,0,4,8,1363,0.18
2024-08-02,AB+,0,4,8,1363,0.1
2024-08-02,AB-,0,4,8,1363,0.02
2024-08-02,B+,0,4,8,1363,1.2
2024-08-02,B-,0,4,8,1363,0.16
2024-08-02,O+,0,4,8,1363,1.42
2024-08-02,O-,0,4,8,1363,0.08
2024-08-03,A+,3,5,8,1364,0.96
2024-08-03,A-,1,5,8,1364,0.26
2024-08-03,AB+,0,5,8,1364,0.11
2024-08-03,AB-,0,5,8,1364,0.03
2024-08-03,B+,1,5,8,1364,1.14
2024-08-03,B-,0,5,8,1364,0.19
2024-08-03,O+,2,5,8,1364,1.54
2024-08-03,O-,0,5,8,1364,0.11
2024-08-04,A+,1,6,8,1365,1.05
2024-08-04,A-,0,6,8,1365,0.26
2024-08-04,AB+,0,6,8,1365,0.11
2024-08-04,AB-,0,6,8,1365,0.02
2024-08-04,B+,0,6,8,1365,1.12
2024-08-04,B-,0,6,8,1365,0.16
2024-08-04,O+,1,6,8,1365,1.43
2024-08-04,O-,1,6,8,1365,0.17
2024-08-05,A+,0,0,8,1366,1.04
2024-08-05,A-,1,0,8,1366,0.34
2024-08-05,AB+,0,0,8,1366,0.1
2024-08-05,AB-,0,0,8,1366,0.02
2024-08-05,B+,1,0,8,1366,1.05
2024-08-05,B-,0,0,8,1366,0.18
2024-08-05,O+,3,0,8,1366,1.53
2024-08-05,O-,0,0,8,1366,0.19
2024-08-06,A+,1,1,8,1367,1.06
2024-08-06,A-,0,1,8,1367,0.35
2024-08-06,AB+,0,1,8,1367,0.11
2024-08-06,AB-,0,1,8,1367,0.03
2024-08-06,B+,2,1,8,1367,1.14
2024-08-06,B-,0,1,8,1367,0.1
2024-08-06,O+,0,1,8,1367,1.44
2024-08-06,O-,0,1,8,1367,0.17
2024-08-07,A+,0,2,8,1368,0.96
2024-08-07,A-,0,2,8,1368,0.33
2024-08-07,AB+,0,2,8,1368,0.09
2024-08-07,AB-,0,2,8,1368,0.0
2024-08-07,B+,1,2,8,1368,1.11
2024-08-07,B-,0,2,8,1368,0.09
2024-08-07,O+,1,2,8,1368,1.35
2024-08-07,O-,0,2,8,1368,0.17
2024-08-08,A+,0,3,8,1369,0.8
2024-08-08,A-,0,3,8,1369,0.25
2024-08-08,AB+,0,3,8,1369,0.09
2024-08-08,AB-,0,3,8,1369,0.01
2024-08-08,B+,0,3,8,1369,1.03
2024-08-08,B-,0,3,8,1369,0.08
2024-08-08,O+,3,3,8,1369,1.51
2024-08-08,O-,0,3,8,1369,0.18
2024-08-09,A+,1,4,8,1370,0.74
2024-08-09,A-,0,4,8,1370,0.26
2024-08-09,AB+,0,4,8,1370,0.11
2024-08-09,AB-,0,4,8,1370,0.03
2024-08-09,B+,1,4,8,1370,1.14
2024-08-09,B-,0,4,8,1370,0.09
2024-08-09,O+,1,4,8,1370,1.51
2024-08-09,O-,0,4,8,1370,0.17
2024-08-10,A+,1,5,8,1371,0.81
2024-08-10,A-,0,5,8,1371,0.26
2024-08-10,AB+,0,5,8,1371,0.1
2024-08-10,AB-,0,5,8,1371,0.01
2024-08-10,B+,1,5,8,1371,1.12
2024-08-10,B-,0,5,8,1371,0.09
2024-08-10,O+,0,5,8,1371,1.35
2024-08-10,O-,1,5,8,1371,0.17
2024-08-11,A+,0,6,8,1372,0.8
2024-08-11,A-,0,6,8,1372,0.25
2024-08-11,AB+,0,6,8,1372,0.09
2024-08-11,AB-,0,6,8,1372,0.01
2024-08-11,B+,4,6,8,1372,1.14
2024-08-11,B-,0,6,8,1372,0.11
2024-08-11,O+,1,6,8,1372,1.37
2024-08-11,O-,1,6,8,1372,0.28
2024-08-12,A+,1,0,8,1373,0.91
2024-08-12,A-,0,0,8,1373,0.29
2024-08-12,AB+,0,0,8,1373,0.13
2024-08-12,AB-,0,0,8,1373,0.02
2024-08-12,B+,2,0,8,1373,1.21
2024-08-12,B-,0,0,8,1373,0.03
2024-08-12,O+,4,0,8,1373,1.54
2024-08-12,O-,0,0,8,1373,0.28
2024-08-13,A+,1,1,8,1374,0.91
2024-08-13,A-,0,1,8,1374,0.29
2024-08-13,AB+,0,1,8,1374,0.13
2024-08-13,AB-,0,1,8,1374,0.04
2024-08-13,B+,2,1,8,1374,1.23
2024-08-13,B-,0,1,8,1374,0.02
2024-08-13,O+,0,1,8,1374,1.51
2024-08-13,O-,1,1,8,1374,0.34
2024-08-14,A+,3,2,8,1375,1.06
2024-08-14,A-,0,2,8,1375,0.28
2024-08-14,AB+,0,2,8,1375,0.12
2024-08-14,AB-,0,2,8,1375,0.03
2024-08-14,B+,1,2,8,1375,1.29
2024-08-14,B-,0,2,8,1375,0.04
2024-08-14,O+,1,2,8,1375,1.53
2024-08-14,O-,0,2,8,1375,0.33
2024-08-15,A+,0,3,8,1376,1.04
2024-08-15,A-,0,3,8,1376,0.17
2024-08-15,AB+,1,3,8,1376,0.1
2024-08-15,AB-,0,3,8,1376,0.01
2024-08-15,B+,1,3,8,1376,1.36
2024-08-15,B-,0,3,8,1376,0.01
2024-08-15,O+,1,3,8,1376,1.44
2024-08-15,O-,1,3,8,1376,0.42
2024-08-16,A+,1,4,8,1377,1.06
2024-08-16,A-,0,4,8,1377,0.19
2024-08-16,AB+,0,4,8,1377,0.11
2024-08-16,AB-,0,4,8,1377,0.02
2024-08-16,B+,2,4,8,1377,1.53
2024-08-16,B-,0,4,8,1377,0.03
2024-08-16,O+,0,4,8,1377,1.44
2024-08-16,O-,0,4,8,1377,0.41
2024-08-17,A+,1,5,8,1378,0.89
2024-08-17,A-,0,5,8,1378,0.1
2024-08-17,AB+,0,5,8,1378,0.1
2024-08-17,AB-,0,5,8,1378,0.01
2024-08-17,B+,3,5,8,1378,1.68
2024-08-17,B-,0,5,8,1378,0.03
2024-08-17,O+,3,5,8,1378,1.54
2024-08-17,O-,0,5,8,1378,0.44
2024-08-18,A+,0,6,8,1379,0.83
2024-08-18,A-,0,6,8,1379,0.12
2024-08-18,AB+,0,6,8,1379,0.12
2024-08-18,AB-,0,6,8,1379,0.02
2024-08-18,B+,1,6,8,1379,1.76
2024-08-18,B-,1,6,8,1379,0.09
2024-08-18,O+,2,6,8,1379,1.6
2024-08-18,O-,0,6,8,1379,0.34
2024-08-19,A+,1,0,8,1380,0.9
2024-08-19,A-,0,0,8,1380,0.04
2024-08-19,AB+,0,0,8,1380,0.11
2024-08-19,AB-,0,0,8,1380,0.03
2024-08-19,B+,1,0,8,1380,1.76
2024-08-19,B-,0,0,8,1380,0.09
2024-08-19,O+,4,0,8,1380,1.69
2024-08-19,O-,0,0,8,1380,0.35
2024-08-20,A+,1,1,8,1381,0.91
2024-08-20,A-,0,1,8,1381,0.04
2024-08-20,AB+,0,1,8,1381,0.12
2024-08-20,AB-,0,1,8,1381,0.04
2024-08-20,B+,0,1,8,1381,1.61
2024-08-20,B-,0,1,8,1381,0.09
2024-08-20,O+,1,1,8,1381,1.74
2024-08-20,O-,0,1,8,1381,0.32
2024-08-21,A+,0,2,8,1382,0.87
2024-08-21,A-,0,2,8,1382,0.01
2024-08-21,AB+,0,2,8,1382,0.09
2024-08-21,AB-,0,2,8,1382,0.01
2024-08-21,B+,0,2,8,1382,1.5
2024-08-21,B-,0,2,8,1382,0.08
2024-08-21,O+,1,2,8,1382,1.74
2024-08-21,O-,0,2,8,1382,0.32
2024-08-22,A+,3,3,8,1383,1.13
2024-08-22,A-,0,3,8,1383,0.03
2024-08-22,AB+,0,3,8,1383,0.11
2024-08-22,AB-,0,3,8,1383,0.03
2024-08-22,B+,2,3,8,1383,1.69
2024-08-22,B-,0,3,8,1383,0.11
2024-08-22,O+,4,3,8,1383,1.87
2024-08-22,O-,0,3,8,1383,0.36
2024-08-23,A+,0,4,8,1384,1.06
2024-08-23,A-,0,4,8,1384,0.04
2024-08-23,AB+,0,4,8,1384,0.12
2024-08-23,AB-,0,4,8,1384,0.03
2024-08-23,B+,4,4,8,1384,1.94
2024-08-23,B-,0,4,8,1384,0.11
2024-08-23,O+,2,4,8,1384,1.93
2024-08-23,O-,0,4,8,1384,0.36
2024-08-24,A+,0,5,8,1385,0.99
2024-08-24,A-,0,5,8,1385,0.04
2024-08-24,AB+,0,5,8,1385,0.12
2024-08-24,AB-,0,5,8,1385,0.01
2024-08-24,B+,2,5,8,1385,1.99
2024-08-24,B-,0,5,8,1385,0.09
2024-08-24,O+,0,5,8,1385,1.9
2024-08-24,O-,0,5,8,1385,0.25
2024-08-25,A+,0,6,8,1386,0.96
2024-08-25,A-,0,6,8,1386,0.01
2024-08-25,AB+,1,6,8,1386,0.18
2024-08-25,AB-,0,6,8,1386,0.01
2024-08-25,B+,3,6,8,1386,1.91
2024-08-25,B-,0,6,8,1386,0.11
2024-08-25,O+,0,6,8,1386,1.84
2024-08-25,O-,0,6,8,1386,0.19
2024-08-26,A+,0,0,8,1387,0.89
2024-08-26,A-,0,0,8,1387,0.02
2024-08-26,AB+,0,0,8,1387,0.18
2024-08-26,AB-,0,0,8,1387,0.0
2024-08-26,B+,1,0,8,1387,1.81
2024-08-26,B-,1,0,8,1387,0.17
2024-08-26,O+,2,0,8,1387,1.68
2024-08-26,O-,0,0,8,1387,0.19
2024-08-27,A+,4,1,8,1388,1.16
2024-08-27,A-,0,1,8,1388,0.06
2024-08-27,AB+,0,1,8,1388,0.21
2024-08-27,AB-,0,1,8,1388,0.05
2024-08-27,B+,1,1,8,1388,1.78
2024-08-27,B-,0,1,8,1388,0.19
2024-08-27,O+,1,1,8,1388,1.77
2024-08-27,O-,0,1,8,1388,0.09
2024-08-28,A+,1,2,8,1389,0.96
2024-08-28,A-,0,2,8,1389,0.02
2024-08-28,AB+,1,2,8,1389,0.26
2024-08-28,AB-,0,2,8,1389,0.02
2024-08-28,B+,3,2,8,1389,1.93
2024-08-28,B-,0,2,8,1389,0.19
2024-08-28,O+,0,2,8,1389,1.69
2024-08-28,O-,0,2,8,1389,0.11
2024-08-29,A+,1,3,8,1390,1.06
2024-08-29,A-,0,3,8,1390,0.03
2024-08-29,AB+,0,3,8,1390,0.19
2024-08-29,AB-,0,3,8,1390,0.01
2024-08-29,B+,1,3,8,1390,1.9
2024-08-29,B-,0,3,8,1390,0.17
2024-08-29,O+,2,3,8,1390,1.76
2024-08-29,O-,1,3,8,1390,0.11
2024-08-30,A+,0,4,8,1391,0.97
2024-08-30,A-,0,4,8,1391,0.03
2024-08-30,AB+,0,4,8,1391,0.19
2024-08-30,AB-,0,4,8,1391,0.02
2024-08-30,B+,2,4,8,1391,1.92
2024-08-30,B-,0,4,8,1391,0.18
2024-08-30,O+,4,4,8,1391,2.09
2024-08-30,O-,0,4,8,1391,0.12
2024-08-31,A+,0,5,8,1392,0.91
2024-08-31,A-,0,5,8,1392,0.04
2024-08-31,AB+,0,5,8,1392,0.2
2024-08-31,AB-,0,5,8,1392,0.03
2024-08-31,B+,4,5,8,1392,2.02
2024-08-31,B-,0,5,8,1392,0.19
2024-08-31,O+,2,5,8,1392,2.01
2024-08-31,O-,1,5,8,1392,0.21
2024-09-01,A+,0,6,9,1393,0.91
2024-09-01,A-,0,6,9,1393,0.05
2024-09-01,AB+,0,6,9,1393,0.21
2024-09-01,AB-,0,6,9,1393,0.02
2024-09-01,B+,0,6,9,1393,1.91
2024-09-01,B-,1,6,9,1393,0.17
2024-09-01,O+,2,6,9,1393,1.99
2024-09-01,O-,0,6,9,1393,0.18
2024-09-02,A+,0,0,9,1394,0.81
2024-09-02,A-,0,0,9,1394,0.02
2024-09-02,AB+,1,0,9,1394,0.26
2024-09-02,AB-,1,0,9,1394,0.11
2024-09-02,B+,0,0,9,1394,1.84
2024-09-02,B-,0,0,9,1394,0.17
2024-09-02,O+,1,0,9,1394,1.75
2024-09-02,O-,0,0,9,1394,0.18
2024-09-03,A+,1,1,9,1395,0.81
2024-09-03,A-,0,1,9,1395,0.02
2024-09-03,AB+,0,1,9,1395,0.25
2024-09-03,AB-,0,1,9,1395,0.09
2024-09-03,B+,2,1,9,1395,1.99
2024-09-03,B-,0,1,9,1395,0.18
2024-09-03,O+,2,1,9,1395,1.84
2024-09-03,O-,0,1,9,1395,0.19
2024-09-04,A+,0,2,9,1396,0.81
2024-09-04,A-,1,2,9,1396,0.11
2024-09-04,AB+,0,2,9,1396,0.27
2024-09-04,AB-,0,2,9,1396,0.1
2024-09-04,B+,1,2,9,1396,2.07
2024-09-04,B-,0,2,9,1396,0.17
2024-09-04,O+,0,2,9,1396,1.74
2024-09-04,O-,0,2,9,1396,0.17
2024-09-05,A+,0,3,9,1397,0.56
2024-09-05,A-,0,3,9,1397,0.09
2024-09-05,AB+,0,3,9,1397,0.24
2024-09-05,AB-,0,3,9,1397,0.08
2024-09-05,B+,2,3,9,1397,2.06
2024-09-05,B-,0,3,9,1397,0.17
2024-09-05,O+,1,3,9,1397,1.51
2024-09-05,O-,0,3,9,1397,0.18
2024-09-06,A+,3,4,9,1398,0.83
2024-09-06,A-,0,4,9,1398,0.12
2024-09-06,AB+,0,4,9,1398,0.28
2024-09-06,AB-,0,4,9,1398,0.11
2024-09-06,B+,2,4,9,1398,1.93
2024-09-06,B-,1,4,9,1398,0.28
2024-09-06,O+,2,4,9,1398,1.55
2024-09-06,O-,1,4,9,1398,0.28
2024-09-07,A+,2,5,9,1399,1.0
2024-09-07,A-,0,5,9,1399,0.14
2024-09-07,AB+,0,5,9,1399,0.29
2024-09-07,AB-,1,5,9,1399,0.21
2024-09-07,B+,0,5,9,1399,1.77
2024-09-07,B-,0,5,9,1399,0.26
2024-09-07,O+,1,5,9,1399,1.6
2024-09-07,O-,0,5,9,1399,0.25
2024-09-08,A+,0,6,9,1400,0.96
2024-09-08,A-,0,6,9,1400,0.09
2024-09-08,AB+,0,6,9,1400,0.16
2024-09-08,AB-,0,6,9,1400,0.16
2024-09-08,B+,2,6,9,1400,1.67
2024-09-08,B-,0,6,9,1400,0.25
2024-09-08,O+,0,6,9,1400,1.59
2024-09-08,O-,0,6,9,1400,0.25
2024-09-09,A+,2,0,9,1401,1.13
2024-09-09,A-,0,0,9,1401,0.11
2024-09-09,AB+,0,0,9,1401,0.19
2024-09-09,AB-,0,0,9,1401,0.17
2024-09-09,B+,1,0,9,1401,1.67
2024-09-09,B-,0,0,9,1401,0.18
2024-09-09,O+,1,0,9,1401,1.52
2024-09-09,O-,1,0,9,1401,0.34
2024-09-10,A+,2,1,9,1402,0.98
2024-09-10,A-,0,1,9,1402,0.11
2024-09-10,AB+,0,1,9,1402,0.19
2024-09-10,AB-,0,1,9,1402,0.19
2024-09-10,B+,2,1,9,1402,1.77
2024-09-10,B-,0,1,9,1402,0.19
2024-09-10,O+,0,1,9,1402,1.44
2024-09-10,O-,1,1,9,1402,0.41
2024-09-11,A+,2,2,9,1403,1.06
2024-09-11,A-,0,2,9,1403,0.11
2024-09-11,AB+,0,2,9,1403,0.11
2024-09-11,AB-,0,2,9,1403,0.18
2024-09-11,B+,2,2,9,1403,1.69
2024-09-11,B-,0,2,9,1403,0.19
2024-09-11,O+,1,2,9,1403,1.53
2024-09-11,O-,0,2,9,1403,0.41
2024-09-12,A+,3,3,9,1404,1.22
2024-09-12,A-,0,3,9,1404,0.12
2024-09-12,AB+,0,3,9,1404,0.12
2024-09-12,AB-,0,3,9,1404,0.19
2024-09-12,B+,0,3,9,1404,1.6
2024-09-12,B-,0,3,9,1404,0.18
2024-09-12,O+,0,3,9,1404,1.36
2024-09-12,O-,0,3,9,1404,0.31
2024-09-13,A+,1,4,9,1405,1.26
2024-09-13,A-,0,4,9,1405,0.09
2024-09-13,AB+,0,4,9,1405,0.09
2024-09-13,AB-,0,4,9,1405,0.16
2024-09-13,B+,1,4,9,1405,1.51
2024-09-13,B-,0,4,9,1405,0.17
2024-09-13,O+,3,4,9,1405,1.29
2024-09-13,O-,0,4,9,1405,0.34
2024-09-14,A+,1,5,9,1406,1.37
2024-09-14,A-,0,5,9,1406,0.11
2024-09-14,AB+,0,5,9,1406,0.11
2024-09-14,AB-,0,5,9,1406,0.19
2024-09-14,B+,1,5,9,1406,1.29
2024-09-14,B-,2,5,9,1406,0.34
2024-09-14,O+,3,5,9,1406,1.39
2024-09-14,O-,0,5,9,1406,0.28
2024-09-15,A+,0,6,9,1407,1.38
2024-09-15,A-,0,6,9,1407,0.12
2024-09-15,AB+,0,6,9,1407,0.12
2024-09-15,AB-,0,6,9,1407,0.19
2024-09-15,B+,2,6,9,1407,1.45
2024-09-15,B-,0,6,9,1407,0.25
2024-09-15,O+,2,6,9,1407,1.36
2024-09-15,O-,0,6,9,1407,0.26
2024-09-16,A+,1,0,9,1408,1.45
2024-09-16,A-,0,0,9,1408,0.11
2024-09-16,AB+,0,0,9,1408,0.04
2024-09-16,AB-,0,0,9,1408,0.1
2024-09-16,B+,2,0,9,1408,1.61
2024-09-16,B-,0,0,9,1408,0.26
2024-09-16,O+,1,0,9,1408,1.36
2024-09-16,O-,0,0,9,1408,0.26
2024-09-17,A+,0,1,9,1409,1.36
2024-09-17,A-,0,1,9,1409,0.1
2024-09-17,AB+,0,1,9,1409,0.02
2024-09-17,AB-,0,1,9,1409,0.09
2024-09-17,B+,0,1,9,1409,1.42
2024-09-17,B-,0,1,9,1409,0.24
2024-09-17,O+,1,1,9,1409,1.26
2024-09-17,O-,0,1,9,1409,0.24
2024-09-18,A+,1,2,9,1410,1.43
2024-09-18,A-,0,2,9,1410,0.01
2024-09-18,AB+,1,2,9,1410,0.1
2024-09-18,AB-,0,2,9,1410,0.1
2024-09-18,B+,1,2,9,1410,1.44
2024-09-18,B-,0,2,9,1410,0.26
2024-09-18,O+,1,2,9,1410,1.36
2024-09-18,O-,0,2,9,1410,0.26
2024-09-19,A+,0,3,9,1411,1.44
2024-09-19,A-,0,3,9,1411,0.01
2024-09-19,AB+,0,3,9,1411,0.09
2024-09-19,AB-,0,3,9,1411,0.09
2024-09-19,B+,1,3,9,1411,1.35
2024-09-19,B-,0,3,9,1411,0.24
2024-09-19,O+,4,3,9,1411,1.61
2024-09-19,O-,0,3,9,1411,0.27
2024-09-20,A+,1,4,9,1412,1.3
2024-09-20,A-,0,4,9,1412,0.04
2024-09-20,AB+,0,4,9,1412,0.12
2024-09-20,AB-,1,4,9,1412,0.2
2024-09-20,B+,1,4,9,1412,1.31
2024-09-20,B-,1,4,9,1412,0.26
2024-09-20,O+,1,4,9,1412,1.53
2024-09-20,O-,0,4,9,1412,0.19
2024-09-21,A+,3,5,9,1413,1.39
2024-09-21,A-,0,5,9,1413,0.05
2024-09-21,AB+,0,5,9,1413,0.12
2024-09-21,AB-,0,5,9,1413,0.11
2024-09-21,B+,1,5,9,1413,1.37
2024-09-21,B-,0,5,9,1413,0.26
2024-09-21,O+,1,5,9,1413,1.53
2024-09-21,O-,0,5,9,1413,0.17
2024-09-22,A+,1,6,9,1414,1.44
2024-09-22,A-,0,6,9,1414,0.02
2024-09-22,AB+,0,6,9,1414,0.1
2024-09-22,AB-,0,6,9,1414,0.09
2024-09-22,B+,2,6,9,1414,1.36
2024-09-22,B-,0,6,9,1414,0.26
2024-09-22,O+,2,6,9,1414,1.69
2024-09-22,O-,1,6,9,1414,0.27
2024-09-23,A+,2,0,9,1415,1.46
2024-09-23,A-,0,0,9,1415,0.05
2024-09-23,AB+,0,0,9,1415,0.13
2024-09-23,AB-,0,0,9,1415,0.11
2024-09-23,B+,0,0,9,1415,1.29
2024-09-23,B-,0,0,9,1415,0.26
2024-09-23,O+,3,0,9,1415,1.84
2024-09-23,O-,0,0,9,1415,0.18
2024-09-24,A+,0,1,9,1416,1.28
2024-09-24,A-,0,1,9,1416,0.02
2024-09-24,AB+,0,1,9,1416,0.1
2024-09-24,AB-,0,1,9,1416,0.1
2024-09-24,B+,0,1,9,1416,1.12
2024-09-24,B-,0,1,9,1416,0.24
2024-09-24,O+,3,1,9,1416,2.06
2024-09-24,O-,0,1,9,1416,0.1
2024-09-25,A+,1,2,9,1417,1.21
2024-09-25,A-,0,2,9,1417,0.03
2024-09-25,AB+,0,2,9,1417,0.11
2024-09-25,AB-,0,2,9,1417,0.11
2024-09-25,B+,3,2,9,1417,1.23
2024-09-25,B-,0,2,9,1417,0.26
2024-09-25,O+,1,2,9,1417,2.08
2024-09-25,O-,0,2,9,1417,0.11
2024-09-26,A+,0,3,9,1418,0.97
2024-09-26,A-,0,3,9,1418,0.03
2024-09-26,AB+,0,3,9,1418,0.11
2024-09-26,AB-,0,3,9,1418,0.09
2024-09-26,B+,1,3,9,1418,1.27
2024-09-26,B-,0,3,9,1418,0.24
2024-09-26,O+,3,3,9,1418,2.31
2024-09-26,O-,0,3,9,1418,0.11
2024-09-27,A+,0,4,9,1419,0.89
2024-09-27,A-,0,4,9,1419,0.03
2024-09-27,AB+,0,4,9,1419,0.11
2024-09-27,AB-,0,4,9,1419,0.1
2024-09-27,B+,5,4,9,1419,1.63
2024-09-27,B-,0,4,9,1419,0.27
2024-09-27,O+,1,4,9,1419,2.16
2024-09-27,O-,0,4,9,1419,0.12
2024-09-28,A+,0,5,9,1420,0.83
2024-09-28,A-,1,5,9,1420,0.13
2024-09-28,AB+,0,5,9,1420,0.13
2024-09-28,AB-,0,5,9,1420,0.09
2024-09-28,B+,3,5,9,1420,1.76
2024-09-28,B-,0,5,9,1420,0.11
2024-09-28,O+,2,5,9,1420,2.09
2024-09-28,O-,1,5,9,1420,0.21
2024-09-29,A+,1,6,9,1421,0.91
2024-09-29,A-,0,6,9,1421,0.13
2024-09-29,AB+,0,6,9,1421,0.13
2024-09-29,AB-,0,6,9,1421,0.11
2024-09-29,B+,2,6,9,1421,1.77
2024-09-29,B-,0,6,9,1421,0.11
2024-09-29,O+,4,6,9,1421,2.25
2024-09-29,O-,0,6,9,1421,0.2
2024-09-30,A+,0,0,9,1422,0.83
2024-09-30,A-,0,0,9,1422,0.12
2024-09-30,AB+,0,0,9,1422,0.12
2024-09-30,AB-,0,0,9,1422,0.11
2024-09-30,B+,1,0,9,1422,1.69
2024-09-30,B-,0,0,9,1422,0.09
2024-09-30,O+,2,0,9,1422,2.3
2024-09-30,O-,0,0,9,1422,0.18
2024-10-01,A+,2,1,10,1423,0.98
2024-10-01,A-,0,1,10,1423,0.11
2024-10-01,AB+,1,1,10,1423,0.2
2024-10-01,AB-,0,1,10,1423,0.11
2024-10-01,B+,1,1,10,1423,1.77
2024-10-01,B-,0,1,10,1423,0.11
2024-10-01,O+,1,1,10,1423,2.31
2024-10-01,O-,0,1,10,1423,0.18
2024-10-02,A+,0,2,10,1424,0.89
2024-10-02,A-,1,2,10,1424,0.18
2024-10-02,AB+,1,2,10,1424,0.19
2024-10-02,AB-,0,2,10,1424,0.1
2024-10-02,B+,1,2,10,1424,1.76
2024-10-02,B-,2,2,10,1424,0.27
2024-10-02,O+,1,2,10,1424,2.32
2024-10-02,O-,0,2,10,1424,0.2
2024-10-03,A+,0,3,10,1425,0.9
2024-10-03,A-,0,3,10,1425,0.19
2024-10-03,AB+,1,3,10,1425,0.27
2024-10-03,AB-,0,3,10,1425,0.11
2024-10-03,B+,1,3,10,1425,1.75
2024-10-03,B-,0,3,10,1425,0.25
2024-10-03,O+,6,3,10,1425,2.49
2024-10-03,O-,0,3,10,1425,0.21
2024-10-04,A+,2,4,10,1426,1.01
2024-10-04,A-,0,4,10,1426,0.22
2024-10-04,AB+,0,4,10,1426,0.3
2024-10-04,AB-,0,4,10,1426,0.06
2024-10-04,B+,0,4,10,1426,1.71
2024-10-04,B-,0,4,10,1426,0.17
2024-10-04,O+,3,4,10,1426,2.63
2024-10-04,O-,0,4,10,1426,0.18
2024-10-05,A+,1,5,10,1427,0.81
2024-10-05,A-,1,5,10,1427,0.27
2024-10-05,AB+,0,5,10,1427,0.27
2024-10-05,AB-,0,5,10,1427,0.04
2024-10-05,B+,2,5,10,1427,1.78
2024-10-05,B-,0,5,10,1427,0.19
2024-10-05,O+,1,5,10,1427,2.63
2024-10-05,O-,0,5,10,1427,0.19
2024-10-06,A+,1,6,10,1428,0.81
2024-10-06,A-,0,6,10,1428,0.26
2024-10-06,AB+,0,6,10,1428,0.26
2024-10-06,AB-,0,6,10,1428,0.01
2024-10-06,B+,1,6,10,1428,1.67
2024-10-06,B-,0,6,10,1428,0.17
2024-10-06,O+,1,6,10,1428,2.54
2024-10-06,O-,0,6,10,1428,0.09
2024-10-07,A+,0,0,10,1429,0.64
2024-10-07,A-,0,0,10,1429,0.25
2024-10-07,AB+,0,0,10,1429,0.25
2024-10-07,AB-,0,0,10,1429,0.01
2024-10-07,B+,1,0,10,1429,1.74
2024-10-07,B-,0,0,10,1429,0.16
2024-10-07,O+,0,0,10,1429,2.29
2024-10-07,O-,0,0,10,1429,0.09
2024-10-08,A+,0,1,10,1430,0.64
2024-10-08,A-,0,1,10,1430,0.24
2024-10-08,AB+,1,1,10,1430,0.33
2024-10-08,AB-,0,1,10,1430,0.01
2024-10-08,B+,4,1,10,1430,2.08
2024-10-08,B-,0,1,10,1430,0.19
2024-10-08,O+,2,1,10,1430,2.25
2024-10-08,O-,0,1,10,1430,0.13
2024-10-09,A+,0,2,10,1431,0.6
2024-10-09,A-,0,2,10,1431,0.28
2024-10-09,AB+,0,2,10,1431,0.36
2024-10-09,AB-,0,2,10,1431,0.01
2024-10-09,B+,3,2,10,1431,2.08
2024-10-09,B-,0,2,10,1431,0.18
2024-10-09,O+,4,2,10,1431,2.49
2024-10-09,O-,0,2,10,1431,0.13
2024-10-10,A+,0,3,10,1432,0.6
2024-10-10,A-,0,3,10,1432,0.29
2024-10-10,AB+,0,3,10,1432,0.36
2024-10-10,AB-,0,3,10,1432,0.03
2024-10-10,B+,3,3,10,1432,2.25
2024-10-10,B-,0,3,10,1432,0.18
2024-10-10,O+,0,3,10,1432,2.22
2024-10-10,O-,0,3,10,1432,0.1
2024-10-11,A+,2,4,10,1433,0.74
2024-10-11,A-,0,4,10,1433,0.27
2024-10-11,AB+,0,4,10,1433,0.35
2024-10-11,AB-,0,4,10,1433,0.01
2024-10-11,B+,0,4,10,1433,1.82
2024-10-11,B-,0,4,10,1433,0.17
2024-10-11,O+,0,4,10,1433,2.14
2024-10-11,O-,0,4,10,1433,0.08
2024-10-12,A+,1,5,10,1434,0.79
2024-10-12,A-,0,5,10,1434,0.16
2024-10-12,AB+,0,5,10,1434,0.32
2024-10-12,AB-,0,5,10,1434,0.01
2024-10-12,B+,0,5,10,1434,1.58
2024-10-12,B-,0,5,10,1434,0.16
2024-10-12,O+,3,5,10,1434,2.23
2024-10-12,O-,0,5,10,1434,0.02
2024-10-13,A+,0,6,10,1435,0.73
2024-10-13,A-,0,6,10,1435,0.18
2024-10-13,AB+,1,6,10,1435,0.42
2024-10-13,AB-,0,6,10,1435,0.03
2024-10-13,B+,2,6,10,1435,1.61
2024-10-13,B-,0,6,10,1435,0.18
2024-10-13,O+,6,6,10,1435,2.42
2024-10-13,O-,1,6,10,1435,0.15
2024-10-14,A+,0,0,10,1436,0.78
2024-10-14,A-,0,0,10,1436,0.22
2024-10-14,AB+,0,0,10,1436,0.46
2024-10-14,AB-,0,0,10,1436,0.05
2024-10-14,B+,2,0,10,1436,1.71
2024-10-14,B-,0,0,10,1436,0.18
2024-10-14,O+,2,0,10,1436,2.39
2024-10-14,O-,1,0,10,1436,0.19
2024-10-15,A+,2,1,10,1437,0.76
2024-10-15,A-,0,1,10,1437,0.21
2024-10-15,AB+,1,1,10,1437,0.45
2024-10-15,AB-,0,1,10,1437,0.04
2024-10-15,B+,2,1,10,1437,1.79
2024-10-15,B-,0,1,10,1437,0.2
2024-10-15,O+,1,1,10,1437,2.4
2024-10-15,O-,0,1,10,1437,0.19
2024-10-16,A+,1,2,10,1438,0.82
2024-10-16,A-,0,2,10,1438,0.11
2024-10-16,AB+,0,2,10,1438,0.34
2024-10-16,AB-,0,2,10,1438,0.01
2024-10-16,B+,3,2,10,1438,1.92
2024-10-16,B-,0,2,10,1438,0.03
2024-10-16,O+,2,2,10,1438,2.48
2024-10-16,O-,0,2,10,1438,0.19
2024-10-17,A+,0,3,10,1439,0.82
2024-10-17,A-,0,3,10,1439,0.11
2024-10-17,AB+,0,3,10,1439,0.27
2024-10-17,AB-,0,3,10,1439,0.01
2024-10-17,B+,3,3,10,1439,2.08
2024-10-17,B-,0,3,10,1439,0.02
2024-10-17,O+,1,3,10,1439,2.07
2024-10-17,O-,0,3,10,1439,0.19
2024-10-18,A+,0,4,10,1440,0.66
2024-10-18,A-,0,4,10,1440,0.11
2024-10-18,AB+,0,4,10,1440,0.26
2024-10-18,AB-,0,4,10,1440,0.01
2024-10-18,B+,1,4,10,1440,2.14
2024-10-18,B-,0,4,10,1440,0.01
2024-10-18,O+,1,4,10,1440,1.9
2024-10-18,O-,1,4,10,1440,0.26
2024-10-19,A+,1,5,10,1441,0.66
2024-10-19,A-,0,5,10,1441,0.03
2024-10-19,AB+,0,5,10,1441,0.26
2024-10-19,AB-,0,5,10,1441,0.02
2024-10-19,B+,2,5,10,1441,2.16
2024-10-19,B-,0,5,10,1441,0.03
2024-10-19,O+,1,5,10,1441,1.91
2024-10-19,O-,0,5,10,1441,0.26
2024-10-20,A+,1,6,10,1442,0.66
2024-10-20,A-,0,6,10,1442,0.03
2024-10-20,AB+,0,6,10,1442,0.26
2024-10-20,AB-,0,6,10,1442,0.01
2024-10-20,B+,1,6,10,1442,2.14
2024-10-20,B-,0,6,10,1442,0.01
2024-10-20,O+,2,6,10,1442,1.99
2024-10-20,O-,1,6,10,1442,0.34
2024-10-21,A+,0,0,10,1443,0.66
2024-10-21,A-,0,0,10,1443,0.03
2024-10-21,AB+,1,0,10,1443,0.35
2024-10-21,AB-,0,0,10,1443,0.03
2024-10-21,B+,1,0,10,1443,2.16
2024-10-21,B-,0,0,10,1443,0.02
2024-10-21,O+,0,0,10,1443,1.98
2024-10-21,O-,0,0,10,1443,0.33
2024-10-22,A+,0,1,10,1444,0.64
2024-10-22,A-,0,1,10,1444,0.01
2024-10-22,AB+,0,1,10,1444,0.24
2024-10-22,AB-,0,1,10,1444,0.0
2024-10-22,B+,2,1,10,1444,1.98
2024-10-22,B-,0,1,10,1444,0.01
2024-10-22,O+,2,1,10,1444,1.99
2024-10-22,O-,0,1,10,1444,0.34
2024-10-23,A+,1,2,10,1445,0.74
2024-10-23,A-,0,2,10,1445,0.04
2024-10-23,AB+,1,2,10,1445,0.36
2024-10-23,AB-,0,2,10,1445,0.03
2024-10-23,B+,2,2,10,1445,1.93
2024-10-23,B-,0,2,10,1445,0.03
2024-10-23,O+,3,2,10,1445,1.94
2024-10-23,O-,0,2,10,1445,0.36
2024-10-24,A+,0,3,10,1446,0.75
2024-10-24,A-,1,3,10,1446,0.12
2024-10-24,AB+,1,3,10,1446,0.44
2024-10-24,AB-,0,3,10,1446,0.04
2024-10-24,B+,2,3,10,1446,1.86
2024-10-24,B-,0,3,10,1446,0.03
2024-10-24,O+,4,3,10,1446,2.26
2024-10-24,O-,0,3,10,1446,0.37
2024-10-25,A+,1,4,10,1447,0.69
2024-10-25,A-,0,4,10,1447,0.13
2024-10-25,AB+,0,4,10,1447,0.44
2024-10-25,AB-,1,4,10,1447,0.12
2024-10-25,B+,4,4,10,1447,2.19
2024-10-25,B-,0,4,10,1447,0.04
2024-10-25,O+,2,4,10,1447,2.41
2024-10-25,O-,1,4,10,1447,0.45
2024-10-26,A+,0,5,10,1448,0.61
2024-10-26,A-,0,5,10,1448,0.14
2024-10-26,AB+,1,5,10,1448,0.53
2024-10-26,AB-,0,5,10,1448,0.11
2024-10-26,B+,3,5,10,1448,2.41
2024-10-26,B-,0,5,10,1448,0.04
2024-10-26,O+,4,5,10,1448,2.49
2024-10-26,O-,0,5,10,1448,0.45
2024-10-27,A+,1,6,10,1449,0.69
2024-10-27,A-,0,6,10,1449,0.14
2024-10-27,AB+,0,6,10,1449,0.45
2024-10-27,AB-,0,6,10,1449,0.11
2024-10-27,B+,4,6,10,1449,2.58
2024-10-27,B-,0,6,10,1449,0.04
2024-10-27,O+,2,6,10,1449,2.17
2024-10-27,O-,0,6,10,1449,0.36
2024-10-28,A+,0,0,10,1450,0.67
2024-10-28,A-,0,0,10,1450,0.12
2024-10-28,AB+,1,0,10,1450,0.52
2024-10-28,AB-,0,0,10,1450,0.1
2024-10-28,B+,2,0,10,1450,2.55
2024-10-28,B-,0,0,10,1450,0.02
2024-10-28,O+,3,0,10,1450,2.24
2024-10-28,O-,0,0,10,1450,0.28
2024-10-29,A+,2,1,10,1451,0.69
2024-10-29,A-,0,1,10,1451,0.13
2024-10-29,AB+,0,1,10,1451,0.44
2024-10-29,AB-,0,1,10,1451,0.11
2024-10-29,B+,2,1,10,1451,2.56
2024-10-29,B-,0,1,10,1451,0.03
2024-10-29,O+,2,1,10,1451,2.32
2024-10-29,O-,0,1,10,1451,0.26
2024-10-30,A+,1,2,10,1452,0.66
2024-10-30,A-,0,2,10,1452,0.11
2024-10-30,AB+,0,2,10,1452,0.43
2024-10-30,AB-,0,2,10,1452,0.1
2024-10-30,B+,2,2,10,1452,2.47
2024-10-30,B-,0,2,10,1452,0.02
2024-10-30,O+,2,2,10,1452,2.31
2024-10-30,O-,0,2,10,1452,0.26
2024-10-31,A+,0,3,10,1453,0.66
2024-10-31,A-,0,3,10,1453,0.11
2024-10-31,AB+,1,3,10,1453,0.51
2024-10-31,AB-,0,3,10,1453,0.1
2024-10-31,B+,2,3,10,1453,2.39
2024-10-31,B-,3,3,10,1453,0.28
2024-10-31,O+,0,3,10,1453,2.24
2024-10-31,O-,3,3,10,1453,0.54
2024-11-01,A+,2,4,11,1454,0.86
2024-11-01,A-,0,4,11,1454,0.15
2024-11-01,AB+,0,4,11,1454,0.54
2024-11-01,AB-,0,4,11,1454,0.14
2024-11-01,B+,1,4,11,1454,2.4
2024-11-01,B-,0,4,11,1454,0.28
2024-11-01,O+,2,4,11,1454,2.31
2024-11-01,O-,0,4,11,1454,0.41
2024-11-02,A+,0,5,11,1455,0.73
2024-11-02,A-,0,5,11,1455,0.1
2024-11-02,AB+,0,5,11,1455,0.49
2024-11-02,AB-,1,5,11,1455,0.18
2024-11-02,B+,0,5,11,1455,2.22
2024-11-02,B-,0,5,11,1455,0.24
2024-11-02,O+,1,5,11,1455,2.29
2024-11-02,O-,0,5,11,1455,0.41
2024-11-03,A+,0,6,11,1456,0.64
2024-11-03,A-,1,6,11,1456,0.18
2024-11-03,AB+,1,6,11,1456,0.57
2024-11-03,AB-,0,6,11,1456,0.18
2024-11-03,B+,1,6,11,1456,2.23
2024-11-03,B-,0,6,11,1456,0.26
2024-11-03,O+,3,6,11,1456,2.4
2024-11-03,O-,1,6,11,1456,0.44
2024-11-04,A+,2,0,11,1457,0.84
2024-11-04,A-,0,0,11,1457,0.21
2024-11-04,AB+,0,0,11,1457,0.52
2024-11-04,AB-,0,0,11,1457,0.2
2024-11-04,B+,2,0,11,1457,2.34
2024-11-04,B-,0,0,11,1457,0.27
2024-11-04,O+,2,0,11,1457,2.56
2024-11-04,O-,0,0,11,1457,0.42
2024-11-05,A+,0,1,11,1458,0.81
2024-11-05,A-,0,1,11,1458,0.19
2024-11-05,AB+,0,1,11,1458,0.5
2024-11-05,AB-,0,1,11,1458,0.17
2024-11-05,B+,1,1,11,1458,2.22
2024-11-05,B-,0,1,11,1458,0.24
2024-11-05,O+,3,1,11,1458,2.62
2024-11-05,O-,0,1,11,1458,0.42
2024-11-06,A+,0,2,11,1459,0.74
2024-11-06,A-,0,2,11,1459,0.19
2024-11-06,AB+,1,2,11,1459,0.51
2024-11-06,AB-,0,2,11,1459,0.19
2024-11-06,B+,1,2,11,1459,2.16
2024-11-06,B-,0,2,11,1459,0.25
2024-11-06,O+,0,2,11,1459,2.37
2024-11-06,O-,0,2,11,1459,0.41
2024-11-07,A+,0,3,11,1460,0.72
2024-11-07,A-,0,3,11,1460,0.09
2024-11-07,AB+,0,3,11,1460,0.4
2024-11-07,AB-,0,3,11,1460,0.16
2024-11-07,B+,3,3,11,1460,2.22
2024-11-07,B-,0,3,11,1460,0.26
2024-11-07,O+,1,3,11,1460,2.15
2024-11-07,O-,0,3,11,1460,0.42
2024-11-08,A+,0,4,11,1461,0.66
2024-11-08,A-,0,4,11,1461,0.11
2024-11-08,AB+,0,4,11,1461,0.42
2024-11-08,AB-,0,4,11,1461,0.09
2024-11-08,B+,2,4,11,1461,2.06
2024-11-08,B-,0,4,11,1461,0.25
2024-11-08,O+,1,4,11,1461,2.06
2024-11-08,O-,1,4,11,1461,0.42
2024-11-09,A+,0,5,11,1462,0.66
2024-11-09,A-,0,5,11,1462,0.11
2024-11-09,AB+,0,5,11,1462,0.34
2024-11-09,AB-,0,5,11,1462,0.09
2024-11-09,B+,2,5,11,1462,1.99
2024-11-09,B-,0,5,11,1462,0.26
2024-11-09,O+,1,5,11,1462,1.83
2024-11-09,O-,0,5,11,1462,0.41
2024-11-10,A+,0,6,11,1463,0.57
2024-11-10,A-,0,6,11,1463,0.1
2024-11-10,AB+,0,6,11,1463,0.34
2024-11-10,AB-,0,6,11,1463,0.09
2024-11-10,B+,3,6,11,1463,1.91
2024-11-10,B-,0,6,11,1463,0.26
2024-11-10,O+,2,6,11,1463,1.84
2024-11-10,O-,0,6,11,1463,0.43
2024-11-11,A+,1,0,11,1464,0.67
2024-11-11,A-,0,0,11,1464,0.12
2024-11-11,AB+,0,0,11,1464,0.28
2024-11-11,AB-,0,0,11,1464,0.1
2024-11-11,B+,3,0,11,1464,2.01
2024-11-11,B-,0,0,11,1464,0.26
2024-11-11,O+,0,0,11,1464,1.6
2024-11-11,O-,0,0,11,1464,0.41
2024-11-12,A+,0,1,11,1465,0.49
2024-11-12,A-,0,1,11,1465,0.1
2024-11-12,AB+,0,1,11,1465,0.26
2024-11-12,AB-,0,1,11,1465,0.08
2024-11-12,B+,2,1,11,1465,1.98
2024-11-12,B-,1,1,11,1465,0.34
2024-11-12,O+,6,1,11,1465,1.95
2024-11-12,O-,1,1,11,1465,0.54
2024-11-13,A+,1,2,11,1466,0.55
2024-11-13,A-,0,2,11,1466,0.16
2024-11-13,AB+,0,2,11,1466,0.31
2024-11-13,AB-,0,2,11,1466,0.14
2024-11-13,B+,2,2,11,1466,2.04
2024-11-13,B-,0,2,11,1466,0.34
2024-11-13,O+,1,2,11,1466,1.84
2024-11-13,O-,0,2,11,1466,0.49
2024-11-14,A+,0,3,11,1467,0.49
2024-11-14,A-,0,3,11,1467,0.1
2024-11-14,AB+,1,3,11,1467,0.26
2024-11-14,AB-,0,3,11,1467,0.09
2024-11-14,B+,3,3,11,1467,2.08
2024-11-14,B-,0,3,11,1467,0.11
2024-11-14,O+,4,3,11,1467,2.18
2024-11-14,O-,0,3,11,1467,0.29
2024-11-15,A+,2,4,11,1468,0.54
2024-11-15,A-,0,4,11,1468,0.14
2024-11-15,AB+,0,4,11,1468,0.3
2024-11-15,AB-,0,4,11,1468,0.12
2024-11-15,B+,2,4,11,1468,2.18
2024-11-15,B-,0,4,11,1468,0.11
2024-11-15,O+,1,4,11,1468,2.08
2024-11-15,O-,0,4,11,1468,0.26
2024-11-16,A+,2,5,11,1469,0.66
2024-11-16,A-,1,5,11,1469,0.2
2024-11-16,AB+,0,5,11,1469,0.28
2024-11-16,AB-,0,5,11,1469,0.03
2024-11-16,B+,2,5,11,1469,2.32
2024-11-16,B-,0,5,11,1469,0.11
2024-11-16,O+,0,5,11,1469,2.0
2024-11-16,O-,1,5,11,1469,0.34
2024-11-17,A+,0,6,11,1470,0.65
2024-11-17,A-,0,6,11,1470,0.1
2024-11-17,AB+,0,6,11,1470,0.18
2024-11-17,AB-,0,6,11,1470,0.01
2024-11-17,B+,3,6,11,1470,2.46
2024-11-17,B-,0,6,11,1470,0.11
2024-11-17,O+,2,6,11,1470,1.92
2024-11-17,O-,1,6,11,1470,0.36
2024-11-18,A+,1,0,11,1471,0.6
2024-11-18,A-,0,0,11,1471,0.13
2024-11-18,AB+,0,0,11,1471,0.21
2024-11-18,AB-,0,0,11,1471,0.03
2024-11-18,B+,2,0,11,1471,2.48
2024-11-18,B-,1,0,11,1471,0.19
2024-11-18,O+,2,0,11,1471,1.93
2024-11-18,O-,1,0,11,1471,0.44
2024-11-19,A+,0,1,11,1472,0.59
2024-11-19,A-,0,1,11,1472,0.12
2024-11-19,AB+,0,1,11,1472,0.2
2024-11-19,AB-,0,1,11,1472,0.03
2024-11-19,B+,2,1,11,1472,2.55
2024-11-19,B-,0,1,11,1472,0.18
2024-11-19,O+,2,1,11,1472,1.84
2024-11-19,O-,0,1,11,1472,0.42
2024-11-20,A+,0,2,11,1473,0.58
2024-11-20,A-,0,2,11,1473,0.11
2024-11-20,AB+,2,2,11,1473,0.28
2024-11-20,AB-,0,2,11,1473,0.03
2024-11-20,B+,4,2,11,1473,2.81
2024-11-20,B-,0,2,11,1473,0.2
2024-11-20,O+,4,2,11,1473,2.19
2024-11-20,O-,0,2,11,1473,0.46
2024-11-21,A+,0,3,11,1474,0.62
2024-11-21,A-,0,3,11,1474,0.14
2024-11-21,AB+,0,3,11,1474,0.29
2024-11-21,AB-,0,3,11,1474,0.03
2024-11-21,B+,1,3,11,1474,2.63
2024-11-21,B-,0,3,11,1474,0.16
2024-11-21,O+,1,3,11,1474,2.14
2024-11-21,O-,1,3,11,1474,0.49
2024-11-22,A+,0,4,11,1475,0.57
2024-11-22,A-,1,4,11,1475,0.19
2024-11-22,AB+,0,4,11,1475,0.26
2024-11-22,AB-,0,4,11,1475,0.02
2024-11-22,B+,1,4,11,1475,2.54
2024-11-22,B-,1,4,11,1475,0.26
2024-11-22,O+,2,4,11,1475,2.24
2024-11-22,O-,1,4,11,1475,0.51
2024-11-23,A+,0,5,11,1476,0.59
2024-11-23,A-,0,5,11,1476,0.19
2024-11-23,AB+,3,5,11,1476,0.53
2024-11-23,AB-,0,5,11,1476,0.05
2024-11-23,B+,3,5,11,1476,2.66
2024-11-23,B-,0,5,11,1476,0.29
2024-11-23,O+,1,5,11,1476,2.25
2024-11-23,O-,0,5,11,1476,0.52
2024-11-24,A+,0,6,11,1477,0.6
2024-11-24,A-,0,6,11,1477,0.19
2024-11-24,AB+,0,6,11,1477,0.5
2024-11-24,AB-,0,6,11,1477,0.01
2024-11-24,B+,1,6,11,1477,2.45
2024-11-24,B-,0,6,11,1477,0.24
2024-11-24,O+,1,6,11,1477,2.14
2024-11-24,O-,0,6,11,1477,0.49
2024-11-25,A+,2,0,11,1478,0.66
2024-11-25,A-,0,0,11,1478,0.19
2024-11-25,AB+,0,0,11,1478,0.5
2024-11-25,AB-,0,0,11,1478,0.02
2024-11-25,B+,3,0,11,1478,2.48
2024-11-25,B-,0,0,11,1478,0.27
2024-11-25,O+,2,0,11,1478,2.33
2024-11-25,O-,0,0,11,1478,0.51
2024-11-26,A+,2,1,11,1479,0.84
2024-11-26,A-,0,1,11,1479,0.21
2024-11-26,AB+,0,1,11,1479,0.52
2024-11-26,AB-,0,1,11,1479,0.03
2024-11-26,B+,3,1,11,1479,2.56
2024-11-26,B-,0,1,11,1479,0.19
2024-11-26,O+,2,1,11,1479,2.01
2024-11-26,O-,0,1,11,1479,0.43
2024-11-27,A+,3,2,11,1480,1.0
2024-11-27,A-,0,2,11,1480,0.21
2024-11-27,AB+,1,2,11,1480,0.61
2024-11-27,AB-,0,2,11,1480,0.04
2024-11-27,B+,2,2,11,1480,2.57
2024-11-27,B-,0,2,11,1480,0.2
2024-11-27,O+,1,2,11,1480,2.01
2024-11-27,O-,2,2,11,1480,0.59
2024-11-28,A+,0,3,11,1481,0.99
2024-11-28,A-,0,3,11,1481,0.19
2024-11-28,AB+,0,3,11,1481,0.51
2024-11-28,AB-,0,3,11,1481,0.02
2024-11-28,B+,2,3,11,1481,2.47
2024-11-28,B-,0,3,11,1481,0.19
2024-11-28,O+,3,3,11,1481,1.92
2024-11-28,O-,0,3,11,1481,0.59
2024-11-29,A+,0,4,11,1482,0.82
2024-11-29,A-,0,4,11,1482,0.19
2024-11-29,AB+,0,4,11,1482,0.51
2024-11-29,AB-,0,4,11,1482,0.02
2024-11-29,B+,2,4,11,1482,2.47
2024-11-29,B-,0,4,11,1482,0.17
2024-11-29,O+,2,4,11,1482,1.99
2024-11-29,O-,0,4,11,1482,0.58
2024-11-30,A+,2,5,11,1483,0.83
2024-11-30,A-,0,5,11,1483,0.12
2024-11-30,AB+,0,5,11,1483,0.51
2024-11-30,AB-,0,5,11,1483,0.03
2024-11-30,B+,4,5,11,1483,2.65
2024-11-30,B-,0,5,11,1483,0.2
2024-11-30,O+,0,5,11,1483,2.01
2024-11-30,O-,0,5,11,1483,0.5
2024-12-01,A+,0,6,12,1484,0.81
2024-12-01,A-,0,6,12,1484,0.11
2024-12-01,AB+,0,6,12,1484,0.5
2024-12-01,AB-,0,6,12,1484,0.0
2024-12-01,B+,2,6,12,1484,2.53
2024-12-01,B-,0,6,12,1484,0.17
2024-12-01,O+,3,6,12,1484,2.08
2024-12-01,O-,0,6,12,1484,0.43
2024-12-02,A+,1,0,12,1485,0.83
2024-12-02,A-,0,0,12,1485,0.12
2024-12-02,AB+,0,0,12,1485,0.51
2024-12-02,AB-,0,0,12,1485,0.03
2024-12-02,B+,3,0,12,1485,2.64
2024-12-02,B-,1,0,12,1485,0.19
2024-12-02,O+,1,0,12,1485,2.01
2024-12-02,O-,1,0,12,1485,0.44
2024-12-03,A+,0,1,12,1486,0.83
2024-12-03,A-,0,1,12,1486,0.12
2024-12-03,AB+,1,1,12,1486,0.6
2024-12-03,AB-,0,1,12,1486,0.03
2024-12-03,B+,3,1,12,1486,2.71
2024-12-03,B-,0,1,12,1486,0.19
2024-12-03,O+,2,1,12,1486,2.01
2024-12-03,O-,0,1,12,1486,0.44
2024-12-04,A+,0,2,12,1487,0.83
2024-12-04,A-,0,2,12,1487,0.11
2024-12-04,AB+,0,2,12,1487,0.43
2024-12-04,AB-,0,2,12,1487,0.01
2024-12-04,B+,2,2,12,1487,2.54
2024-12-04,B-,0,2,12,1487,0.17
2024-12-04,O+,2,2,12,1487,1.84
2024-12-04,O-,0,2,12,1487,0.42
2024-12-05,A+,0,3,12,1488,0.81
2024-12-05,A-,0,3,12,1488,0.11
2024-12-05,AB+,0,3,12,1488,0.42
2024-12-05,AB-,0,3,12,1488,0.01
2024-12-05,B+,1,3,12,1488,2.54
2024-12-05,B-,0,3,12,1488,0.16
2024-12-05,O+,3,3,12,1488,1.99
2024-12-05,O-,0,3,12,1488,0.34
2024-12-06,A+,1,4,12,1489,0.9
2024-12-06,A-,0,4,12,1489,0.04
2024-12-06,AB+,0,4,12,1489,0.43
2024-12-06,AB-,0,4,12,1489,0.03
2024-12-06,B+,1,4,12,1489,2.55
2024-12-06,B-,0,4,12,1489,0.09
2024-12-06,O+,0,4,12,1489,1.82
2024-12-06,O-,1,4,12,1489,0.33
2024-12-07,A+,2,5,12,1490,1.05
2024-12-07,A-,1,5,12,1490,0.11
2024-12-07,AB+,0,5,12,1490,0.19
2024-12-07,AB-,0,5,12,1490,0.03
2024-12-07,B+,1,5,12,1490,2.39
2024-12-07,B-,1,5,12,1490,0.2
2024-12-07,O+,0,5,12,1490,1.76
2024-12-07,O-,0,5,12,1490,0.34
2024-12-08,A+,1,6,12,1491,1.12
2024-12-08,A-,1,6,12,1491,0.19
2024-12-08,AB+,0,6,12,1491,0.19
2024-12-08,AB-,0,6,12,1491,0.02
2024-12-08,B+,3,6,12,1491,2.55
2024-12-08,B-,0,6,12,1491,0.19
2024-12-08,O+,5,6,12,1491,2.11
2024-12-08,O-,0,6,12,1491,0.38
2024-12-09,A+,2,0,12,1492,1.17
2024-12-09,A-,0,0,12,1492,0.23
2024-12-09,AB+,0,0,12,1492,0.23
2024-12-09,AB-,0,0,12,1492,0.05
2024-12-09,B+,1,0,12,1492,2.41
2024-12-09,B-,0,0,12,1492,0.18
2024-12-09,O+,1,0,12,1492,1.99
2024-12-09,O-,0,0,12,1492,0.33
2024-12-10,A+,3,1,12,1493,1.21
2024-12-10,A-,0,1,12,1493,0.19
2024-12-10,AB+,0,1,12,1493,0.19
2024-12-10,AB-,0,1,12,1493,0.03
2024-12-10,B+,1,1,12,1493,2.24
2024-12-10,B-,0,1,12,1493,0.19
2024-12-10,O+,3,1,12,1493,2.09
2024-12-10,O-,0,1,12,1493,0.34
2024-12-11,A+,1,2,12,1494,1.06
2024-12-11,A-,0,2,12,1494,0.19
2024-12-11,AB+,0,2,12,1494,0.11
2024-12-11,AB-,0,2,12,1494,0.03
2024-12-11,B+,0,2,12,1494,2.07
2024-12-11,B-,0,2,12,1494,0.16
2024-12-11,O+,1,2,12,1494,2.06
2024-12-11,O-,0,2,12,1494,0.16
2024-12-12,A+,3,3,12,1495,1.29
2024-12-12,A-,0,3,12,1495,0.19
2024-12-12,AB+,0,3,12,1495,0.11
2024-12-12,AB-,2,3,12,1495,0.2
2024-12-12,B+,1,3,12,1495,2.01
2024-12-12,B-,0,3,12,1495,0.2
2024-12-12,O+,1,3,12,1495,1.94
2024-12-12,O-,1,3,12,1495,0.27
2024-12-13,A+,0,4,12,1496,1.29
2024-12-13,A-,0,4,12,1496,0.19
2024-12-13,AB+,0,4,12,1496,0.1
2024-12-13,AB-,0,4,12,1496,0.17
2024-12-13,B+,5,4,12,1496,2.25
2024-12-13,B-,0,4,12,1496,0.2
2024-12-13,O+,3,4,12,1496,2.02
2024-12-13,O-,0,4,12,1496,0.29
2024-12-14,A+,0,5,12,1497,1.16
2024-12-14,A-,0,5,12,1497,0.21
2024-12-14,AB+,0,5,12,1497,0.14
2024-12-14,AB-,0,5,12,1497,0.18
2024-12-14,B+,2,5,12,1497,2.08
2024-12-14,B-,0,5,12,1497,0.17
2024-12-14,O+,0,5,12,1497,1.98
2024-12-14,O-,0,5,12,1497,0.25
2024-12-15,A+,2,6,12,1498,1.29
2024-12-15,A-,0,6,12,1498,0.19
2024-12-15,AB+,0,6,12,1498,0.11
2024-12-15,AB-,0,6,12,1498,0.17
2024-12-15,B+,3,6,12,1498,2.16
2024-12-15,B-,0,6,12,1498,0.19
2024-12-15,O+,2,6,12,1498,1.94
2024-12-15,O-,0,6,12,1498,0.27
2024-12-16,A+,1,0,12,1499,1.3
2024-12-16,A-,0,0,12,1499,0.2
2024-12-16,AB+,0,0,12,1499,0.12
2024-12-16,AB-,0,0,12,1499,0.18
2024-12-16,B+,2,0,12,1499,2.08
2024-12-16,B-,1,0,12,1499,0.19
2024-12-16,O+,2,0,12,1499,2.01
2024-12-16,O-,0,0,12,1499,0.19
2024-12-17,A+,0,1,12,1500,1.29
2024-12-17,A-,0,1,12,1500,0.19
2024-12-17,AB+,0,1,12,1500,0.04
2024-12-17,AB-,0,1,12,1500,0.18
2024-12-17,B+,2,1,12,1500,1.99
2024-12-17,B-,0,1,12,1500,0.17
2024-12-17,O+,0,1,12,1500,1.82
2024-12-17,O-,2,1,12,1500,0.34
2024-12-18,A+,3,2,12,1501,1.54
2024-12-18,A-,0,2,12,1501,0.21
2024-12-18,AB+,0,2,12,1501,0.05
2024-12-18,AB-,0,2,12,1501,0.19
2024-12-18,B+,2,2,12,1501,2.01
2024-12-18,B-,0,2,12,1501,0.21
2024-12-18,O+,1,2,12,1501,1.77
2024-12-18,O-,0,2,12,1501,0.34
2024-12-19,A+,0,3,12,1502,1.51
2024-12-19,A-,1,3,12,1502,0.26
2024-12-19,AB+,1,3,12,1502,0.11
2024-12-19,AB-,0,3,12,1502,0.18
2024-12-19,B+,2,3,12,1502,2.08
2024-12-19,B-,0,3,12,1502,0.19
2024-12-19,O+,1,3,12,1502,1.61
2024-12-19,O-,0,3,12,1502,0.35
2024-12-20,A+,1,4,12,1503,1.53
2024-12-20,A-,0,4,12,1503,0.26
2024-12-20,AB+,0,4,12,1503,0.11
2024-12-20,AB-,0,4,12,1503,0.17
2024-12-20,B+,1,4,12,1503,2.06
2024-12-20,B-,0,4,12,1503,0.17
2024-12-20,O+,0,4,12,1503,1.59
2024-12-20,O-,2,4,12,1503,0.41
2024-12-21,A+,2,5,12,1504,1.53
2024-12-21,A-,0,5,12,1504,0.19
2024-12-21,AB+,0,5,12,1504,0.11
2024-12-21,AB-,0,5,12,1504,0.19
2024-12-21,B+,3,5,12,1504,2.25
2024-12-21,B-,0,5,12,1504,0.13
2024-12-21,O+,1,5,12,1504,1.69
2024-12-21,O-,0,5,12,1504,0.42
2024-12-22,A+,1,6,12,1505,1.53
2024-12-22,A-,0,6,12,1505,0.11
2024-12-22,AB+,0,6,12,1505,0.11
2024-12-22,AB-,0,6,12,1505,0.17
2024-12-22,B+,2,6,12,1505,2.15
2024-12-22,B-,0,6,12,1505,0.1
2024-12-22,O+,3,6,12,1505,1.54
2024-12-22,O-,1,6,12,1505,0.51
2024-12-23,A+,1,0,12,1506,1.46
2024-12-23,A-,0,0,12,1506,0.13
2024-12-23,AB+,0,0,12,1506,0.13
2024-12-23,AB-,0,0,12,1506,0.19
2024-12-23,B+,1,0,12,1506,2.16
2024-12-23,B-,0,0,12,1506,0.1
2024-12-23,O+,3,0,12,1506,1.69
2024-12-23,O-,0,0,12,1506,0.5
2024-12-24,A+,0,1,12,1507,1.21
2024-12-24,A-,1,1,12,1507,0.19
2024-12-24,AB+,0,1,12,1507,0.11
2024-12-24,AB-,0,1,12,1507,0.19
2024-12-24,B+,0,1,12,1507,2.07
2024-12-24,B-,2,1,12,1507,0.26
2024-12-24,O+,1,1,12,1507,1.52
2024-12-24,O-,0,1,12,1507,0.5
2024-12-25,A+,0,2,12,1508,1.12
2024-12-25,A-,0,2,12,1508,0.18
2024-12-25,AB+,0,2,12,1508,0.1
2024-12-25,AB-,0,2,12,1508,0.18
2024-12-25,B+,3,2,12,1508,2.31
2024-12-25,B-,0,2,12,1508,0.26
2024-12-25,O+,2,2,12,1508,1.61
2024-12-25,O-,0,2,12,1508,0.51
2024-12-26,A+,0,3,12,1509,0.9
2024-12-26,A-,0,3,12,1509,0.19
2024-12-26,AB+,0,3,12,1509,0.11
2024-12-26,AB-,0,3,12,1509,0.01
2024-12-26,B+,0,3,12,1509,2.21
2024-12-26,B-,1,3,12,1509,0.32
2024-12-26,O+,2,3,12,1509,1.67
2024-12-26,O-,0,3,12,1509,0.41
2024-12-27,A+,0,4,12,1510,0.89
2024-12-27,A-,0,4,12,1510,0.18
2024-12-27,AB+,0,4,12,1510,0.1
2024-12-27,AB-,0,4,12,1510,0.02
2024-12-27,B+,1,4,12,1510,1.91
2024-12-27,B-,0,4,12,1510,0.32
2024-12-27,O+,3,4,12,1510,1.68
2024-12-27,O-,0,4,12,1510,0.42
2024-12-28,A+,0,5,12,1511,0.89
2024-12-28,A-,0,5,12,1511,0.19
2024-12-28,AB+,0,5,12,1511,0.11
2024-12-28,AB-,0,5,12,1511,0.02
2024-12-28,B+,1,5,12,1511,1.84
2024-12-28,B-,0,5,12,1511,0.32
2024-12-28,O+,5,5,12,1511,2.09
2024-12-28,O-,0,5,12,1511,0.44
2024-12-29,A+,0,6,12,1512,0.75
2024-12-29,A-,0,6,12,1512,0.2
2024-12-29,AB+,0,6,12,1512,0.12
2024-12-29,AB-,0,6,12,1512,0.04
2024-12-29,B+,2,6,12,1512,1.78
2024-12-29,B-,0,6,12,1512,0.33
2024-12-29,O+,3,6,12,1512,2.16
2024-12-29,O-,1,6,12,1512,0.51
2024-12-30,A+,0,0,12,1513,0.67
2024-12-30,A-,0,0,12,1513,0.2
2024-12-30,AB+,0,0,12,1513,0.12
2024-12-30,AB-,0,0,12,1513,0.03
2024-12-30,B+,3,0,12,1513,1.86
2024-12-30,B-,0,0,12,1513,0.26
2024-12-30,O+,4,0,12,1513,2.33
2024-12-30,O-,1,0,12,1513,0.61
2024-12-31,A+,1,1,12,1514,0.77
2024-12-31,A-,0,1,12,1514,0.22
2024-12-31,AB+,0,1,12,1514,0.14
2024-12-31,AB-,0,1,12,1514,0.04
2024-12-31,B+,4,1,12,1514,2.04
2024-12-31,B-,0,1,12,1514,0.28
2024-12-31,O+,2,1,12,1514,2.49
2024-12-31,O-,0,1,12,1514,0.44
2025-01-01,A+,0,2,1,1515,0.51
2025-01-01,A-,0,2,1,1515,0.2
2025-01-01,AB+,0,2,1,1515,0.12
2025-01-01,AB-,0,2,1,1515,0.01
2025-01-01,B+,2,2,1,1515,1.99
2025-01-01,B-,1,2,1,1515,0.34
2025-01-01,O+,2,2,1,1515,2.55
2025-01-01,O-,0,2,1,1515,0.43
2025-01-02,A+,1,3,1,1516,0.59
2025-01-02,A-,0,3,1,1516,0.12
2025-01-02,AB+,1,3,1,1516,0.13
2025-01-02,AB-,1,3,1,1516,0.12
2025-01-02,B+,1,3,1,1516,1.93
2025-01-02,B-,0,3,1,1516,0.34
2025-01-02,O+,1,3,1,1516,2.55
2025-01-02,O-,0,3,1,1516,0.42
2025-01-03,A+,2,4,1,1517,0.67
2025-01-03,A-,0,4,1,1517,0.11
2025-01-03,AB+,1,4,1,1517,0.19
2025-01-03,AB-,0,4,1,1517,0.11
2025-01-03,B+,4,4,1,1517,2.18
2025-01-03,B-,0,4,1,1517,0.36
2025-01-03,O+,2,4,1,1517,2.74
2025-01-03,O-,0,4,1,1517,0.29
2025-01-04,A+,1,5,1,1518,0.61
2025-01-04,A-,0,5,1,1518,0.13
2025-01-04,AB+,0,5,1,1518,0.21
2025-01-04,AB-,0,5,1,1518,0.1
2025-01-04,B+,0,5,1,1518,1.91
2025-01-04,B-,0,5,1,1518,0.32
2025-01-04,O+,4,5,1,1518,2.94
2025-01-04,O-,0,5,1,1518,0.26
2025-01-05,A+,1,6,1,1519,0.59
2025-01-05,A-,0,6,1,1519,0.11
2025-01-05,AB+,0,6,1,1519,0.19
2025-01-05,AB-,0,6,1,1519,0.11
2025-01-05,B+,0,6,1,1519,1.76
2025-01-05,B-,0,6,1,1519,0.32
2025-01-05,O+,3,6,1,1519,2.94
2025-01-05,O-,2,6,1,1519,0.35
2025-01-06,A+,1,0,1,1520,0.59
2025-01-06,A-,0,0,1,1520,0.12
2025-01-06,AB+,0,0,1,1520,0.2
2025-01-06,AB-,0,0,1,1520,0.12
2025-01-06,B+,3,0,1,1520,1.95
2025-01-06,B-,0,0,1,1520,0.36
2025-01-06,O+,2,0,1,1520,2.87
2025-01-06,O-,0,0,1,1520,0.35
2025-01-07,A+,1,1,1,1521,0.67
2025-01-07,A-,0,1,1,1521,0.04
2025-01-07,AB+,0,1,1,1521,0.2
2025-01-07,AB-,0,1,1,1521,0.1
2025-01-07,B+,3,1,1,1521,2.16
2025-01-07,B-,0,1,1,1521,0.19
2025-01-07,O+,3,1,1,1521,3.04
2025-01-07,O-,1,1,1,1521,0.44
2025-01-08,A+,1,2,1,1522,0.76
2025-01-08,A-,0,2,1,1522,0.06
2025-01-08,AB+,0,2,1,1522,0.21
2025-01-08,AB-,0,2,1,1522,0.11
2025-01-08,B+,1,2,1,1522,2.01
2025-01-08,B-,0,2,1,1522,0.18
2025-01-08,O+,1,2,1,1522,2.93
2025-01-08,O-,0,2,1,1522,0.41
2025-01-09,A+,1,3,1,1523,0.81
2025-01-09,A-,0,3,1,1523,0.02
2025-01-09,AB+,0,3,1,1523,0.18
2025-01-09,AB-,0,3,1,1523,0.09
2025-01-09,B+,3,3,1,1523,2.24
2025-01-09,B-,0,3,1,1523,0.11
2025-01-09,O+,2,3,1,1523,2.95
2025-01-09,O-,0,3,1,1523,0.43
2025-01-10,A+,0,4,1,1524,0.82
2025-01-10,A-,0,4,1,1524,0.04
2025-01-10,AB+,0,4,1,1524,0.19
2025-01-10,AB-,0,4,1,1524,0.09
2025-01-10,B+,1,4,1,1524,2.22
2025-01-10,B-,0,4,1,1524,0.09
2025-01-10,O+,5,4,1,1524,3.11
2025-01-10,O-,0,4,1,1524,0.44
2025-01-11,A+,3,5,1,1525,1.09
2025-01-11,A-,0,5,1,1525,0.06
2025-01-11,AB+,0,5,1,1525,0.22
2025-01-11,AB-,0,5,1,1525,0.14
2025-01-11,B+,1,5,1,1525,2.26
2025-01-11,B-,0,5,1,1525,0.11
2025-01-11,O+,1,5,1,1525,2.79
2025-01-11,O-,1,5,1,1525,0.49
2025-01-12,A+,0,6,1,1526,1.04
2025-01-12,A-,0,6,1,1526,0.02
2025-01-12,AB+,0,6,1,1526,0.18
2025-01-12,AB-,0,6,1,1526,0.09
2025-01-12,B+,1,6,1,1526,2.14
2025-01-12,B-,0,6,1,1526,0.09
2025-01-12,O+,0,6,1,1526,2.52
2025-01-12,O-,0,6,1,1526,0.4
2025-01-13,A+,0,0,1,1527,1.03
2025-01-13,A-,0,0,1,1527,0.01
2025-01-13,AB+,0,0,1,1527,0.16
2025-01-13,AB-,0,0,1,1527,0.08
2025-01-13,B+,0,0,1,1527,1.89
2025-01-13,B-,0,0,1,1527,0.08
2025-01-13,O+,0,0,1,1527,2.2
2025-01-13,O-,0,0,1,1527,0.31
2025-01-14,A+,3,1,1,1528,1.2
2025-01-14,A-,0,1,1,1528,0.02
2025-01-14,AB+,0,1,1,1528,0.18
2025-01-14,AB-,0,1,1,1528,0.1
2025-01-14,B+,6,1,1,1528,2.11
2025-01-14,B-,1,1,1,1528,0.23
2025-01-14,O+,1,1,1,1528,2.2
2025-01-14,O-,1,1,1,1528,0.46
2025-01-15,A+,1,2,1,1529,1.33
2025-01-15,A-,0,2,1,1529,0.07
2025-01-15,AB+,0,2,1,1529,0.23
2025-01-15,AB-,0,2,1,1529,0.11
2025-01-15,B+,3,2,1,1529,2.16
2025-01-15,B-,0,2,1,1529,0.11
2025-01-15,O+,1,2,1,1529,2.08
2025-01-15,O-,1,2,1,1529,0.51
2025-01-16,A+,4,3,1,1530,1.56
2025-01-16,A-,0,3,1,1530,0.06
2025-01-16,AB+,0,3,1,1530,0.14
2025-01-16,AB-,0,3,1,1530,0.04
2025-01-16,B+,1,3,1,1530,2.17
2025-01-16,B-,0,3,1,1530,0.12
2025-01-16,O+,5,3,1,1530,2.43
2025-01-16,O-,0,3,1,1530,0.51
2025-01-17,A+,2,4,1,1531,1.55
2025-01-17,A-,0,4,1,1531,0.06
2025-01-17,AB+,0,4,1,1531,0.06
2025-01-17,AB-,0,4,1,1531,0.05
2025-01-17,B+,1,4,1,1531,1.94
2025-01-17,B-,0,4,1,1531,0.1
2025-01-17,O+,2,4,1,1531,2.39
2025-01-17,O-,0,4,1,1531,0.49
2025-01-18,A+,0,5,1,1532,1.44
2025-01-18,A-,0,5,1,1532,0.02
2025-01-18,AB+,0,5,1,1532,0.02
2025-01-18,AB-,0,5,1,1532,0.01
2025-01-18,B+,3,5,1,1532,2.16
2025-01-18,B-,0,5,1,1532,0.1
2025-01-18,O+,2,5,1,1532,2.24
2025-01-18,O-,0,5,1,1532,0.51
2025-01-19,A+,1,6,1,1533,1.46
2025-01-19,A-,0,6,1,1533,0.04
2025-01-19,AB+,0,6,1,1533,0.04
2025-01-19,AB-,0,6,1,1533,0.02
2025-01-19,B+,3,6,1,1533,2.4
2025-01-19,B-,0,6,1,1533,0.11
2025-01-19,O+,2,6,1,1533,2.16
2025-01-19,O-,0,6,1,1533,0.35
2025-01-20,A+,1,0,1,1534,1.46
2025-01-20,A-,0,0,1,1534,0.04
2025-01-20,AB+,1,0,1,1534,0.13
2025-01-20,AB-,1,0,1,1534,0.11
2025-01-20,B+,5,0,1,1534,2.59
2025-01-20,B-,0,0,1,1534,0.14
2025-01-20,O+,2,0,1,1534,2.19
2025-01-20,O-,1,0,1,1534,0.46
2025-01-21,A+,3,1,1,1535,1.66
2025-01-21,A-,1,1,1,1535,0.17
2025-01-21,AB+,0,1,1,1535,0.16
2025-01-21,AB-,0,1,1,1535,0.13
2025-01-21,B+,1,1,1,1535,2.41
2025-01-21,B-,0,1,1,1535,0.12
2025-01-21,O+,4,1,1,1535,2.26
2025-01-21,O-,0,1,1,1535,0.36
2025-01-22,A+,0,2,1,1536,1.53
2025-01-22,A-,0,2,1,1536,0.11
2025-01-22,AB+,1,2,1,1536,0.2
2025-01-22,AB-,0,2,1,1536,0.11
2025-01-22,B+,0,2,1,1536,2.31
2025-01-22,B-,1,2,1,1536,0.17
2025-01-22,O+,3,2,1,1536,2.39
2025-01-22,O-,0,2,1,1536,0.35
2025-01-23,A+,0,3,1,1537,1.45
2025-01-23,A-,1,3,1,1537,0.19
2025-01-23,AB+,1,3,1,1537,0.28
2025-01-23,AB-,0,3,1,1537,0.12
2025-01-23,B+,0,3,1,1537,2.08
2025-01-23,B-,0,3,1,1537,0.17
2025-01-23,O+,1,3,1,1537,2.3
2025-01-23,O-,0,3,1,1537,0.34
2025-01-24,A+,1,4,1,1538,1.51
2025-01-24,A-,0,4,1,1538,0.17
2025-01-24,AB+,0,4,1,1538,0.25
2025-01-24,AB-,1,4,1,1538,0.18
2025-01-24,B+,4,4,1,1538,2.33
2025-01-24,B-,0,4,1,1538,0.2
2025-01-24,O+,2,4,1,1538,2.1
2025-01-24,O-,1,4,1,1538,0.45
2025-01-25,A+,2,5,1,1539,1.49
2025-01-25,A-,0,5,1,1539,0.23
2025-01-25,AB+,0,5,1,1539,0.3
2025-01-25,AB-,1,5,1,1539,0.28
2025-01-25,B+,1,5,1,1539,2.33
2025-01-25,B-,0,5,1,1539,0.19
2025-01-25,O+,2,5,1,1539,2.16
2025-01-25,O-,0,5,1,1539,0.34
2025-01-26,A+,3,6,1,1540,1.7
2025-01-26,A-,0,6,1,1540,0.21
2025-01-26,AB+,0,6,1,1540,0.28
2025-01-26,AB-,0,6,1,1540,0.27
2025-01-26,B+,1,6,1,1540,2.32
2025-01-26,B-,0,6,1,1540,0.19
2025-01-26,O+,2,6,1,1540,2.32
2025-01-26,O-,0,6,1,1540,0.34
2025-01-27,A+,2,0,1,1541,1.84
2025-01-27,A-,0,0,1,1541,0.19
2025-01-27,AB+,1,0,1,1541,0.36
2025-01-27,AB-,0,0,1,1541,0.27
2025-01-27,B+,2,0,1,1541,2.49
2025-01-27,B-,0,0,1,1541,0.19
2025-01-27,O+,2,0,1,1541,2.49
2025-01-27,O-,0,0,1,1541,0.35
2025-01-28,A+,0,1,1,1542,1.61
2025-01-28,A-,0,1,1,1542,0.19
2025-01-28,AB+,0,1,1,1542,0.34
2025-01-28,AB-,1,1,1,1542,0.34
2025-01-28,B+,2,1,1,1542,2.16
2025-01-28,B-,0,1,1,1542,0.1
2025-01-28,O+,2,1,1,1542,2.55
2025-01-28,O-,0,1,1,1542,0.27
2025-01-29,A+,0,2,1,1543,1.53
2025-01-29,A-,0,2,1,1543,0.19
2025-01-29,AB+,0,2,1,1543,0.34
2025-01-29,AB-,0,2,1,1543,0.33
2025-01-29,B+,0,2,1,1543,1.9
2025-01-29,B-,0,2,1,1543,0.08
2025-01-29,O+,3,2,1,1543,2.69
2025-01-29,O-,0,2,1,1543,0.18
2025-01-30,A+,3,3,1,1544,1.46
2025-01-30,A-,0,3,1,1544,0.2
2025-01-30,AB+,0,3,1,1544,0.36
2025-01-30,AB-,0,3,1,1544,0.36
2025-01-30,B+,0,3,1,1544,1.85
2025-01-30,B-,0,3,1,1544,0.1
2025-01-30,O+,5,3,1,1544,2.73
2025-01-30,O-,0,3,1,1544,0.19
2025-01-31,A+,1,4,1,1545,1.38
2025-01-31,A-,0,4,1,1545,0.2
2025-01-31,AB+,0,4,1,1545,0.36
2025-01-31,AB-,0,4,1,1545,0.36
2025-01-31,B+,2,4,1,1545,1.94
2025-01-31,B-,0,4,1,1545,0.1
2025-01-31,O+,2,4,1,1545,2.71
2025-01-31,O-,0,4,1,1545,0.19
2025-02-01,A+,0,5,2,1546,1.36
2025-02-01,A-,0,5,2,1546,0.19
2025-02-01,AB+,0,5,2,1546,0.34
2025-02-01,AB-,0,5,2,1546,0.33
2025-02-01,B+,1,5,2,1546,1.75
2025-02-01,B-,0,5,2,1546,0.09
2025-02-01,O+,1,5,2,1546,2.61
2025-02-01,O-,0,5,2,1546,0.17
2025-02-02,A+,1,6,2,1547,1.36
2025-02-02,A-,0,6,2,1547,0.18
2025-02-02,AB+,0,6,2,1547,0.34
2025-02-02,AB-,1,6,2,1547,0.41
2025-02-02,B+,1,6,2,1547,1.6
2025-02-02,B-,0,6,2,1547,0.1
2025-02-02,O+,5,6,2,1547,2.89
2025-02-02,O-,1,6,2,1547,0.29
2025-02-03,A+,1,0,2,1548,1.4
2025-02-03,A-,1,0,2,1548,0.31
2025-02-03,AB+,0,0,2,1548,0.3
2025-02-03,AB-,0,0,2,1548,0.37
2025-02-03,B+,1,0,2,1548,1.32
2025-02-03,B-,0,0,2,1548,0.11
2025-02-03,O+,3,0,2,1548,2.95
2025-02-03,O-,0,0,2,1548,0.19
2025-02-04,A+,1,1,2,1549,1.21
2025-02-04,A-,0,1,2,1549,0.19
2025-02-04,AB+,0,1,2,1549,0.27
2025-02-04,AB-,0,1,2,1549,0.34
2025-02-04,B+,1,1,2,1549,1.29
2025-02-04,B-,0,1,2,1549,0.09
2025-02-04,O+,2,1,2,1549,2.78
2025-02-04,O-,1,1,2,1549,0.26
2025-02-05,A+,0,2,2,1550,1.21
2025-02-05,A-,0,2,2,1550,0.19
2025-02-05,AB+,0,2,2,1550,0.19
2025-02-05,AB-,0,2,2,1550,0.34
2025-02-05,B+,1,2,2,1550,1.36
2025-02-05,B-,0,2,2,1550,0.01
2025-02-05,O+,1,2,2,1550,2.61
2025-02-05,O-,0,2,2,1550,0.25
2025-02-06,A+,3,3,2,1551,1.45
2025-02-06,A-,0,3,2,1551,0.11
2025-02-06,AB+,0,3,2,1551,0.11
2025-02-06,AB-,1,3,2,1551,0.43
2025-02-06,B+,2,3,2,1551,1.54
2025-02-06,B-,0,3,2,1551,0.04
2025-02-06,O+,1,3,2,1551,2.64
2025-02-06,O-,1,3,2,1551,0.35
2025-02-07,A+,0,4,2,1552,1.37
2025-02-07,A-,0,4,2,1552,0.11
2025-02-07,AB+,0,4,2,1552,0.11
2025-02-07,AB-,0,4,2,1552,0.33
2025-02-07,B+,3,4,2,1552,1.45
2025-02-07,B-,0,4,2,1552,0.03
2025-02-07,O+,2,4,2,1552,2.63
2025-02-07,O-,0,4,2,1552,0.27
2025-02-08,A+,2,5,2,1553,1.39
2025-02-08,A-,0,5,2,1553,0.13
2025-02-08,AB+,0,5,2,1553,0.13
2025-02-08,AB-,0,5,2,1553,0.26
2025-02-08,B+,1,5,2,1553,1.45
2025-02-08,B-,0,5,2,1553,0.02
2025-02-08,O+,1,5,2,1553,2.54
2025-02-08,O-,0,5,2,1553,0.25
2025-02-09,A+,2,6,2,1554,1.29
2025-02-09,A-,0,6,2,1554,0.11
2025-02-09,AB+,0,6,2,1554,0.11
2025-02-09,AB-,0,6,2,1554,0.26
2025-02-09,B+,1,6,2,1554,1.44
2025-02-09,B-,0,6,2,1554,0.02
2025-02-09,O+,2,6,2,1554,2.55
2025-02-09,O-,0,6,2,1554,0.26
2025-02-10,A+,1,0,2,1555,1.21
2025-02-10,A-,0,0,2,1555,0.11
2025-02-10,AB+,0,0,2,1555,0.03
2025-02-10,AB-,0,0,2,1555,0.26
2025-02-10,B+,3,0,2,1555,1.54
2025-02-10,B-,0,0,2,1555,0.03
2025-02-10,O+,6,0,2,1555,2.9
2025-02-10,O-,0,0,2,1555,0.3
2025-02-11,A+,0,1,2,1556,1.24
2025-02-11,A-,0,1,2,1556,0.14
2025-02-11,AB+,0,1,2,1556,0.06
2025-02-11,AB-,0,1,2,1556,0.2
2025-02-11,B+,2,1,2,1556,1.55
2025-02-11,B-,0,1,2,1556,0.01
2025-02-11,O+,5,1,2,1556,3.11
2025-02-11,O-,0,1,2,1556,0.29
2025-02-12,A+,2,2,2,1557,1.4
2025-02-12,A-,0,2,2,1557,0.14
2025-02-12,AB+,1,2,2,1557,0.15
2025-02-12,AB-,0,2,2,1557,0.21
2025-02-12,B+,4,2,2,1557,1.89
2025-02-12,B-,0,2,2,1557,0.05
2025-02-12,O+,1,2,2,1557,2.96
2025-02-12,O-,0,2,2,1557,0.28
2025-02-13,A+,2,3,2,1558,1.31
2025-02-13,A-,0,3,2,1558,0.13
2025-02-13,AB+,0,3,2,1558,0.13
2025-02-13,AB-,0,3,2,1558,0.18
2025-02-13,B+,1,3,2,1558,1.91
2025-02-13,B-,0,3,2,1558,0.02
2025-02-13,O+,4,3,2,1558,2.88
2025-02-13,O-,0,3,2,1558,0.27
2025-02-14,A+,0,4,2,1559,1.21
2025-02-14,A-,0,4,2,1559,0.11
2025-02-14,AB+,1,4,2,1559,0.2
2025-02-14,AB-,0,4,2,1559,0.19
2025-02-14,B+,4,4,2,1559,2.11
2025-02-14,B-,0,4,2,1559,0.04
2025-02-14,O+,1,4,2,1559,2.79
2025-02-14,O-,0,4,2,1559,0.28
2025-02-15,A+,0,5,2,1560,1.22
2025-02-15,A-,0,5,2,1560,0.11
2025-02-15,AB+,0,5,2,1560,0.19
2025-02-15,AB-,0,5,2,1560,0.16
2025-02-15,B+,2,5,2,1560,2.14
2025-02-15,B-,0,5,2,1560,0.01
2025-02-15,O+,2,5,2,1560,2.86
2025-02-15,O-,0,5,2,1560,0.26
2025-02-16,A+,3,6,2,1561,1.39
2025-02-16,A-,0,6,2,1561,0.13
2025-02-16,AB+,0,6,2,1561,0.21
2025-02-16,AB-,0,6,2,1561,0.11
2025-02-16,B+,4,6,2,1561,2.42
2025-02-16,B-,0,6,2,1561,0.05
2025-02-16,O+,5,6,2,1561,2.91
2025-02-16,O-,0,6,2,1561,0.22
2025-02-17,A+,2,0,2,1562,1.49
2025-02-17,A-,0,0,2,1562,0.08
2025-02-17,AB+,0,0,2,1562,0.24
2025-02-17,AB-,0,0,2,1562,0.13
2025-02-17,B+,3,0,2,1562,2.59
2025-02-17,B-,0,0,2,1562,0.04
2025-02-17,O+,1,0,2,1562,2.71
2025-02-17,O-,1,0,2,1562,0.27
2025-02-18,A+,0,1,2,1563,1.37
2025-02-18,A-,0,1,2,1563,0.04
2025-02-18,AB+,0,1,2,1563,0.19
2025-02-18,AB-,0,1,2,1563,0.09
2025-02-18,B+,2,1,2,1563,2.62
2025-02-18,B-,1,1,2,1563,0.11
2025-02-18,O+,2,1,2,1563,2.71
2025-02-18,O-,0,1,2,1563,0.19
2025-02-19,A+,2,2,2,1564,1.54
2025-02-19,A-,0,2,2,1564,0.05
2025-02-19,AB+,1,2,2,1564,0.29
2025-02-19,AB-,0,2,2,1564,0.12
2025-02-19,B+,3,2,2,1564,2.81
2025-02-19,B-,0,2,2,1564,0.12
2025-02-19,O+,1,2,2,1564,2.72
2025-02-19,O-,0,2,2,1564,0.19
2025-02-20,A+,2,3,2,1565,1.46
2025-02-20,A-,0,3,2,1565,0.04
2025-02-20,AB+,0,3,2,1565,0.28
2025-02-20,AB-,0,3,2,1565,0.02
2025-02-20,B+,4,3,2,1565,2.96
2025-02-20,B-,0,3,2,1565,0.12
2025-02-20,O+,2,3,2,1565,2.81
2025-02-20,O-,1,3,2,1565,0.21
2025-02-21,A+,0,4,2,1566,1.46
2025-02-21,A-,1,4,2,1566,0.14
2025-02-21,AB+,0,4,2,1566,0.29
2025-02-21,AB-,0,4,2,1566,0.03
2025-02-21,B+,1,4,2,1566,2.79
2025-02-21,B-,0,4,2,1566,0.1
2025-02-21,O+,3,4,2,1566,2.86
2025-02-21,O-,0,4,2,1566,0.19
2025-02-22,A+,1,5,2,1567,1.37
2025-02-22,A-,1,5,2,1567,0.2
2025-02-22,AB+,0,5,2,1567,0.28
2025-02-22,AB-,0,5,2,1567,0.04
2025-02-22,B+,2,5,2,1567,2.88
2025-02-22,B-,0,5,2,1567,0.11
2025-02-22,O+,1,5,2,1567,2.86
2025-02-22,O-,0,5,2,1567,0.19
2025-02-23,A+,0,6,2,1568,1.2
2025-02-23,A-,0,6,2,1568,0.18
2025-02-23,AB+,0,6,2,1568,0.26
2025-02-23,AB-,0,6,2,1568,0.01
2025-02-23,B+,0,6,2,1568,2.76
2025-02-23,B-,0,6,2,1568,0.08
2025-02-23,O+,3,6,2,1568,2.93
2025-02-23,O-,0,6,2,1568,0.18
2025-02-24,A+,3,0,2,1569,1.38
2025-02-24,A-,0,0,2,1569,0.2
2025-02-24,AB+,0,0,2,1569,0.28
2025-02-24,AB-,0,0,2,1569,0.04
2025-02-24,B+,1,0,2,1569,2.64
2025-02-24,B-,0,0,2,1569,0.11
2025-02-24,O+,1,0,2,1569,2.55
2025-02-24,O-,0,0,2,1569,0.17
2025-02-25,A+,3,1,2,1570,1.61
2025-02-25,A-,0,1,2,1570,0.19
2025-02-25,AB+,0,1,2,1570,0.27
2025-02-25,AB-,0,1,2,1570,0.03
2025-02-25,B+,1,1,2,1570,2.55
2025-02-25,B-,0,1,2,1570,0.11
2025-02-25,O+,2,1,2,1570,2.32
2025-02-25,O-,0,1,2,1570,0.18
2025-02-26,A+,5,2,2,1571,1.86
2025-02-26,A-,0,2,2,1571,0.21
2025-02-26,AB+,0,2,2,1571,0.21
2025-02-26,AB-,0,2,2,1571,0.05
2025-02-26,B+,3,2,2,1571,2.51
2025-02-26,B-,0,2,2,1571,0.14
2025-02-26,O+,2,2,2,1571,2.43
2025-02-26,O-,0,2,2,1571,0.19
2025-02-27,A+,1,3,2,1572,1.77
2025-02-27,A-,1,3,2,1572,0.29
2025-02-27,AB+,0,3,2,1572,0.21
2025-02-27,AB-,0,3,2,1572,0.03
2025-02-27,B+,3,3,2,1572,2.64
2025-02-27,B-,0,3,2,1572,0.11
2025-02-27,O+,5,3,2,1572,2.51
2025-02-27,O-,0,3,2,1572,0.22
2025-02-28,A+,3,4,2,1573,2.04
2025-02-28,A-,0,4,2,1573,0.31
2025-02-28,AB+,0,4,2,1573,0.16
2025-02-28,AB-,0,4,2,1573,0.06
2025-02-28,B+,3,4,2,1573,2.59
2025-02-28,B-,1,4,2,1573,0.21
2025-02-28,O+,6,4,2,1573,2.92
2025-02-28,O-,1,4,2,1573,0.31
2025-03-01,A+,2,5,3,1574,2.21
2025-03-01,A-,0,5,3,1574,0.33
2025-03-01,AB+,0,5,3,1574,0.17
2025-03-01,AB-,0,5,3,1574,0.07
2025-03-01,B+,1,5,3,1574,2.51
2025-03-01,B-,0,5,3,1574,0.19
2025-03-01,O+,3,5,3,1574,2.95
2025-03-01,O-,0,5,3,1574,0.26
2025-03-02,A+,1,6,3,1575,2.0
2025-03-02,A-,0,6,3,1575,0.27
2025-03-02,AB+,2,6,3,1575,0.29
2025-03-02,AB-,0,6,3,1575,0.04
2025-03-02,B+,3,6,3,1575,2.42
2025-03-02,B-,0,6,3,1575,0.2
2025-03-02,O+,3,6,3,1575,2.81
2025-03-02,O-,0,6,3,1575,0.29
2025-03-03,A+,0,0,3,1576,1.86
2025-03-03,A-,0,0,3,1576,0.28
2025-03-03,AB+,0,0,3,1576,0.28
2025-03-03,AB-,0,0,3,1576,0.02
2025-03-03,B+,3,0,3,1576,2.4
2025-03-03,B-,1,0,3,1576,0.26
2025-03-03,O+,3,0,3,1576,2.96
2025-03-03,O-,1,0,3,1576,0.29
2025-03-04,A+,0,1,3,1577,1.86
2025-03-04,A-,0,1,3,1577,0.29
2025-03-04,AB+,0,1,3,1577,0.29
2025-03-04,AB-,0,1,3,1577,0.04
2025-03-04,B+,3,1,3,1577,2.49
2025-03-04,B-,0,1,3,1577,0.19
2025-03-04,O+,4,1,3,1577,3.11
2025-03-04,O-,1,1,3,1577,0.37
2025-03-05,A+,0,2,3,1578,1.71
2025-03-05,A-,0,2,3,1578,0.29
2025-03-05,AB+,0,2,3,1578,0.21
2025-03-05,AB-,0,2,3,1578,0.04
2025-03-05,B+,4,2,3,1578,2.58
2025-03-05,B-,0,2,3,1578,0.19
2025-03-05,O+,1,2,3,1578,3.1
2025-03-05,O-,0,2,3,1578,0.35
2025-03-06,A+,1,3,3,1579,1.61
2025-03-06,A-,0,3,3,1579,0.28
2025-03-06,AB+,0,3,3,1579,0.2
2025-03-06,AB-,0,3,3,1579,0.01
2025-03-06,B+,1,3,3,1579,2.3
2025-03-06,B-,0,3,3,1579,0.17
2025-03-06,O+,1,3,3,1579,3.01
2025-03-06,O-,0,3,3,1579,0.25
2025-03-07,A+,3,4,3,1580,1.84
2025-03-07,A-,1,4,3,1580,0.28
2025-03-07,AB+,0,4,3,1580,0.2
2025-03-07,AB-,0,4,3,1580,0.04
2025-03-07,B+,1,4,3,1580,2.32
2025-03-07,B-,0,4,3,1580,0.19
2025-03-07,O+,1,4,3,1580,2.87
2025-03-07,O-,0,4,3,1580,0.26
2025-03-08,A+,1,5,3,1581,1.83
2025-03-08,A-,0,5,3,1581,0.18
2025-03-08,AB+,0,5,3,1581,0.18
2025-03-08,AB-,0,5,3,1581,0.01
2025-03-08,B+,2,5,3,1581,2.31
2025-03-08,B-,0,5,3,1581,0.18
2025-03-08,O+,2,5,3,1581,2.94
2025-03-08,O-,0,5,3,1581,0.26
2025-03-09,A+,1,6,3,1582,1.92
2025-03-09,A-,0,6,3,1582,0.19
2025-03-09,AB+,0,6,3,1582,0.19
2025-03-09,AB-,0,6,3,1582,0.02
2025-03-09,B+,1,6,3,1582,2.39
2025-03-09,B-,0,6,3,1582,0.17
2025-03-09,O+,1,6,3,1582,2.77
2025-03-09,O-,1,6,3,1582,0.34
2025-03-10,A+,1,0,3,1583,1.76
2025-03-10,A-,0,0,3,1583,0.19
2025-03-10,AB+,0,0,3,1583,0.19
2025-03-10,AB-,0,0,3,1583,0.02
2025-03-10,B+,4,0,3,1583,2.64
2025-03-10,B-,0,0,3,1583,0.2
2025-03-10,O+,3,0,3,1583,2.96
2025-03-10,O-,1,0,3,1583,0.45
2025-03-11,A+,0,1,3,1584,1.55
2025-03-11,A-,0,1,3,1584,0.21
2025-03-11,AB+,2,1,3,1584,0.39
2025-03-11,AB-,0,1,3,1584,0.04
2025-03-11,B+,2,1,3,1584,2.73
2025-03-11,B-,0,1,3,1584,0.19
2025-03-11,O+,2,1,3,1584,2.95
2025-03-11,O-,0,1,3,1584,0.44
2025-03-12,A+,2,2,3,1585,1.31
2025-03-12,A-,0,2,3,1585,0.2
2025-03-12,AB+,0,2,3,1585,0.36
2025-03-12,AB-,0,2,3,1585,0.03
2025-03-12,B+,2,2,3,1585,2.64
2025-03-12,B-,0,2,3,1585,0.19
2025-03-12,O+,5,2,3,1585,3.21
2025-03-12,O-,0,2,3,1585,0.44
2025-03-13,A+,0,3,3,1586,1.23
2025-03-13,A-,0,3,3,1586,0.13
2025-03-13,AB+,1,3,3,1586,0.45
2025-03-13,AB-,0,3,3,1586,0.04
2025-03-13,B+,2,3,3,1586,2.57
2025-03-13,B-,1,3,3,1586,0.26
2025-03-13,O+,5,3,3,1586,3.21
2025-03-13,O-,0,3,3,1586,0.46
2025-03-14,A+,1,4,3,1587,1.09
2025-03-14,A-,0,4,3,1587,0.14
2025-03-14,AB+,0,4,3,1587,0.46
2025-03-14,AB-,1,4,3,1587,0.14
2025-03-14,B+,3,4,3,1587,2.59
2025-03-14,B-,1,4,3,1587,0.28
2025-03-14,O+,6,4,3,1587,3.23
2025-03-14,O-,0,4,3,1587,0.39
2025-03-15,A+,4,5,3,1588,1.29
2025-03-15,A-,0,5,3,1588,0.19
2025-03-15,AB+,0,5,3,1588,0.49
2025-03-15,AB-,1,5,3,1588,0.24
2025-03-15,B+,1,5,3,1588,2.6
2025-03-15,B-,0,5,3,1588,0.28
2025-03-15,O+,2,5,3,1588,3.12
2025-03-15,O-,0,5,3,1588,0.34
2025-03-16,A+,0,6,3,1589,1.13
2025-03-16,A-,0,6,3,1589,0.11
2025-03-16,AB+,0,6,3,1589,0.26
2025-03-16,AB-,0,6,3,1589,0.17
2025-03-16,B+,2,6,3,1589,2.46
2025-03-16,B-,0,6,3,1589,0.25
2025-03-16,O+,5,6,3,1589,3.27
2025-03-16,O-,0,6,3,1589,0.36
2025-03-17,A+,0,0,3,1590,1.15
2025-03-17,A-,0,0,3,1590,0.13
2025-03-17,AB+,2,0,3,1590,0.46
2025-03-17,AB-,0,0,3,1590,0.21
2025-03-17,B+,2,0,3,1590,2.42
2025-03-17,B-,0,0,3,1590,0.19
2025-03-17,O+,2,0,3,1590,3.19
2025-03-17,O-,2,0,3,1590,0.45
2025-03-18,A+,3,1,3,1591,1.41
2025-03-18,A-,0,1,3,1591,0.14
2025-03-18,AB+,1,1,3,1591,0.54
2025-03-18,AB-,0,1,3,1591,0.21
2025-03-18,B+,1,1,3,1591,2.26
2025-03-18,B-,0,1,3,1591,0.21
2025-03-18,O+,0,1,3,1591,2.86
2025-03-18,O-,0,1,3,1591,0.33
2025-03-19,A+,0,2,3,1592,1.35
2025-03-19,A-,0,2,3,1592,0.09
2025-03-19,AB+,0,2,3,1592,0.48
2025-03-19,AB-,1,2,3,1592,0.24
2025-03-19,B+,3,2,3,1592,2.15
2025-03-19,B-,0,2,3,1592,0.19
2025-03-19,O+,2,2,3,1592,2.95
2025-03-19,O-,2,2,3,1592,0.53
2025-03-20,A+,0,3,3,1593,1.31
2025-03-20,A-,0,3,3,1593,0.14
2025-03-20,AB+,0,3,3,1593,0.52
2025-03-20,AB-,0,3,3,1593,0.26
2025-03-20,B+,5,3,3,1593,2.5
2025-03-20,B-,0,3,3,1593,0.21
2025-03-20,O+,1,3,3,1593,2.95
2025-03-20,O-,1,3,3,1593,0.6
2025-03-21,A+,0,4,3,1594,1.07
2025-03-21,A-,0,4,3,1594,0.05
2025-03-21,AB+,0,4,3,1594,0.52
2025-03-21,AB-,0,4,3,1594,0.25
2025-03-21,B+,2,4,3,1594,2.54
2025-03-21,B-,0,4,3,1594,0.18
2025-03-21,O+,0,4,3,1594,2.84
2025-03-21,O-,0,4,3,1594,0.56
2025-03-22,A+,2,5,3,1595,1.13
2025-03-22,A-,0,5,3,1595,0.03
2025-03-22,AB+,0,5,3,1595,0.5
2025-03-22,AB-,0,5,3,1595,0.25
2025-03-22,B+,1,5,3,1595,2.46
2025-03-22,B-,0,5,3,1595,0.18
2025-03-22,O+,4,5,3,1595,3.04
2025-03-22,O-,0,5,3,1595,0.59
2025-03-23,A+,0,6,3,1596,1.06
2025-03-23,A-,0,6,3,1596,0.04
2025-03-23,AB+,0,6,3,1596,0.51
2025-03-23,AB-,0,6,3,1596,0.26
2025-03-23,B+,2,6,3,1596,2.56
2025-03-23,B-,0,6,3,1596,0.17
2025-03-23,O+,2,6,3,1596,3.09
2025-03-23,O-,2,6,3,1596,0.67
2025-03-24,A+,0,0,3,1597,0.99
2025-03-24,A-,0,0,3,1597,0.04
2025-03-24,AB+,0,0,3,1597,0.51
2025-03-24,AB-,0,0,3,1597,0.26
2025-03-24,B+,3,0,3,1597,2.49
2025-03-24,B-,0,0,3,1597,0.19
2025-03-24,O+,3,0,3,1597,3.11
2025-03-24,O-,0,0,3,1597,0.59
2025-03-25,A+,0,1,3,1598,0.99
2025-03-25,A-,1,1,3,1598,0.13
2025-03-25,AB+,0,1,3,1598,0.36
2025-03-25,AB-,0,1,3,1598,0.26
2025-03-25,B+,1,1,3,1598,2.39
2025-03-25,B-,0,1,3,1598,0.17
2025-03-25,O+,4,1,3,1598,3.26
2025-03-25,O-,0,1,3,1598,0.59
2025-03-26,A+,1,2,3,1599,0.91
2025-03-26,A-,0,2,3,1599,0.12
2025-03-26,AB+,1,2,3,1599,0.44
2025-03-26,AB-,0,2,3,1599,0.28
2025-03-26,B+,2,2,3,1599,2.41
2025-03-26,B-,0,2,3,1599,0.19
2025-03-26,O+,3,2,3,1599,3.11
2025-03-26,O-,0,2,3,1599,0.59
2025-03-27,A+,1,3,3,1600,0.99
2025-03-27,A-,0,3,3,1600,0.12
2025-03-27,AB+,0,3,3,1600,0.36
2025-03-27,AB-,0,3,3,1600,0.26
2025-03-27,B+,0,3,3,1600,2.23
2025-03-27,B-,0,3,3,1600,0.09
2025-03-27,O+,4,3,3,1600,3.02
2025-03-27,O-,0,3,3,1600,0.58
2025-03-28,A+,1,4,3,1601,0.98
2025-03-28,A-,0,4,3,1601,0.11
2025-03-28,AB+,0,4,3,1601,0.35
2025-03-28,AB-,0,4,3,1601,0.19
2025-03-28,B+,2,4,3,1601,2.17
2025-03-28,B-,0,4,3,1601,0.02
2025-03-28,O+,3,4,3,1601,2.79
2025-03-28,O-,0,4,3,1601,0.59
2025-03-29,A+,1,5,3,1602,0.75
2025-03-29,A-,0,5,3,1602,0.12
2025-03-29,AB+,0,5,3,1602,0.36
2025-03-29,AB-,0,5,3,1602,0.11
2025-03-29,B+,4,5,3,1602,2.41
2025-03-29,B-,0,5,3,1602,0.04
2025-03-29,O+,1,5,3,1602,2.71
2025-03-29,O-,0,5,3,1602,0.59
2025-03-30,A+,2,6,3,1603,0.91
2025-03-30,A-,0,6,3,1603,0.13
2025-03-30,AB+,0,6,3,1603,0.36
2025-03-30,AB-,0,6,3,1603,0.1
2025-03-30,B+,2,6,3,1603,2.39
2025-03-30,B-,0,6,3,1603,0.03
2025-03-30,O+,2,6,3,1603,2.48
2025-03-30,O-,0,6,3,1603,0.58
2025-03-31,A+,0,0,3,1604,0.89
2025-03-31,A-,0,0,3,1604,0.11
2025-03-31,AB+,0,0,3,1604,0.19
2025-03-31,AB-,1,0,3,1604,0.18
2025-03-31,B+,4,0,3,1604,2.56
2025-03-31,B-,1,0,3,1604,0.12
2025-03-31,O+,2,0,3,1604,2.49
2025-03-31,O-,0,0,3,1604,0.45
2025-04-01,A+,1,1,4,1605,0.77
2025-04-01,A-,0,1,4,1605,0.14
2025-04-01,AB+,0,1,4,1605,0.14
2025-04-01,AB-,0,1,4,1605,0.19
2025-04-01,B+,3,1,4,1605,2.71
2025-04-01,B-,0,1,4,1605,0.11
2025-04-01,O+,4,1,4,1605,2.81
2025-04-01,O-,0,1,4,1605,0.44
2025-04-02,A+,1,2,4,1606,0.84
2025-04-02,A-,0,2,4,1606,0.14
2025-04-02,AB+,0,2,4,1606,0.14
2025-04-02,AB-,0,2,4,1606,0.11
2025-04-02,B+,1,2,4,1606,2.56
2025-04-02,B-,0,2,4,1606,0.09
2025-04-02,O+,3,2,4,1606,2.86
2025-04-02,O-,0,2,4,1606,0.26
2025-04-03,A+,2,3,4,1607,0.99
2025-04-03,A-,1,3,4,1607,0.21
2025-04-03,AB+,0,3,4,1607,0.13
2025-04-03,AB-,1,3,4,1607,0.21
2025-04-03,B+,4,3,4,1607,2.51
2025-04-03,B-,0,3,4,1607,0.14
2025-04-03,O+,1,3,4,1607,2.89
2025-04-03,O-,1,3,4,1607,0.29
2025-04-04,A+,5,4,4,1608,1.42
2025-04-04,A-,0,4,4,1608,0.24
2025-04-04,AB+,0,4,4,1608,0.16
2025-04-04,AB-,0,4,4,1608,0.21
2025-04-04,B+,2,4,4,1608,2.5
2025-04-04,B-,0,4,4,1608,0.14
2025-04-04,O+,2,4,4,1608,3.05
2025-04-04,O-,1,4,4,1608,0.35
2025-04-05,A+,1,5,4,1609,1.3
2025-04-05,A-,0,5,4,1609,0.2
2025-04-05,AB+,0,5,4,1609,0.12
2025-04-05,AB-,0,5,4,1609,0.19
2025-04-05,B+,1,5,4,1609,2.47
2025-04-05,B-,0,5,4,1609,0.1
2025-04-05,O+,2,5,4,1609,2.86
2025-04-05,O-,1,5,4,1609,0.42
2025-04-06,A+,1,6,4,1610,1.37
2025-04-06,A-,2,6,4,1610,0.36
2025-04-06,AB+,1,6,4,1610,0.21
2025-04-06,AB-,0,6,4,1610,0.21
2025-04-06,B+,0,6,4,1610,2.33
2025-04-06,B-,0,6,4,1610,0.11
2025-04-06,O+,3,6,4,1610,2.96
2025-04-06,O-,0,6,4,1610,0.28
2025-04-07,A+,0,0,4,1611,1.36
2025-04-07,A-,0,0,4,1611,0.34
2025-04-07,AB+,0,0,4,1611,0.18
2025-04-07,AB-,0,0,4,1611,0.18
2025-04-07,B+,3,0,4,1611,2.32
2025-04-07,B-,0,0,4,1611,0.1
2025-04-07,O+,2,0,4,1611,2.86
2025-04-07,O-,0,0,4,1611,0.27
2025-04-08,A+,2,1,4,1612,1.54
2025-04-08,A-,0,1,4,1612,0.29
2025-04-08,AB+,0,1,4,1612,0.21
2025-04-08,AB-,0,1,4,1612,0.19
2025-04-08,B+,4,1,4,1612,2.57
2025-04-08,B-,0,1,4,1612,0.12
2025-04-08,O+,2,1,4,1612,2.73
2025-04-08,O-,0,1,4,1612,0.28
2025-04-09,A+,0,2,4,1613,1.46
2025-04-09,A-,0,2,4,1613,0.28
2025-04-09,AB+,0,2,4,1613,0.12
2025-04-09,AB-,0,2,4,1613,0.17
2025-04-09,B+,0,2,4,1613,2.37
2025-04-09,B-,0,2,4,1613,0.08
2025-04-09,O+,3,2,4,1613,2.69
2025-04-09,O-,0,2,4,1613,0.26
2025-04-10,A+,1,3,4,1614,1.44
2025-04-10,A-,0,3,4,1614,0.26
2025-04-10,AB+,1,3,4,1614,0.19
2025-04-10,AB-,0,3,4,1614,0.19
2025-04-10,B+,4,3,4,1614,2.74
2025-04-10,B-,0,3,4,1614,0.12
2025-04-10,O+,2,3,4,1614,2.57
2025-04-10,O-,0,3,4,1614,0.29
2025-04-11,A+,2,4,4,1615,1.56
2025-04-11,A-,0,4,4,1615,0.29
2025-04-11,AB+,0,4,4,1615,0.21
2025-04-11,AB-,0,4,4,1615,0.19
2025-04-11,B+,1,4,4,1615,2.63
2025-04-11,B-,1,4,4,1615,0.19
2025-04-11,O+,3,4,4,1615,2.56
2025-04-11,O-,1,4,4,1615,0.36
2025-04-12,A+,4,5,4,1616,1.8
2025-04-12,A-,0,5,4,1616,0.31
2025-04-12,AB+,0,5,4,1616,0.23
2025-04-12,AB-,0,5,4,1616,0.22
2025-04-12,B+,5,5,4,1616,2.76
2025-04-12,B-,0,5,4,1616,0.23
2025-04-12,O+,5,5,4,1616,2.93
2025-04-12,O-,0,5,4,1616,0.39
2025-04-13,A+,1,6,4,1617,1.73
2025-04-13,A-,1,6,4,1617,0.4
2025-04-13,AB+,0,6,4,1617,0.24
2025-04-13,AB-,0,6,4,1617,0.21
2025-04-13,B+,1,6,4,1617,2.65
2025-04-13,B-,0,6,4,1617,0.18
2025-04-13,O+,2,6,4,1617,2.86
2025-04-13,O-,0,6,4,1617,0.34
2025-04-14,A+,3,0,4,1618,1.93
2025-04-14,A-,0,0,4,1618,0.36
2025-04-14,AB+,0,0,4,1618,0.2
2025-04-14,AB-,0,0,4,1618,0.11
2025-04-14,B+,1,0,4,1618,2.4
2025-04-14,B-,0,0,4,1618,0.11
2025-04-14,O+,4,0,4,1618,3.04
2025-04-14,O-,2,0,4,1618,0.52
2025-04-15,A+,3,1,4,1619,2.11
2025-04-15,A-,0,1,4,1619,0.39
2025-04-15,AB+,1,1,4,1619,0.31
2025-04-15,AB-,0,1,4,1619,0.15
2025-04-15,B+,5,1,4,1619,2.62
2025-04-15,B-,0,1,4,1619,0.16
2025-04-15,O+,3,1,4,1619,2.99
2025-04-15,O-,0,1,4,1619,0.54
2025-04-16,A+,0,2,4,1620,2.03
2025-04-16,A-,0,2,4,1620,0.37
2025-04-16,AB+,0,2,4,1620,0.29
2025-04-16,AB-,0,2,4,1620,0.1
2025-04-16,B+,2,2,4,1620,2.63
2025-04-16,B-,0,2,4,1620,0.09
2025-04-16,O+,2,2,4,1620,2.86
2025-04-16,O-,1,2,4,1620,0.59
2025-04-17,A+,3,3,4,1621,2.1
2025-04-17,A-,0,3,4,1621,0.29
2025-04-17,AB+,0,3,4,1621,0.29
2025-04-17,AB-,0,3,4,1621,0.04
2025-04-17,B+,1,3,4,1621,2.41
2025-04-17,B-,0,3,4,1621,0.11
2025-04-17,O+,5,3,4,1621,3.21
2025-04-17,O-,1,3,4,1621,0.6
2025-04-18,A+,1,4,4,1622,1.79
2025-04-18,A-,0,4,4,1622,0.29
2025-04-18,AB+,0,4,4,1622,0.29
2025-04-18,AB-,0,4,4,1622,0.05
2025-04-18,B+,0,4,4,1622,2.25
2025-04-18,B-,0,4,4,1622,0.09
2025-04-18,O+,8,4,4,1622,3.68
2025-04-18,O-,1,4,4,1622,0.61
2025-04-19,A+,1,5,4,1623,1.8
2025-04-19,A-,0,5,4,1623,0.31
2025-04-19,AB+,0,5,4,1623,0.31
2025-04-19,AB-,0,5,4,1623,0.07
2025-04-19,B+,0,5,4,1623,2.19
2025-04-19,B-,1,5,4,1623,0.18
2025-04-19,O+,1,5,4,1623,3.56
2025-04-19,O-,1,5,4,1623,0.57
2025-04-20,A+,1,6,4,1624,1.76
2025-04-20,A-,0,6,4,1624,0.11
2025-04-20,AB+,0,6,4,1624,0.19
2025-04-20,AB-,0,6,4,1624,0.03
2025-04-20,B+,2,6,4,1624,2.31
2025-04-20,B-,0,6,4,1624,0.19
2025-04-20,O+,2,6,4,1624,3.49
2025-04-20,O-,0,6,4,1624,0.58
2025-04-21,A+,0,0,4,1625,1.76
2025-04-21,A-,1,0,4,1625,0.19
2025-04-21,AB+,1,0,4,1625,0.28
2025-04-21,AB-,0,0,4,1625,0.03
2025-04-21,B+,2,0,4,1625,2.24
2025-04-21,B-,0,0,4,1625,0.19
2025-04-21,O+,3,0,4,1625,3.59
2025-04-21,O-,0,0,4,1625,0.6
2025-04-22,A+,1,1,4,1626,1.7
2025-04-22,A-,0,1,4,1626,0.2
2025-04-22,AB+,0,1,4,1626,0.28
2025-04-22,AB-,0,1,4,1626,0.03
2025-04-22,B+,0,1,4,1626,1.91
2025-04-22,B-,0,1,4,1626,0.16
2025-04-22,O+,3,1,4,1626,3.64
2025-04-22,O-,1,1,4,1626,0.66
2025-04-23,A+,1,2,4,1627,1.76
2025-04-23,A-,0,2,4,1627,0.19
2025-04-23,AB+,0,2,4,1627,0.27
2025-04-23,AB-,0,2,4,1627,0.04
2025-04-23,B+,1,2,4,1627,2.01
2025-04-23,B-,0,2,4,1627,0.18
2025-04-23,O+,2,2,4,1627,3.56
2025-04-23,O-,0,2,4,1627,0.65
2025-04-24,A+,1,3,4,1628,1.76
2025-04-24,A-,0,3,4,1628,0.19
2025-04-24,AB+,1,3,4,1628,0.27
2025-04-24,AB-,0,3,4,1628,0.03
2025-04-24,B+,3,3,4,1628,1.94
2025-04-24,B-,0,3,4,1628,0.19
2025-04-24,O+,1,3,4,1628,3.5
2025-04-24,O-,0,3,4,1628,0.66
2025-04-25,A+,3,4,4,1629,1.86
2025-04-25,A-,0,4,4,1629,0.21
2025-04-25,AB+,0,4,4,1629,0.29
2025-04-25,AB-,0,4,4,1629,0.03
2025-04-25,B+,3,4,4,1629,2.09
2025-04-25,B-,0,4,4,1629,0.12
2025-04-25,O+,5,4,4,1629,3.69
2025-04-25,O-,0,4,4,1629,0.61
2025-04-26,A+,3,5,4,1630,1.81
2025-04-26,A-,0,5,4,1630,0.24
2025-04-26,AB+,1,5,4,1630,0.4
2025-04-26,AB-,0,5,4,1630,0.06
2025-04-26,B+,1,5,4,1630,1.8
2025-04-26,B-,0,5,4,1630,0.11
2025-04-26,O+,2,5,4,1630,3.43
2025-04-26,O-,0,5,4,1630,0.58
2025-04-27,A+,1,6,4,1631,1.76
2025-04-27,A-,0,6,4,1631,0.11
2025-04-27,AB+,0,6,4,1631,0.34
2025-04-27,AB-,0,6,4,1631,0.02
2025-04-27,B+,2,6,4,1631,1.84
2025-04-27,B-,0,6,4,1631,0.1
2025-04-27,O+,5,6,4,1631,3.67
2025-04-27,O-,1,6,4,1631,0.69
2025-04-28,A+,0,0,4,1632,1.55
2025-04-28,A-,0,0,4,1632,0.14
2025-04-28,AB+,0,0,4,1632,0.37
2025-04-28,AB-,0,0,4,1632,0.04
2025-04-28,B+,2,0,4,1632,1.94
2025-04-28,B-,1,0,4,1632,0.19
2025-04-28,O+,0,0,4,1632,3.32
2025-04-28,O-,1,0,4,1632,0.58
2025-04-29,A+,1,1,4,1633,1.37
2025-04-29,A-,0,1,4,1633,0.11
2025-04-29,AB+,1,1,4,1633,0.36
2025-04-29,AB-,0,1,4,1633,0.03
2025-04-29,B+,1,1,4,1633,1.6
2025-04-29,B-,0,1,4,1633,0.19
2025-04-29,O+,3,1,4,1633,3.34
2025-04-29,O-,0,1,4,1633,0.59
2025-04-30,A+,0,2,4,1634,1.37
2025-04-30,A-,0,2,4,1634,0.11
2025-04-30,AB+,0,2,4,1634,0.34
2025-04-30,AB-,0,2,4,1634,0.02
2025-04-30,B+,2,2,4,1634,1.61
2025-04-30,B-,0,2,4,1634,0.17
2025-04-30,O+,2,2,4,1634,3.33
2025-04-30,O-,0,2,4,1634,0.5
2025-05-01,A+,0,3,5,1635,1.13
2025-05-01,A-,0,3,5,1635,0.11
2025-05-01,AB+,0,3,5,1635,0.34
2025-05-01,AB-,0,3,5,1635,0.01
2025-05-01,B+,3,3,5,1635,1.76
2025-05-01,B-,0,3,5,1635,0.18
2025-05-01,O+,5,3,5,1635,3.36
2025-05-01,O-,0,3,5,1635,0.45
2025-05-02,A+,1,4,5,1636,1.16
2025-05-02,A-,0,4,5,1636,0.14
2025-05-02,AB+,0,4,5,1636,0.38
2025-05-02,AB-,0,4,5,1636,0.04
2025-05-02,B+,0,4,5,1636,1.77
2025-05-02,B-,1,4,5,1636,0.25
2025-05-02,O+,2,4,5,1636,2.86
2025-05-02,O-,0,4,5,1636,0.34
2025-05-03,A+,0,5,5,1637,1.04
2025-05-03,A-,0,5,5,1637,0.1
2025-05-03,AB+,1,5,5,1637,0.42
2025-05-03,AB-,0,5,5,1637,0.03
2025-05-03,B+,2,5,5,1637,1.92
2025-05-03,B-,0,5,5,1637,0.18
2025-05-03,O+,6,5,5,1637,3.29
2025-05-03,O-,0,5,5,1637,0.3
2025-05-04,A+,2,6,5,1638,1.18
2025-05-04,A-,0,6,5,1638,0.15
2025-05-04,AB+,0,6,5,1638,0.46
2025-05-04,AB-,0,6,5,1638,0.06
2025-05-04,B+,3,6,5,1638,2.04
2025-05-04,B-,0,6,5,1638,0.19
2025-05-04,O+,2,6,5,1638,3.27
2025-05-04,O-,1,6,5,1638,0.36
2025-05-05,A+,1,0,5,1639,1.23
2025-05-05,A-,0,0,5,1639,0.05
2025-05-05,AB+,0,0,5,1639,0.36
2025-05-05,AB-,0,0,5,1639,0.03
2025-05-05,B+,1,0,5,1639,1.92
2025-05-05,B-,0,0,5,1639,0.18
2025-05-05,O+,4,0,5,1639,3.34
2025-05-05,O-,0,0,5,1639,0.35
2025-05-06,A+,4,1,5,1640,1.48
2025-05-06,A-,0,1,5,1640,0.06
2025-05-06,AB+,2,1,5,1640,0.55
2025-05-06,AB-,0,1,5,1640,0.07
2025-05-06,B+,2,1,5,1640,2.13
2025-05-06,B-,0,1,5,1640,0.21
2025-05-06,O+,4,1,5,1640,3.46
2025-05-06,O-,0,1,5,1640,0.29
2025-05-07,A+,2,2,5,1641,1.56
2025-05-07,A-,0,2,5,1641,0.06
2025-05-07,AB+,1,2,5,1641,0.61
2025-05-07,AB-,0,2,5,1641,0.05
2025-05-07,B+,1,2,5,1641,2.1
2025-05-07,B-,0,2,5,1641,0.19
2025-05-07,O+,4,2,5,1641,3.59
2025-05-07,O-,1,2,5,1641,0.36
2025-05-08,A+,2,3,5,1642,1.64
2025-05-08,A-,1,3,5,1642,0.14
2025-05-08,AB+,0,3,5,1642,0.54
2025-05-08,AB-,0,3,5,1642,0.06
2025-05-08,B+,2,3,5,1642,2.04
2025-05-08,B-,0,3,5,1642,0.2
2025-05-08,O+,3,3,5,1642,3.75
2025-05-08,O-,1,3,5,1642,0.44
2025-05-09,A+,2,4,5,1643,1.55
2025-05-09,A-,1,4,5,1643,0.22
2025-05-09,AB+,0,4,5,1643,0.54
2025-05-09,AB-,0,4,5,1643,0.05
2025-05-09,B+,3,4,5,1643,2.04
2025-05-09,B-,0,4,5,1643,0.21
2025-05-09,O+,3,4,5,1643,3.6
2025-05-09,O-,1,4,5,1643,0.53
2025-05-10,A+,1,5,5,1644,1.39
2025-05-10,A-,0,5,5,1644,0.21
2025-05-10,AB+,1,5,5,1644,0.54
2025-05-10,AB-,1,5,5,1644,0.13
2025-05-10,B+,3,5,5,1644,2.19
2025-05-10,B-,0,5,5,1644,0.21
2025-05-10,O+,1,5,5,1644,3.51
2025-05-10,O-,0,5,5,1644,0.51
2025-05-11,A+,3,6,5,1645,1.56
2025-05-11,A-,0,6,5,1645,0.21
2025-05-11,AB+,1,6,5,1645,0.61
2025-05-11,AB-,0,6,5,1645,0.11
2025-05-11,B+,3,6,5,1645,2.26
2025-05-11,B-,0,6,5,1645,0.21
2025-05-11,O+,5,6,5,1645,3.54
2025-05-11,O-,0,6,5,1645,0.46
2025-05-12,A+,2,0,5,1646,1.73
2025-05-12,A-,0,0,5,1646,0.23
2025-05-12,AB+,0,0,5,1646,0.62
2025-05-12,AB-,0,0,5,1646,0.13
2025-05-12,B+,3,0,5,1646,2.35
2025-05-12,B-,0,0,5,1646,0.11
2025-05-12,O+,1,0,5,1646,3.58
2025-05-12,O-,1,0,5,1646,0.43
2025-05-13,A+,1,1,5,1647,1.69
2025-05-13,A-,0,1,5,1647,0.2
2025-05-13,AB+,0,1,5,1647,0.51
2025-05-13,AB-,0,1,5,1647,0.1
2025-05-13,B+,0,1,5,1647,2.22
2025-05-13,B-,0,1,5,1647,0.09
2025-05-13,O+,0,1,5,1647,3.31
2025-05-13,O-,0,1,5,1647,0.39
2025-05-14,A+,2,2,5,1648,1.82
2025-05-14,A-,0,2,5,1648,0.17
2025-05-14,AB+,0,2,5,1648,0.49
2025-05-14,AB-,0,2,5,1648,0.09
2025-05-14,B+,2,2,5,1648,2.23
2025-05-14,B-,1,2,5,1648,0.19
2025-05-14,O+,4,2,5,1648,3.52
2025-05-14,O-,0,2,5,1648,0.44
2025-05-15,A+,1,3,5,1649,1.94
2025-05-15,A-,1,3,5,1649,0.3
2025-05-15,AB+,0,3,5,1649,0.54
2025-05-15,AB-,0,3,5,1649,0.13
2025-05-15,B+,1,3,5,1649,2.09
2025-05-15,B-,0,3,5,1649,0.18
2025-05-15,O+,5,3,5,1649,3.51
2025-05-15,O-,0,3,5,1649,0.44
2025-05-16,A+,1,4,5,1650,1.94
2025-05-16,A-,0,4,5,1650,0.29
2025-05-16,AB+,0,4,5,1650,0.52
2025-05-16,AB-,0,4,5,1650,0.12
2025-05-16,B+,3,4,5,1650,2.34
2025-05-16,B-,1,4,5,1650,0.19
2025-05-16,O+,4,4,5,1650,3.68
2025-05-16,O-,2,4,5,1650,0.62
2025-05-17,A+,1,5,5,1651,2.04
2025-05-17,A-,0,5,5,1651,0.31
2025-05-17,AB+,0,5,5,1651,0.47
2025-05-17,AB-,0,5,5,1651,0.14
2025-05-17,B+,5,5,5,1651,2.6
2025-05-17,B-,0,5,5,1651,0.21
2025-05-17,O+,2,5,5,1651,3.36
2025-05-17,O-,0,5,5,1651,0.6
2025-05-18,A+,0,6,5,1652,1.86
2025-05-18,A-,0,6,5,1652,0.29
2025-05-18,AB+,0,6,5,1652,0.44
2025-05-18,AB-,0,6,5,1652,0.09
2025-05-18,B+,1,6,5,1652,2.38
2025-05-18,B-,0,6,5,1652,0.16
2025-05-18,O+,3,6,5,1652,3.41
2025-05-18,O-,0,6,5,1652,0.5
2025-05-19,A+,1,0,5,1653,1.84
2025-05-19,A-,0,0,5,1653,0.27
2025-05-19,AB+,2,0,5,1653,0.6
2025-05-19,AB-,0,0,5,1653,0.12
2025-05-19,B+,1,0,5,1653,2.41
2025-05-19,B-,0,0,5,1653,0.19
2025-05-19,O+,5,0,5,1653,3.52
2025-05-19,O-,0,0,5,1653,0.53
2025-05-20,A+,2,1,5,1654,1.72
2025-05-20,A-,0,1,5,1654,0.29
2025-05-20,AB+,0,1,5,1654,0.45
2025-05-20,AB-,0,1,5,1654,0.13
2025-05-20,B+,0,1,5,1654,2.25
2025-05-20,B-,0,1,5,1654,0.17
2025-05-20,O+,2,1,5,1654,3.33
2025-05-20,O-,0,1,5,1654,0.49
2025-05-21,A+,2,2,5,1655,1.68
2025-05-21,A-,1,2,5,1655,0.35
2025-05-21,AB+,0,2,5,1655,0.35
2025-05-21,AB-,0,2,5,1655,0.11
2025-05-21,B+,0,2,5,1655,2.16
2025-05-21,B-,0,2,5,1655,0.18
2025-05-21,O+,1,2,5,1655,3.09
2025-05-21,O-,1,2,5,1655,0.49
2025-05-22,A+,3,3,5,1656,1.76
2025-05-22,A-,1,3,5,1656,0.36
2025-05-22,AB+,1,3,5,1656,0.44
2025-05-22,AB-,0,3,5,1656,0.13
2025-05-22,B+,1,3,5,1656,2.1
2025-05-22,B-,0,3,5,1656,0.21
2025-05-22,O+,3,3,5,1656,3.13
2025-05-22,O-,0,3,5,1656,0.44
2025-05-23,A+,5,4,5,1657,2.04
2025-05-23,A-,0,4,5,1657,0.3
2025-05-23,AB+,1,4,5,1657,0.54
2025-05-23,AB-,0,4,5,1657,0.14
2025-05-23,B+,0,4,5,1657,1.87
2025-05-23,B-,0,4,5,1657,0.2
2025-05-23,O+,1,4,5,1657,2.96
2025-05-23,O-,1,4,5,1657,0.41
2025-05-24,A+,3,5,5,1658,2.16
2025-05-24,A-,0,5,5,1658,0.27
2025-05-24,AB+,1,5,5,1658,0.51
2025-05-24,AB-,0,5,5,1658,0.04
2025-05-24,B+,1,5,5,1658,1.7
2025-05-24,B-,0,5,5,1658,0.2
2025-05-24,O+,5,5,5,1658,3.29
2025-05-24,O-,1,5,5,1658,0.53
2025-05-25,A+,2,6,5,1659,2.11
2025-05-25,A-,0,6,5,1659,0.3
2025-05-25,AB+,0,6,5,1659,0.46
2025-05-25,AB-,0,6,5,1659,0.06
2025-05-25,B+,7,6,5,1659,2.07
2025-05-25,B-,0,6,5,1659,0.23
2025-05-25,O+,2,6,5,1659,3.06
2025-05-25,O-,1,6,5,1659,0.62
2025-05-26,A+,1,0,5,1660,2.04
2025-05-26,A-,1,0,5,1660,0.4
2025-05-26,AB+,0,0,5,1660,0.48
2025-05-26,AB-,0,0,5,1660,0.04
2025-05-26,B+,4,0,5,1660,2.11
2025-05-26,B-,0,0,5,1660,0.21
2025-05-26,O+,3,0,5,1660,3.21
2025-05-26,O-,1,0,5,1660,0.61
2025-05-27,A+,1,1,5,1661,2.03
2025-05-27,A-,1,1,5,1661,0.46
2025-05-27,AB+,1,1,5,1661,0.55
2025-05-27,AB-,0,1,5,1661,0.05
2025-05-27,B+,2,1,5,1661,2.26
2025-05-27,B-,0,1,5,1661,0.2
2025-05-27,O+,5,1,5,1661,3.61
2025-05-27,O-,0,1,5,1661,0.61
2025-05-28,A+,1,2,5,1662,1.95
2025-05-28,A-,1,2,5,1662,0.54
2025-05-28,AB+,0,2,5,1662,0.54
2025-05-28,AB-,0,2,5,1662,0.05
2025-05-28,B+,2,2,5,1662,2.26
2025-05-28,B-,0,2,5,1662,0.11
2025-05-28,O+,4,2,5,1662,3.59
2025-05-28,O-,2,2,5,1662,0.77
2025-05-29,A+,1,3,5,1663,1.95
2025-05-29,A-,1,3,5,1663,0.54
2025-05-29,AB+,0,3,5,1663,0.54
2025-05-29,AB-,0,3,5,1663,0.06
2025-05-29,B+,3,3,5,1663,2.44
2025-05-29,B-,0,3,5,1663,0.13
2025-05-29,O+,3,3,5,1663,3.44
2025-05-29,O-,0,3,5,1663,0.76
2025-05-30,A+,0,4,5,1664,1.85
2025-05-30,A-,1,4,5,1664,0.6
2025-05-30,AB+,0,4,5,1664,0.52
2025-05-30,AB-,0,4,5,1664,0.03
2025-05-30,B+,3,4,5,1664,2.41
2025-05-30,B-,0,4,5,1664,0.03
2025-05-30,O+,8,4,5,1664,3.78
2025-05-30,O-,1,4,5,1664,0.72
2025-05-31,A+,1,5,5,1665,1.9
2025-05-31,A-,0,5,5,1665,0.64
2025-05-31,AB+,0,5,5,1665,0.56
2025-05-31,AB-,1,5,5,1665,0.16
2025-05-31,B+,0,5,5,1665,2.04
2025-05-31,B-,0,5,5,1665,0.02
2025-05-31,O+,1,5,5,1665,3.64
2025-05-31,O-,0,5,5,1665,0.64
2025-06-01,A+,0,6,6,1666,1.82
2025-06-01,A-,0,6,6,1666,0.56
2025-06-01,AB+,0,6,6,1666,0.48
2025-06-01,AB-,0,6,6,1666,0.09
2025-06-01,B+,6,6,6,1666,2.41
2025-06-01,B-,0,6,6,1666,0.04
2025-06-01,O+,1,6,6,1666,3.51
2025-06-01,O-,0,6,6,1666,0.68
2025-06-02,A+,1,0,6,1667,1.86
2025-06-02,A-,0,0,6,1667,0.61
2025-06-02,AB+,0,0,6,1667,0.37
2025-06-02,AB-,0,0,6,1667,0.09
2025-06-02,B+,2,0,6,1667,2.46
2025-06-02,B-,0,0,6,1667,0.02
2025-06-02,O+,2,0,6,1667,3.26
2025-06-02,O-,0,0,6,1667,0.66
2025-06-03,A+,2,1,6,1668,1.85
2025-06-03,A-,0,1,6,1668,0.59
2025-06-03,AB+,0,1,6,1668,0.36
2025-06-03,AB-,0,1,6,1668,0.11
2025-06-03,B+,3,1,6,1668,2.72
2025-06-03,B-,0,1,6,1668,0.04
2025-06-03,O+,4,1,6,1668,3.44
2025-06-03,O-,1,1,6,1668,0.76
2025-06-04,A+,1,2,6,1669,1.79
2025-06-04,A-,0,2,6,1669,0.54
2025-06-04,AB+,0,2,6,1669,0.38
2025-06-04,AB-,0,2,6,1669,0.12
2025-06-04,B+,5,2,6,1669,3.14
2025-06-04,B-,0,2,6,1669,0.05
2025-06-04,O+,5,2,6,1669,3.77
2025-06-04,O-,0,2,6,1669,0.7
2025-06-05,A+,1,3,6,1670,1.65
2025-06-05,A-,0,3,6,1670,0.47
2025-06-05,AB+,0,3,6,1670,0.31
2025-06-05,AB-,0,3,6,1670,0.12
2025-06-05,B+,4,3,6,1670,3.37
2025-06-05,B-,0,3,6,1670,0.04
2025-06-05,O+,4,3,6,1670,3.84
2025-06-05,O-,0,3,6,1670,0.69
2025-06-06,A+,3,4,6,1671,1.49
2025-06-06,A-,0,4,6,1671,0.47
2025-06-06,AB+,1,4,6,1671,0.32
2025-06-06,AB-,1,4,6,1671,0.22
2025-06-06,B+,3,4,6,1671,3.62
2025-06-06,B-,0,4,6,1671,0.06
2025-06-06,O+,3,4,6,1671,4.01
2025-06-06,O-,0,4,6,1671,0.61
2025-06-07,A+,2,5,6,1672,1.41
2025-06-07,A-,0,5,6,1672,0.46
2025-06-07,AB+,1,5,6,1672,0.3
2025-06-07,AB-,0,5,6,1672,0.2
2025-06-07,B+,4,5,6,1672,3.84
2025-06-07,B-,0,5,6,1672,0.05
2025-06-07,O+,1,5,6,1672,3.67
2025-06-07,O-,0,5,6,1672,0.51
2025-06-08,A+,3,6,6,1673,1.48
2025-06-08,A-,0,6,6,1673,0.45
2025-06-08,AB+,1,6,6,1673,0.38
2025-06-08,AB-,0,6,6,1673,0.19
2025-06-08,B+,2,6,6,1673,3.43
2025-06-08,B-,1,6,6,1673,0.13
2025-06-08,O+,5,6,6,1673,3.94
2025-06-08,O-,0,6,6,1673,0.46
2025-06-09,A+,2,0,6,1674,1.57
2025-06-09,A-,0,0,6,1674,0.39
2025-06-09,AB+,0,0,6,1674,0.39
2025-06-09,AB-,0,0,6,1674,0.21
2025-06-09,B+,3,0,6,1674,3.37
2025-06-09,B-,1,0,6,1674,0.2
2025-06-09,O+,4,0,6,1674,4.0
2025-06-09,O-,1,0,6,1674,0.46
2025-06-10,A+,2,1,6,1675,1.65
2025-06-10,A-,0,1,6,1675,0.31
2025-06-10,AB+,0,1,6,1675,0.31
2025-06-10,AB-,0,1,6,1675,0.21
2025-06-10,B+,1,1,6,1675,3.28
2025-06-10,B-,0,1,6,1675,0.19
2025-06-10,O+,6,1,6,1675,4.07
2025-06-10,O-,0,1,6,1675,0.44
2025-06-11,A+,3,2,6,1676,1.8
2025-06-11,A-,0,2,6,1676,0.23
2025-06-11,AB+,0,2,6,1676,0.31
2025-06-11,AB-,0,2,6,1676,0.22
2025-06-11,B+,4,2,6,1676,3.47
2025-06-11,B-,0,2,6,1676,0.21
2025-06-11,O+,4,2,6,1676,4.09
2025-06-11,O-,1,2,6,1676,0.38
2025-06-12,A+,0,3,6,1677,1.71
2025-06-12,A-,0,3,6,1677,0.14
2025-06-12,AB+,0,3,6,1677,0.3
2025-06-12,AB-,0,3,6,1677,0.19
2025-06-12,B+,2,3,6,1677,3.35
2025-06-12,B-,0,3,6,1677,0.18
2025-06-12,O+,4,3,6,1677,4.13
2025-06-12,O-,1,3,6,1677,0.44
2025-06-13,A+,2,4,6,1678,1.87
2025-06-13,A-,0,4,6,1678,0.06
2025-06-13,AB+,0,4,6,1678,0.3
2025-06-13,AB-,1,4,6,1678,0.29
2025-06-13,B+,5,4,6,1678,3.55
2025-06-13,B-,0,4,6,1678,0.22
2025-06-13,O+,6,4,6,1678,4.03
2025-06-13,O-,0,4,6,1678,0.4
2025-06-14,A+,1,5,6,1679,1.9
2025-06-14,A-,0,5,6,1679,0.09
2025-06-14,AB+,0,5,6,1679,0.32
2025-06-14,AB-,0,5,6,1679,0.21
2025-06-14,B+,3,5,6,1679,3.76
2025-06-14,B-,0,5,6,1679,0.19
2025-06-14,O+,4,5,6,1679,4.22
2025-06-14,O-,0,5,6,1679,0.36
2025-06-15,A+,3,6,6,1680,2.11
2025-06-15,A-,0,6,6,1680,0.07
2025-06-15,AB+,2,6,6,1680,0.48
2025-06-15,AB-,1,6,6,1680,0.31
2025-06-15,B+,7,6,6,1680,3.89
2025-06-15,B-,0,6,6,1680,0.25
2025-06-15,O+,5,6,6,1680,4.61
2025-06-15,O-,0,6,6,1680,0.42
2025-06-16,A+,0,0,6,1681,2.07
2025-06-16,A-,0,0,6,1681,0.09
2025-06-16,AB+,0,0,6,1681,0.48
2025-06-16,AB-,0,0,6,1681,0.27
2025-06-16,B+,5,0,6,1681,4.08
2025-06-16,B-,0,0,6,1681,0.19
2025-06-16,O+,2,0,6,1681,4.53
2025-06-16,O-,0,0,6,1681,0.36
2025-06-17,A+,1,1,6,1682,1.94
2025-06-17,A-,0,1,6,1682,0.06
2025-06-17,AB+,0,1,6,1682,0.45
2025-06-17,AB-,0,1,6,1682,0.26
2025-06-17,B+,3,1,6,1682,4.05
2025-06-17,B-,0,1,6,1682,0.19
2025-06-17,O+,3,1,6,1682,4.45
2025-06-17,O-,1,1,6,1682,0.36
2025-06-18,A+,0,2,6,1683,1.86
2025-06-18,A-,1,2,6,1683,0.14
2025-06-18,AB+,2,2,6,1683,0.62
2025-06-18,AB-,0,2,6,1683,0.29
2025-06-18,B+,1,2,6,1683,3.75
2025-06-18,B-,1,2,6,1683,0.28
2025-06-18,O+,2,2,6,1683,4.21
2025-06-18,O-,0,2,6,1683,0.36
2025-06-19,A+,2,3,6,1684,1.94
2025-06-19,A-,2,3,6,1684,0.29
2025-06-19,AB+,1,3,6,1684,0.69
2025-06-19,AB-,0,3,6,1684,0.29
2025-06-19,B+,0,3,6,1684,3.43
2025-06-19,B-,0,3,6,1684,0.27
2025-06-19,O+,2,3,6,1684,4.06
2025-06-19,O-,0,3,6,1684,0.35
2025-06-20,A+,0,4,6,1685,1.67
2025-06-20,A-,0,4,6,1685,0.25
2025-06-20,AB+,0,4,6,1685,0.56
2025-06-20,AB-,0,4,6,1685,0.17
2025-06-20,B+,1,4,6,1685,3.24
2025-06-20,B-,0,4,6,1685,0.24
2025-06-20,O+,2,4,6,1685,3.95
2025-06-20,O-,1,4,6,1685,0.42
2025-06-21,A+,2,5,6,1686,1.69
2025-06-21,A-,0,5,6,1686,0.28
2025-06-21,AB+,1,5,6,1686,0.6
2025-06-21,AB-,0,5,6,1686,0.2
2025-06-21,B+,4,5,6,1686,3.29
2025-06-21,B-,0,5,6,1686,0.29
2025-06-21,O+,3,5,6,1686,4.16
2025-06-21,O-,0,5,6,1686,0.45
2025-06-22,A+,3,6,6,1687,1.73
2025-06-22,A-,0,6,6,1687,0.31
2025-06-22,AB+,0,6,6,1687,0.54
2025-06-22,AB-,0,6,6,1687,0.2
2025-06-22,B+,4,6,6,1687,3.45
2025-06-22,B-,0,6,6,1687,0.21
2025-06-22,O+,4,6,6,1687,4.09
2025-06-22,O-,0,6,6,1687,0.45
2025-06-23,A+,1,0,6,1688,1.64
2025-06-23,A-,0,0,6,1688,0.3
2025-06-23,AB+,0,0,6,1688,0.54
2025-06-23,AB-,0,0,6,1688,0.19
2025-06-23,B+,4,0,6,1688,3.52
2025-06-23,B-,0,0,6,1688,0.11
2025-06-23,O+,0,0,6,1688,3.73
2025-06-23,O-,0,0,6,1688,0.34
2025-06-24,A+,1,1,6,1689,1.53
2025-06-24,A-,0,1,6,1689,0.27
2025-06-24,AB+,0,1,6,1689,0.51
2025-06-24,AB-,0,1,6,1689,0.16
2025-06-24,B+,2,1,6,1689,3.56
2025-06-24,B-,0,1,6,1689,0.1
2025-06-24,O+,6,1,6,1689,3.76
2025-06-24,O-,0,1,6,1689,0.37
2025-06-25,A+,1,2,6,1690,1.4
2025-06-25,A-,0,2,6,1690,0.3
2025-06-25,AB+,0,2,6,1690,0.54
2025-06-25,AB-,0,2,6,1690,0.21
2025-06-25,B+,5,2,6,1690,3.7
2025-06-25,B-,0,2,6,1690,0.12
2025-06-25,O+,6,2,6,1690,3.94
2025-06-25,O-,0,2,6,1690,0.31
2025-06-26,A+,3,3,6,1691,1.67
2025-06-26,A-,0,3,6,1691,0.34
2025-06-26,AB+,0,3,6,1691,0.57
2025-06-26,AB-,0,3,6,1691,0.22
2025-06-26,B+,2,3,6,1691,3.69
2025-06-26,B-,0,3,6,1691,0.11
2025-06-26,O+,2,3,6,1691,3.74
2025-06-26,O-,0,3,6,1691,0.19
2025-06-27,A+,2,4,6,1692,1.61
2025-06-27,A-,1,4,6,1692,0.36
2025-06-27,AB+,0,4,6,1692,0.52
2025-06-27,AB-,0,4,6,1692,0.11
2025-06-27,B+,4,4,6,1692,3.6
2025-06-27,B-,1,4,6,1692,0.21
2025-06-27,O+,4,4,6,1692,3.62
2025-06-27,O-,1,4,6,1692,0.31
2025-06-28,A+,1,5,6,1693,1.65
2025-06-28,A-,0,5,6,1693,0.39
2025-06-28,AB+,1,5,6,1693,0.64
2025-06-28,AB-,0,5,6,1693,0.14
2025-06-28,B+,2,5,6,1693,3.52
2025-06-28,B-,0,5,6,1693,0.19
2025-06-28,O+,1,5,6,1693,3.34
2025-06-28,O-,0,5,6,1693,0.26
2025-06-29,A+,0,6,6,1694,1.36
2025-06-29,A-,0,6,6,1694,0.34
2025-06-29,AB+,0,6,6,1694,0.41
2025-06-29,AB-,0,6,6,1694,0.01
2025-06-29,B+,5,6,6,1694,3.34
2025-06-29,B-,0,6,6,1694,0.19
2025-06-29,O+,6,6,6,1694,3.46
2025-06-29,O-,0,6,6,1694,0.31
2025-06-30,A+,0,0,6,1695,1.41
2025-06-30,A-,0,0,6,1695,0.39
2025-06-30,AB+,1,0,6,1695,0.56
2025-06-30,AB-,0,0,6,1695,0.05
2025-06-30,B+,4,0,6,1695,3.3
2025-06-30,B-,0,0,6,1695,0.19
2025-06-30,O+,3,0,6,1695,3.51
2025-06-30,O-,0,0,6,1695,0.29
2025-07-01,A+,5,1,7,1696,1.74
2025-07-01,A-,0,1,7,1696,0.4
2025-07-01,AB+,1,1,7,1696,0.64
2025-07-01,AB-,0,1,7,1696,0.06
2025-07-01,B+,2,1,7,1696,3.22
2025-07-01,B-,1,1,7,1696,0.3
2025-07-01,O+,6,1,7,1696,3.8
2025-07-01,O-,1,1,7,1696,0.31
2025-07-02,A+,4,2,7,1697,2.07
2025-07-02,A-,0,2,7,1697,0.34
2025-07-02,AB+,0,2,7,1697,0.49
2025-07-02,AB-,0,2,7,1697,0.09
2025-07-02,B+,2,2,7,1697,3.31
2025-07-02,B-,0,2,7,1697,0.21
2025-07-02,O+,3,2,7,1697,3.84
2025-07-02,O-,0,2,7,1697,0.27
2025-07-03,A+,0,3,7,1698,1.84
2025-07-03,A-,0,3,7,1698,0.11
2025-07-03,AB+,1,3,7,1698,0.44
2025-07-03,AB-,1,3,7,1698,0.11
2025-07-03,B+,3,3,7,1698,3.51
2025-07-03,B-,0,3,7,1698,0.19
2025-07-03,O+,1,3,7,1698,3.74
2025-07-03,O-,1,3,7,1698,0.36
2025-07-04,A+,2,4,7,1699,2.03
2025-07-04,A-,0,4,7,1699,0.14
2025-07-04,AB+,1,4,7,1699,0.53
2025-07-04,AB-,0,4,7,1699,0.11
2025-07-04,B+,3,4,7,1699,3.67
2025-07-04,B-,0,4,7,1699,0.21
2025-07-04,O+,2,4,7,1699,3.75
2025-07-04,O-,1,4,7,1699,0.36
2025-07-05,A+,3,5,7,1700,2.11
2025-07-05,A-,0,5,7,1700,0.14
2025-07-05,AB+,2,5,7,1700,0.63
2025-07-05,AB-,0,5,7,1700,0.14
2025-07-05,B+,5,5,7,1700,3.79
2025-07-05,B-,0,5,7,1700,0.24
2025-07-05,O+,1,5,7,1700,3.61
2025-07-05,O-,0,5,7,1700,0.37
2025-07-06,A+,1,6,7,1701,1.95
2025-07-06,A-,0,6,7,1701,0.13
2025-07-06,AB+,0,6,7,1701,0.6
2025-07-06,AB-,0,6,7,1701,0.09
2025-07-06,B+,1,6,7,1701,3.48
2025-07-06,B-,1,6,7,1701,0.26
2025-07-06,O+,3,6,7,1701,3.5
2025-07-06,O-,0,6,7,1701,0.35
2025-07-07,A+,1,0,7,1702,1.93
2025-07-07,A-,0,0,7,1702,0.12
2025-07-07,AB+,1,0,7,1702,0.68
2025-07-07,AB-,0,0,7,1702,0.12
2025-07-07,B+,2,0,7,1702,3.35
2025-07-07,B-,0,0,7,1702,0.26
2025-07-07,O+,4,0,7,1702,3.83
2025-07-07,O-,1,0,7,1702,0.45
2025-07-08,A+,0,1,7,1703,1.86
2025-07-08,A-,0,1,7,1703,0.13
2025-07-08,AB+,0,1,7,1703,0.68
2025-07-08,AB-,0,1,7,1703,0.11
2025-07-08,B+,2,1,7,1703,3.35
2025-07-08,B-,0,1,7,1703,0.26
2025-07-08,O+,1,1,7,1703,3.4
2025-07-08,O-,0,1,7,1703,0.41
2025-07-09,A+,2,2,7,1704,1.92
2025-07-09,A-,0,2,7,1704,0.11
2025-07-09,AB+,1,2,7,1704,0.75
2025-07-09,AB-,0,2,7,1704,0.11
2025-07-09,B+,0,2,7,1704,2.94
2025-07-09,B-,1,2,7,1704,0.34
2025-07-09,O+,2,2,7,1704,3.11
2025-07-09,O-,1,2,7,1704,0.51
2025-07-10,A+,3,3,7,1705,1.94
2025-07-10,A-,1,3,7,1705,0.21
2025-07-10,AB+,2,3,7,1705,0.94
2025-07-10,AB-,0,3,7,1705,0.15
2025-07-10,B+,2,3,7,1705,2.99
2025-07-10,B-,0,3,7,1705,0.38
2025-07-10,O+,2,3,7,1705,3.14
2025-07-10,O-,0,3,7,1705,0.52
2025-07-11,A+,3,4,7,1706,2.03
2025-07-11,A-,0,4,7,1706,0.13
2025-07-11,AB+,1,4,7,1706,1.0
2025-07-11,AB-,0,4,7,1706,0.12
2025-07-11,B+,3,4,7,1706,2.89
2025-07-11,B-,0,4,7,1706,0.29
2025-07-11,O+,5,4,7,1706,3.23
2025-07-11,O-,0,4,7,1706,0.46
2025-07-12,A+,0,5,7,1707,1.95
2025-07-12,A-,0,5,7,1707,0.14
2025-07-12,AB+,0,5,7,1707,0.92
2025-07-12,AB-,0,5,7,1707,0.11
2025-07-12,B+,0,5,7,1707,2.71
2025-07-12,B-,1,5,7,1707,0.32
2025-07-12,O+,5,5,7,1707,3.5
2025-07-12,O-,0,5,7,1707,0.44
2025-07-13,A+,0,6,7,1708,1.93
2025-07-13,A-,0,6,7,1708,0.12
2025-07-13,AB+,1,6,7,1708,0.99
2025-07-13,AB-,0,6,7,1708,0.13
2025-07-13,B+,2,6,7,1708,2.49
2025-07-13,B-,0,6,7,1708,0.34
2025-07-13,O+,4,6,7,1708,3.35
2025-07-13,O-,1,6,7,1708,0.53
2025-07-14,A+,1,0,7,1709,2.03
2025-07-14,A-,0,0,7,1709,0.14
2025-07-14,AB+,0,0,7,1709,0.92
2025-07-14,AB-,0,0,7,1709,0.12
2025-07-14,B+,6,0,7,1709,2.68
2025-07-14,B-,1,0,7,1709,0.46
2025-07-14,O+,3,0,7,1709,3.38
2025-07-14,O-,1,0,7,1709,0.63
2025-07-15,A+,1,1,7,1710,1.74
2025-07-15,A-,0,1,7,1710,0.16
2025-07-15,AB+,1,1,7,1710,0.96
2025-07-15,AB-,0,1,7,1710,0.13
2025-07-15,B+,4,1,7,1710,2.82
2025-07-15,B-,0,1,7,1710,0.36
2025-07-15,O+,7,1,7,1710,3.47
2025-07-15,O-,1,1,7,1710,0.64
2025-07-16,A+,2,2,7,1711,1.6
2025-07-16,A-,0,2,7,1711,0.18
2025-07-16,AB+,0,2,7,1711,0.96
2025-07-16,AB-,0,2,7,1711,0.15
2025-07-16,B+,1,2,7,1711,2.75
2025-07-16,B-,0,2,7,1711,0.34
2025-07-16,O+,1,2,7,1711,3.25
2025-07-16,O-,0,2,7,1711,0.56
2025-07-17,A+,3,3,7,1712,1.76
2025-07-17,A-,1,3,7,1712,0.2
2025-07-17,AB+,0,3,7,1712,0.83
2025-07-17,AB-,0,3,7,1712,0.04
2025-07-17,B+,4,3,7,1712,2.81
2025-07-17,B-,0,3,7,1712,0.37
2025-07-17,O+,4,3,7,1712,3.54
2025-07-17,O-,3,3,7,1712,0.79
2025-07-18,A+,0,4,7,1713,1.65
2025-07-18,A-,1,4,7,1713,0.32
2025-07-18,AB+,0,4,7,1713,0.79
2025-07-18,AB-,0,4,7,1713,0.06
2025-07-18,B+,8,4,7,1713,3.26
2025-07-18,B-,1,4,7,1713,0.49
2025-07-18,O+,4,4,7,1713,3.71
2025-07-18,O-,0,4,7,1713,0.73
2025-07-19,A+,2,5,7,1714,1.6
2025-07-19,A-,0,5,7,1714,0.34
2025-07-19,AB+,0,5,7,1714,0.66
2025-07-19,AB-,0,5,7,1714,0.05
2025-07-19,B+,3,5,7,1714,3.05
2025-07-19,B-,0,5,7,1714,0.43
2025-07-19,O+,2,5,7,1714,3.74
2025-07-19,O-,0,5,7,1714,0.66
2025-07-20,A+,2,6,7,1715,1.62
2025-07-20,A-,0,6,7,1715,0.29
2025-07-20,AB+,1,6,7,1715,0.69
2025-07-20,AB-,0,6,7,1715,0.04
2025-07-20,B+,3,6,7,1715,3.2
2025-07-20,B-,0,6,7,1715,0.36
2025-07-20,O+,3,6,7,1715,3.76
2025-07-20,O-,0,6,7,1715,0.68
2025-07-21,A+,5,0,7,1716,1.97
2025-07-21,A-,0,0,7,1716,0.31
2025-07-21,AB+,1,0,7,1716,0.71
2025-07-21,AB-,0,0,7,1716,0.06
2025-07-21,B+,8,0,7,1716,3.74
2025-07-21,B-,0,0,7,1716,0.41
2025-07-21,O+,3,0,7,1716,3.74
2025-07-21,O-,2,0,7,1716,0.81
2025-07-22,A+,3,1,7,1717,2.24
2025-07-22,A-,0,1,7,1717,0.35
2025-07-22,AB+,0,1,7,1717,0.74
2025-07-22,AB-,0,1,7,1717,0.06
2025-07-22,B+,6,1,7,1717,4.03
2025-07-22,B-,0,1,7,1717,0.39
2025-07-22,O+,2,1,7,1717,3.77
2025-07-22,O-,1,1,7,1717,0.85
2025-07-23,A+,0,2,7,1718,2.03
2025-07-23,A-,0,2,7,1718,0.3
2025-07-23,AB+,0,2,7,1718,0.61
2025-07-23,AB-,0,2,7,1718,0.02
2025-07-23,B+,4,2,7,1718,4.29
2025-07-23,B-,0,2,7,1718,0.27
2025-07-23,O+,2,2,7,1718,3.74
2025-07-23,O-,0,2,7,1718,0.75
2025-07-24,A+,2,3,7,1719,1.94
2025-07-24,A-,0,3,7,1719,0.21
2025-07-24,AB+,1,3,7,1719,0.54
2025-07-24,AB-,0,3,7,1719,0.04
2025-07-24,B+,4,3,7,1719,4.46
2025-07-24,B-,0,3,7,1719,0.29
2025-07-24,O+,3,3,7,1719,3.84
2025-07-24,O-,1,3,7,1719,0.85
2025-07-25,A+,3,4,7,1720,1.97
2025-07-25,A-,0,4,7,1720,0.24
2025-07-25,AB+,0,4,7,1720,0.47
2025-07-25,AB-,0,4,7,1720,0.05
2025-07-25,B+,1,4,7,1720,4.3
2025-07-25,B-,0,4,7,1720,0.27
2025-07-25,O+,4,4,7,1720,3.75
2025-07-25,O-,1,4,7,1720,0.91
2025-07-26,A+,3,5,7,1721,2.19
2025-07-26,A-,0,5,7,1721,0.22
2025-07-26,AB+,0,5,7,1721,0.46
2025-07-26,AB-,1,5,7,1721,0.14
2025-07-26,B+,1,5,7,1721,4.39
2025-07-26,B-,1,5,7,1721,0.29
2025-07-26,O+,1,5,7,1721,3.43
2025-07-26,O-,0,5,7,1721,0.89
2025-07-27,A+,3,6,7,1722,2.41
2025-07-27,A-,0,6,7,1722,0.21
2025-07-27,AB+,0,6,7,1722,0.36
2025-07-27,AB-,0,6,7,1722,0.11
2025-07-27,B+,2,6,7,1722,4.36
2025-07-27,B-,0,6,7,1722,0.27
2025-07-27,O+,1,6,7,1722,3.19
2025-07-27,O-,0,6,7,1722,0.81
2025-07-28,A+,3,0,7,1723,2.56
2025-07-28,A-,0,0,7,1723,0.2
2025-07-28,AB+,0,0,7,1723,0.36
2025-07-28,AB-,0,0,7,1723,0.11
2025-07-28,B+,3,0,7,1723,4.14
2025-07-28,B-,0,0,7,1723,0.2
2025-07-28,O+,1,0,7,1723,3.04
2025-07-28,O-,0,0,7,1723,0.74
2025-07-29,A+,2,1,7,1724,2.64
2025-07-29,A-,0,1,7,1724,0.2
2025-07-29,AB+,1,1,7,1724,0.36
2025-07-29,AB-,0,1,7,1724,0.11
2025-07-29,B+,2,1,7,1724,3.97
2025-07-29,B-,0,1,7,1724,0.19
2025-07-29,O+,3,1,7,1724,2.73
2025-07-29,O-,2,1,7,1724,0.84
2025-07-30,A+,5,2,7,1725,2.92
2025-07-30,A-,0,2,7,1725,0.24
2025-07-30,AB+,1,2,7,1725,0.49
2025-07-30,AB-,0,2,7,1725,0.16
2025-07-30,B+,4,2,7,1725,4.27
2025-07-30,B-,0,2,7,1725,0.24
2025-07-30,O+,4,2,7,1725,3.01
2025-07-30,O-,2,2,7,1725,1.02
2025-07-31,A+,1,3,7,1726,2.76
2025-07-31,A-,0,3,7,1726,0.16
2025-07-31,AB+,0,3,7,1726,0.47
2025-07-31,AB-,0,3,7,1726,0.13
2025-07-31,B+,2,3,7,1726,4.07
2025-07-31,B-,1,3,7,1726,0.28
2025-07-31,O+,1,3,7,1726,2.71
2025-07-31,O-,0,3,7,1726,0.74
2025-08-01,A+,3,4,8,1727,2.96
2025-08-01,A-,0,4,8,1727,0.05
2025-08-01,AB+,1,4,8,1727,0.53
2025-08-01,AB-,0,4,8,1727,0.12
2025-08-01,B+,2,4,8,1727,3.59
2025-08-01,B-,1,4,8,1727,0.29
2025-08-01,O+,3,4,8,1727,2.66
2025-08-01,O-,0,4,8,1727,0.76
2025-08-02,A+,0,5,8,1728,2.8
2025-08-02,A-,2,5,8,1728,0.21
2025-08-02,AB+,0,5,8,1728,0.53
2025-08-02,AB-,0,5,8,1728,0.12
2025-08-02,B+,4,5,8,1728,3.68
2025-08-02,B-,1,5,8,1728,0.36
2025-08-02,O+,4,5,8,1728,2.83
2025-08-02,O-,1,5,8,1728,0.87
2025-08-03,A+,1,6,8,1729,2.75
2025-08-03,A-,0,6,8,1729,0.24
2025-08-03,AB+,0,6,8,1729,0.47
2025-08-03,AB-,0,6,8,1729,0.13
2025-08-03,B+,1,6,8,1729,3.51
2025-08-03,B-,0,6,8,1729,0.34
2025-08-03,O+,5,6,8,1729,2.96
2025-08-03,O-,0,6,8,1729,0.83
2025-08-04,A+,0,0,8,1730,2.32
2025-08-04,A-,0,0,8,1730,0.2
2025-08-04,AB+,1,0,8,1730,0.44
2025-08-04,AB-,0,0,8,1730,0.12
2025-08-04,B+,3,0,8,1730,3.13
2025-08-04,B-,0,0,8,1730,0.34
2025-08-04,O+,4,0,8,1730,3.04
2025-08-04,O-,0,0,8,1730,0.69
2025-08-05,A+,1,1,8,1731,2.19
2025-08-05,A-,0,1,8,1731,0.21
2025-08-05,AB+,0,1,8,1731,0.45
2025-08-05,AB-,0,1,8,1731,0.11
2025-08-05,B+,3,1,8,1731,2.89
2025-08-05,B-,1,1,8,1731,0.43
2025-08-05,O+,1,1,8,1731,2.95
2025-08-05,O-,0,1,8,1731,0.59
2025-08-06,A+,4,2,8,1732,2.5
2025-08-06,A-,1,2,8,1732,0.31
2025-08-06,AB+,0,2,8,1732,0.46
2025-08-06,AB-,0,2,8,1732,0.13
2025-08-06,B+,3,2,8,1732,2.81
2025-08-06,B-,0,2,8,1732,0.45
2025-08-06,O+,1,2,8,1732,2.89
2025-08-06,O-,1,2,8,1732,0.67
2025-08-07,A+,5,3,8,1733,2.74
2025-08-07,A-,0,3,8,1733,0.31
2025-08-07,AB+,0,3,8,1733,0.39
2025-08-07,AB-,0,3,8,1733,0.13
2025-08-07,B+,4,3,8,1733,2.83
2025-08-07,B-,0,3,8,1733,0.46
2025-08-07,O+,4,3,8,1733,3.0
2025-08-07,O-,0,3,8,1733,0.61
2025-08-08,A+,0,4,8,1734,2.49
2025-08-08,A-,0,4,8,1734,0.29
2025-08-08,AB+,1,4,8,1734,0.46
2025-08-08,AB-,0,4,8,1734,0.11
2025-08-08,B+,3,4,8,1734,2.96
2025-08-08,B-,0,4,8,1734,0.42
2025-08-08,O+,2,4,8,1734,2.79
2025-08-08,O-,0,4,8,1734,0.51
2025-08-09,A+,1,5,8,1735,2.33
2025-08-09,A-,0,5,8,1735,0.28
2025-08-09,AB+,0,5,8,1735,0.44
2025-08-09,AB-,0,5,8,1735,0.02
2025-08-09,B+,2,5,8,1735,3.02
2025-08-09,B-,0,5,8,1735,0.34
2025-08-09,O+,1,5,8,1735,2.78
2025-08-09,O-,0,5,8,1735,0.49
2025-08-10,A+,0,6,8,1736,2.06
2025-08-10,A-,0,6,8,1736,0.26
2025-08-10,AB+,0,6,8,1736,0.41
2025-08-10,AB-,0,6,8,1736,0.01
2025-08-10,B+,5,6,8,1736,3.26
2025-08-10,B-,0,6,8,1736,0.35
2025-08-10,O+,3,6,8,1736,2.96
2025-08-10,O-,0,6,8,1736,0.53
2025-08-11,A+,2,0,8,1737,2.04
2025-08-11,A-,0,0,8,1737,0.31
2025-08-11,AB+,0,0,8,1737,0.46
2025-08-11,AB-,0,0,8,1737,0.04
2025-08-11,B+,5,0,8,1737,3.45
2025-08-11,B-,1,0,8,1737,0.45
2025-08-11,O+,7,0,8,1737,3.49
2025-08-11,O-,0,0,8,1737,0.56
2025-08-12,A+,2,1,8,1738,2.07
2025-08-12,A-,0,1,8,1738,0.34
2025-08-12,AB+,0,1,8,1738,0.42
2025-08-12,AB-,0,1,8,1738,0.07
2025-08-12,B+,3,1,8,1738,3.54
2025-08-12,B-,1,1,8,1738,0.51
2025-08-12,O+,6,1,8,1738,3.7
2025-08-12,O-,1,1,8,1738,0.47
2025-08-13,A+,0,2,8,1739,1.65
2025-08-13,A-,0,2,8,1739,0.31
2025-08-13,AB+,0,2,8,1739,0.31
2025-08-13,AB-,0,2,8,1739,0.06
2025-08-13,B+,4,2,8,1739,3.54
2025-08-13,B-,0,2,8,1739,0.51
2025-08-13,O+,4,2,8,1739,3.67
2025-08-13,O-,0,2,8,1739,0.29
2025-08-14,A+,3,3,8,1740,1.81
2025-08-14,A-,0,3,8,1740,0.31
2025-08-14,AB+,1,3,8,1740,0.4
2025-08-14,AB-,0,3,8,1740,0.06
2025-08-14,B+,5,3,8,1740,3.79
2025-08-14,B-,0,3,8,1740,0.46
2025-08-14,O+,4,3,8,1740,3.94
2025-08-14,O-,1,3,8,1740,0.39
2025-08-15,A+,4,4,8,1741,1.91
2025-08-15,A-,1,4,8,1741,0.42
2025-08-15,AB+,0,4,8,1741,0.34
2025-08-15,AB-,0,4,8,1741,0.07
2025-08-15,B+,0,4,8,1741,3.61
2025-08-15,B-,0,4,8,1741,0.36
2025-08-15,O+,3,4,8,1741,3.91
2025-08-15,O-,0,4,8,1741,0.34
2025-08-16,A+,2,5,8,1742,2.0
2025-08-16,A-,2,5,8,1742,0.36
2025-08-16,AB+,0,5,8,1742,0.29
2025-08-16,AB-,1,5,8,1742,0.14
2025-08-16,B+,2,5,8,1742,3.45
2025-08-16,B-,0,5,8,1742,0.29
2025-08-16,O+,5,5,8,1742,4.01
2025-08-16,O-,0,5,8,1742,0.31
2025-08-17,A+,2,6,8,1743,2.11
2025-08-17,A-,0,6,8,1743,0.39
2025-08-17,AB+,0,6,8,1743,0.3
2025-08-17,AB-,0,6,8,1743,0.13
2025-08-17,B+,5,6,8,1743,3.78
2025-08-17,B-,0,6,8,1743,0.29
2025-08-17,O+,7,6,8,1743,4.19
2025-08-17,O-,0,6,8,1743,0.32
2025-08-18,A+,3,0,8,1744,2.39
2025-08-18,A-,1,0,8,1744,0.51
2025-08-18,AB+,1,0,8,1744,0.36
2025-08-18,AB-,0,0,8,1744,0.16
2025-08-18,B+,2,0,8,1744,3.71
2025-08-18,B-,0,0,8,1744,0.29
2025-08-18,O+,5,0,8,1744,4.25
2025-08-18,O-,0,0,8,1744,0.3
2025-08-19,A+,0,1,8,1745,2.26
2025-08-19,A-,1,1,8,1745,0.53
2025-08-19,AB+,0,1,8,1745,0.29
2025-08-19,AB-,0,1,8,1745,0.12
2025-08-19,B+,6,1,8,1745,3.94
2025-08-19,B-,0,1,8,1745,0.21
2025-08-19,O+,2,1,8,1745,4.31
2025-08-19,O-,0,1,8,1745,0.3
2025-08-20,A+,3,2,8,1746,2.2
2025-08-20,A-,0,2,8,1746,0.47
2025-08-20,AB+,1,2,8,1746,0.4
2025-08-20,AB-,1,2,8,1746,0.21
2025-08-20,B+,1,2,8,1746,3.75
2025-08-20,B-,0,2,8,1746,0.2
2025-08-20,O+,4,2,8,1746,4.55
2025-08-20,O-,1,2,8,1746,0.29
2025-08-21,A+,1,3,8,1747,1.87
2025-08-21,A-,0,3,8,1747,0.45
2025-08-21,AB+,0,3,8,1747,0.36
2025-08-21,AB-,0,3,8,1747,0.2
2025-08-21,B+,1,3,8,1747,3.51
2025-08-21,B-,0,3,8,1747,0.18
2025-08-21,O+,2,3,8,1747,4.35
2025-08-21,O-,0,3,8,1747,0.26
2025-08-22,A+,2,4,8,1748,2.0
2025-08-22,A-,0,4,8,1748,0.43
2025-08-22,AB+,0,4,8,1748,0.27
2025-08-22,AB-,0,4,8,1748,0.19
2025-08-22,B+,2,4,8,1748,3.42
2025-08-22,B-,0,4,8,1748,0.19
2025-08-22,O+,5,4,8,1748,4.62
2025-08-22,O-,0,4,8,1748,0.29
2025-08-23,A+,1,5,8,1749,2.02
2025-08-23,A-,0,5,8,1749,0.45
2025-08-23,AB+,0,5,8,1749,0.29
2025-08-23,AB-,0,5,8,1749,0.2
2025-08-23,B+,3,5,8,1749,3.52
2025-08-23,B-,0,5,8,1749,0.19
2025-08-23,O+,4,5,8,1749,4.85
2025-08-23,O-,0,5,8,1749,0.29
2025-08-24,A+,2,6,8,1750,2.19
2025-08-24,A-,0,6,8,1750,0.46
2025-08-24,AB+,0,6,8,1750,0.3
2025-08-24,AB-,0,6,8,1750,0.2
2025-08-24,B+,7,6,8,1750,3.71
2025-08-24,B-,0,6,8,1750,0.22
2025-08-24,O+,2,6,8,1750,4.79
2025-08-24,O-,0,6,8,1750,0.3
2025-08-25,A+,0,0,8,1751,2.03
2025-08-25,A-,1,0,8,1751,0.54
2025-08-25,AB+,0,0,8,1751,0.31
2025-08-25,AB-,0,0,8,1751,0.18
2025-08-25,B+,6,0,8,1751,3.76
2025-08-25,B-,0,0,8,1751,0.13
2025-08-25,O+,3,0,8,1751,4.47
2025-08-25,O-,2,0,8,1751,0.48
2025-08-26,A+,3,1,8,1752,2.14
2025-08-26,A-,1,1,8,1752,0.66
2025-08-26,AB+,1,1,8,1752,0.43
2025-08-26,AB-,0,1,8,1752,0.23
2025-08-26,B+,3,1,8,1752,3.79
2025-08-26,B-,0,1,8,1752,0.07
2025-08-26,O+,3,1,8,1752,4.24
2025-08-26,O-,0,1,8,1752,0.37
2025-08-27,A+,1,2,8,1753,2.18
2025-08-27,A-,1,2,8,1753,0.69
2025-08-27,AB+,0,2,8,1753,0.37
2025-08-27,AB-,0,2,8,1753,0.19
2025-08-27,B+,5,2,8,1753,3.84
2025-08-27,B-,0,2,8,1753,0.05
2025-08-27,O+,3,2,8,1753,4.16
2025-08-27,O-,0,2,8,1753,0.38
2025-08-28,A+,0,3,8,1754,1.94
2025-08-28,A-,0,3,8,1754,0.69
2025-08-28,AB+,0,3,8,1754,0.29
2025-08-28,AB-,1,3,8,1754,0.26
2025-08-28,B+,2,3,8,1754,3.58
2025-08-28,B-,1,3,8,1754,0.11
2025-08-28,O+,3,3,8,1754,4.06
2025-08-28,O-,0,3,8,1754,0.29
2025-08-29,A+,1,4,8,1755,1.71
2025-08-29,A-,0,4,8,1755,0.61
2025-08-29,AB+,1,4,8,1755,0.37
2025-08-29,AB-,0,4,8,1755,0.28
2025-08-29,B+,4,4,8,1755,3.91
2025-08-29,B-,0,4,8,1755,0.12
2025-08-29,O+,4,4,8,1755,4.16
2025-08-29,O-,0,4,8,1755,0.3
2025-08-30,A+,2,5,8,1756,1.73
2025-08-30,A-,1,5,8,1756,0.55
2025-08-30,AB+,1,5,8,1756,0.48
2025-08-30,AB-,0,5,8,1756,0.21
2025-08-30,B+,4,5,8,1756,4.09
2025-08-30,B-,0,5,8,1756,0.14
2025-08-30,O+,5,5,8,1756,4.18
2025-08-30,O-,1,5,8,1756,0.4
2025-08-31,A+,3,6,8,1757,1.83
2025-08-31,A-,0,6,8,1757,0.56
2025-08-31,AB+,1,6,8,1757,0.57
2025-08-31,AB-,0,6,8,1757,0.23
2025-08-31,B+,4,6,8,1757,4.03
2025-08-31,B-,0,6,8,1757,0.14
2025-08-31,O+,3,6,8,1757,3.85
2025-08-31,O-,0,6,8,1757,0.37
2025-09-01,A+,1,0,9,1758,1.64
2025-09-01,A-,0,0,9,1758,0.45
2025-09-01,AB+,0,0,9,1758,0.45
2025-09-01,AB-,0,0,9,1758,0.19
2025-09-01,B+,5,0,9,1758,4.23
2025-09-01,B-,0,0,9,1758,0.12
2025-09-01,O+,3,0,9,1758,3.68
2025-09-01,O-,2,0,9,1758,0.54
2025-09-02,A+,0,1,9,1759,1.64
2025-09-02,A-,0,1,9,1759,0.39
2025-09-02,AB+,0,1,9,1759,0.46
2025-09-02,AB-,0,1,9,1759,0.19
2025-09-02,B+,8,1,9,1759,4.41
2025-09-02,B-,1,1,9,1759,0.24
2025-09-02,O+,7,1,9,1759,4.12
2025-09-02,O-,0,1,9,1759,0.59
2025-09-03,A+,1,2,9,1760,1.54
2025-09-03,A-,0,2,9,1760,0.44
2025-09-03,AB+,0,2,9,1760,0.44
2025-09-03,AB-,0,2,9,1760,0.14
2025-09-03,B+,2,2,9,1760,4.47
2025-09-03,B-,0,2,9,1760,0.18
2025-09-03,O+,2,2,9,1760,3.89
2025-09-03,O-,2,2,9,1760,0.59
2025-09-04,A+,3,3,9,1761,1.64
2025-09-04,A-,0,3,9,1761,0.38
2025-09-04,AB+,0,3,9,1761,0.38
2025-09-04,AB-,0,3,9,1761,0.13
2025-09-04,B+,6,3,9,1761,4.89
2025-09-04,B-,0,3,9,1761,0.24
2025-09-04,O+,9,3,9,1761,4.53
2025-09-04,O-,1,3,9,1761,0.74
2025-09-05,A+,1,4,9,1762,1.61
2025-09-05,A-,0,4,9,1762,0.44
2025-09-05,AB+,1,4,9,1762,0.52
2025-09-05,AB-,0,4,9,1762,0.16
2025-09-05,B+,5,4,9,1762,5.15
2025-09-05,B-,0,4,9,1762,0.21
2025-09-05,O+,7,4,9,1762,4.66
2025-09-05,O-,0,4,9,1762,0.72
2025-09-06,A+,2,5,9,1763,1.68
2025-09-06,A-,0,5,9,1763,0.41
2025-09-06,AB+,0,5,9,1763,0.49
2025-09-06,AB-,0,5,9,1763,0.14
2025-09-06,B+,4,5,9,1763,5.2
2025-09-06,B-,0,5,9,1763,0.2
2025-09-06,O+,2,5,9,1763,4.46
2025-09-06,O-,1,5,9,1763,0.76
2025-09-07,A+,3,6,9,1764,1.72
2025-09-07,A-,0,6,9,1764,0.39
2025-09-07,AB+,0,6,9,1764,0.46
2025-09-07,AB-,0,6,9,1764,0.12
2025-09-07,B+,6,6,9,1764,5.11
2025-09-07,B-,0,6,9,1764,0.23
2025-09-07,O+,4,6,9,1764,4.65
2025-09-07,O-,0,6,9,1764,0.78
2025-09-08,A+,3,0,9,1765,1.98
2025-09-08,A-,0,0,9,1765,0.33
2025-09-08,AB+,0,0,9,1765,0.49
2025-09-08,AB-,1,0,9,1765,0.21
2025-09-08,B+,3,0,9,1765,4.87
2025-09-08,B-,0,0,9,1765,0.21
2025-09-08,O+,2,0,9,1765,4.54
2025-09-08,O-,0,0,9,1765,0.59
2025-09-09,A+,4,1,9,1766,2.04
2025-09-09,A-,0,1,9,1766,0.23
2025-09-09,AB+,0,1,9,1766,0.38
2025-09-09,AB-,0,1,9,1766,0.2
2025-09-09,B+,2,1,9,1766,4.77
2025-09-09,B-,0,1,9,1766,0.2
2025-09-09,O+,8,1,9,1766,4.97
2025-09-09,O-,0,1,9,1766,0.62
2025-09-10,A+,5,2,9,1767,2.39
2025-09-10,A-,0,2,9,1767,0.19
2025-09-10,AB+,0,2,9,1767,0.42
2025-09-10,AB-,0,2,9,1767,0.25
2025-09-10,B+,1,2,9,1767,4.5
2025-09-10,B-,0,2,9,1767,0.2
2025-09-10,O+,4,2,9,1767,5.02
2025-09-10,O-,0,2,9,1767,0.59
2025-09-11,A+,5,3,9,1768,2.74
2025-09-11,A-,1,3,9,1768,0.24
2025-09-11,AB+,3,3,9,1768,0.65
2025-09-11,AB-,0,3,9,1768,0.17
2025-09-11,B+,5,3,9,1768,4.76
2025-09-11,B-,0,3,9,1768,0.18
2025-09-11,O+,4,3,9,1768,5.16
2025-09-11,O-,0,3,9,1768,0.64
2025-09-12,A+,2,4,9,1769,2.85
2025-09-12,A-,0,4,9,1769,0.24
2025-09-12,AB+,0,4,9,1769,0.55
2025-09-12,AB-,0,4,9,1769,0.12
2025-09-12,B+,7,4,9,1769,4.96
2025-09-12,B-,1,4,9,1769,0.23
2025-09-12,O+,3,4,9,1769,5.04
2025-09-12,O-,0,4,9,1769,0.63
2025-09-13,A+,3,5,9,1770,2.93
2025-09-13,A-,2,5,9,1770,0.35
2025-09-13,AB+,2,5,9,1770,0.68
2025-09-13,AB-,0,5,9,1770,0.16
2025-09-13,B+,4,5,9,1770,4.97
2025-09-13,B-,0,5,9,1770,0.24
2025-09-13,O+,5,5,9,1770,5.06
2025-09-13,O-,0,5,9,1770,0.56
2025-09-14,A+,4,6,9,1771,3.01
2025-09-14,A-,0,6,9,1771,0.33
2025-09-14,AB+,1,6,9,1771,0.65
2025-09-14,AB-,0,6,9,1771,0.15
2025-09-14,B+,2,6,9,1771,4.8
2025-09-14,B-,0,6,9,1771,0.21
2025-09-14,O+,4,6,9,1771,5.11
2025-09-14,O-,0,6,9,1771,0.52
2025-09-15,A+,1,0,9,1772,2.96
2025-09-15,A-,0,0,9,1772,0.29
2025-09-15,AB+,1,0,9,1772,0.69
2025-09-15,AB-,0,0,9,1772,0.12
2025-09-15,B+,5,0,9,1772,4.79
2025-09-15,B-,0,0,9,1772,0.21
2025-09-15,O+,4,0,9,1772,5.19
2025-09-15,O-,0,0,9,1772,0.39
2025-09-16,A+,2,1,9,1773,3.15
2025-09-16,A-,0,1,9,1773,0.31
2025-09-16,AB+,1,1,9,1773,0.79
2025-09-16,AB-,0,1,9,1773,0.13
2025-09-16,B+,9,1,9,1773,4.91
2025-09-16,B-,0,1,9,1773,0.16
2025-09-16,O+,3,1,9,1773,4.9
2025-09-16,O-,0,1,9,1773,0.41
2025-09-17,A+,5,2,9,1774,3.51
2025-09-17,A-,1,2,9,1774,0.44
2025-09-17,AB+,2,2,9,1774,1.01
2025-09-17,AB-,0,2,9,1774,0.16
2025-09-17,B+,8,2,9,1774,5.4
2025-09-17,B-,0,2,9,1774,0.19
2025-09-17,O+,4,2,9,1774,5.09
2025-09-17,O-,0,2,9,1774,0.26
2025-09-18,A+,3,3,9,1775,3.5
2025-09-18,A-,0,3,9,1775,0.42
2025-09-18,AB+,0,3,9,1775,0.97
2025-09-18,AB-,0,3,9,1775,0.13
2025-09-18,B+,3,3,9,1775,5.1
2025-09-18,B-,0,3,9,1775,0.12
2025-09-18,O+,5,3,9,1775,4.71
2025-09-18,O-,0,3,9,1775,0.14
2025-09-19,A+,2,4,9,1776,3.53
2025-09-19,A-,0,4,9,1776,0.39
2025-09-19,AB+,0,4,9,1776,0.86
2025-09-19,AB-,0,4,9,1776,0.13
2025-09-19,B+,6,4,9,1776,5.2
2025-09-19,B-,0,4,9,1776,0.14
2025-09-19,O+,5,4,9,1776,4.57
2025-09-19,O-,0,4,9,1776,0.16
2025-09-20,A+,2,5,9,1777,3.55
2025-09-20,A-,0,5,9,1777,0.41
2025-09-20,AB+,0,5,9,1777,0.88
2025-09-20,AB-,0,5,9,1777,0.13
2025-09-20,B+,3,5,9,1777,5.1
2025-09-20,B-,0,5,9,1777,0.11
2025-09-20,O+,4,5,9,1777,4.7
2025-09-20,O-,2,5,9,1777,0.22
2025-09-21,A+,1,6,9,1778,3.37
2025-09-21,A-,0,6,9,1778,0.39
2025-09-21,AB+,0,6,9,1778,0.86
2025-09-21,AB-,0,6,9,1778,0.13
2025-09-21,B+,6,6,9,1778,5.12
2025-09-21,B-,0,6,9,1778,0.14
2025-09-21,O+,2,6,9,1778,4.54
2025-09-21,O-,1,6,9,1778,0.3
2025-09-22,A+,2,0,9,1779,3.3
2025-09-22,A-,0,0,9,1779,0.39
2025-09-22,AB+,1,0,9,1779,0.95
2025-09-22,AB-,0,0,9,1779,0.04
2025-09-22,B+,2,0,9,1779,5.01
2025-09-22,B-,1,0,9,1779,0.21
2025-09-22,O+,3,0,9,1779,4.62
2025-09-22,O-,0,0,9,1779,0.29
2025-09-23,A+,4,1,9,1780,3.3
2025-09-23,A-,1,1,9,1780,0.47
2025-09-23,AB+,1,1,9,1780,1.03
2025-09-23,AB-,0,1,9,1780,0.07
2025-09-23,B+,6,1,9,1780,5.37
2025-09-23,B-,0,1,9,1780,0.24
2025-09-23,O+,5,1,9,1780,4.44
2025-09-23,O-,0,1,9,1780,0.33
2025-09-24,A+,7,2,9,1781,3.51
2025-09-24,A-,0,2,9,1781,0.52
2025-09-24,AB+,0,2,9,1781,1.07
2025-09-24,AB-,0,2,9,1781,0.09
2025-09-24,B+,3,2,9,1781,5.53
2025-09-24,B-,0,2,9,1781,0.23
2025-09-24,O+,1,2,9,1781,4.16
2025-09-24,O-,0,2,9,1781,0.26
2025-09-25,A+,2,3,9,1782,3.19
2025-09-25,A-,0,3,9,1782,0.36
2025-09-25,AB+,1,3,9,1782,0.84
2025-09-25,AB-,1,3,9,1782,0.11
2025-09-25,B+,2,3,9,1782,5.24
2025-09-25,B-,0,3,9,1782,0.2
2025-09-25,O+,7,3,9,1782,4.41
2025-09-25,O-,0,3,9,1782,0.31
2025-09-26,A+,4,4,9,1783,3.41
2025-09-26,A-,0,4,9,1783,0.41
2025-09-26,AB+,2,4,9,1783,1.05
2025-09-26,AB-,0,4,9,1783,0.17
2025-09-26,B+,5,4,9,1783,5.16
2025-09-26,B-,1,4,9,1783,0.24
2025-09-26,O+,6,4,9,1783,4.69
2025-09-26,O-,0,4,9,1783,0.34
2025-09-27,A+,1,5,9,1784,3.25
2025-09-27,A-,0,5,9,1784,0.25
2025-09-27,AB+,0,5,9,1784,0.88
2025-09-27,AB-,1,5,9,1784,0.22
2025-09-27,B+,1,5,9,1784,4.86
2025-09-27,B-,0,5,9,1784,0.18
2025-09-27,O+,8,5,9,1784,4.87
2025-09-27,O-,1,5,9,1784,0.39
2025-09-28,A+,4,6,9,1785,3.25
2025-09-28,A-,1,6,9,1785,0.35
2025-09-28,AB+,0,6,9,1785,0.81
2025-09-28,AB-,1,6,9,1785,0.34
2025-09-28,B+,4,6,9,1785,5.09
2025-09-28,B-,0,6,9,1785,0.24
2025-09-28,O+,1,6,9,1785,4.64
2025-09-28,O-,0,6,9,1785,0.36
2025-09-29,A+,0,0,9,1786,3.11
2025-09-29,A-,0,0,9,1786,0.28
2025-09-29,AB+,0,0,9,1786,0.66
2025-09-29,AB-,0,0,9,1786,0.24
2025-09-29,B+,3,0,9,1786,4.82
2025-09-29,B-,0,0,9,1786,0.18
2025-09-29,O+,2,0,9,1786,4.44
2025-09-29,O-,0,0,9,1786,0.35
2025-09-30,A+,4,1,9,1787,3.29
2025-09-30,A-,0,1,9,1787,0.3
2025-09-30,AB+,2,1,9,1787,0.79
2025-09-30,AB-,0,1,9,1787,0.29
2025-09-30,B+,6,1,9,1787,4.66
2025-09-30,B-,1,1,9,1787,0.33
2025-09-30,O+,3,1,9,1787,4.51
2025-09-30,O-,1,1,9,1787,0.49
2025-10-01,A+,2,2,10,1788,3.09
2025-10-01,A-,1,2,10,1788,0.34
2025-10-01,AB+,0,2,10,1788,0.65
2025-10-01,AB-,0,2,10,1788,0.29
2025-10-01,B+,1,2,10,1788,4.06
2025-10-01,B-,0,2,10,1788,0.27
2025-10-01,O+,5,2,10,1788,4.54
2025-10-01,O-,1,2,10,1788,0.53
2025-10-02,A+,4,3,10,1789,3.14
2025-10-02,A-,1,3,10,1789,0.4
2025-10-02,AB+,0,3,10,1789,0.64
2025-10-02,AB-,0,3,10,1789,0.31
2025-10-02,B+,4,3,10,1789,4.19
2025-10-02,B-,0,3,10,1789,0.31
2025-10-02,O+,6,3,10,1789,4.66
2025-10-02,O-,0,3,10,1789,0.55
2025-10-03,A+,1,4,10,1790,3.06
2025-10-03,A-,0,4,10,1790,0.39
2025-10-03,AB+,0,4,10,1790,0.63
2025-10-03,AB-,1,4,10,1790,0.37
2025-10-03,B+,4,4,10,1790,4.01
2025-10-03,B-,0,4,10,1790,0.28
2025-10-03,O+,5,4,10,1790,4.64
2025-10-03,O-,2,4,10,1790,0.71
2025-10-04,A+,0,5,10,1791,2.91
2025-10-04,A-,0,5,10,1791,0.4
2025-10-04,AB+,2,5,10,1791,0.8
2025-10-04,AB-,0,5,10,1791,0.38
2025-10-04,B+,6,5,10,1791,4.27
2025-10-04,B-,0,5,10,1791,0.31
2025-10-04,O+,3,5,10,1791,4.56
2025-10-04,O-,0,5,10,1791,0.55
2025-10-05,A+,2,6,10,1792,3.0
2025-10-05,A-,0,6,10,1792,0.39
2025-10-05,AB+,0,6,10,1792,0.79
2025-10-05,AB-,0,6,10,1792,0.35
2025-10-05,B+,8,6,10,1792,4.41
2025-10-05,B-,0,6,10,1792,0.31
2025-10-05,O+,2,6,10,1792,4.56
2025-10-05,O-,0,6,10,1792,0.46
2025-10-06,A+,2,0,10,1793,2.99
2025-10-06,A-,0,0,10,1793,0.4
2025-10-06,AB+,0,0,10,1793,0.71
2025-10-06,AB-,0,0,10,1793,0.34
2025-10-06,B+,3,0,10,1793,4.45
2025-10-06,B-,0,0,10,1793,0.19
2025-10-06,O+,4,0,10,1793,4.62
2025-10-06,O-,0,0,10,1793,0.44
2025-10-07,A+,2,1,10,1794,2.81
2025-10-07,A-,0,1,10,1794,0.3
2025-10-07,AB+,0,1,10,1794,0.61
2025-10-07,AB-,0,1,10,1794,0.36
2025-10-07,B+,3,1,10,1794,4.23
2025-10-07,B-,0,1,10,1794,0.19
2025-10-07,O+,6,1,10,1794,4.71
2025-10-07,O-,2,1,10,1794,0.63
2025-10-08,A+,0,2,10,1795,2.28
2025-10-08,A-,0,2,10,1795,0.31
2025-10-08,AB+,0,2,10,1795,0.63
2025-10-08,AB-,0,2,10,1795,0.37
2025-10-08,B+,4,2,10,1795,4.33
2025-10-08,B-,0,2,10,1795,0.2
2025-10-08,O+,3,2,10,1795,4.84
2025-10-08,O-,0,2,10,1795,0.6
2025-10-09,A+,5,3,10,1796,2.52
2025-10-09,A-,0,3,10,1796,0.32
2025-10-09,AB+,0,3,10,1796,0.56
2025-10-09,AB-,0,3,10,1796,0.29
2025-10-09,B+,4,3,10,1796,4.49
2025-10-09,B-,0,3,10,1796,0.22
2025-10-09,O+,3,3,10,1796,4.56
2025-10-09,O-,0,3,10,1796,0.6
2025-10-10,A+,6,4,10,1797,2.69
2025-10-10,A-,1,4,10,1797,0.41
2025-10-10,AB+,0,4,10,1797,0.41
2025-10-10,AB-,1,4,10,1797,0.39
2025-10-10,B+,5,4,10,1797,4.51
2025-10-10,B-,0,4,10,1797,0.17
2025-10-10,O+,0,4,10,1797,4.1
2025-10-10,O-,0,4,10,1797,0.6
2025-10-11,A+,3,5,10,1798,2.81
2025-10-11,A-,1,5,10,1798,0.46
2025-10-11,AB+,1,5,10,1798,0.46
2025-10-11,AB-,1,5,10,1798,0.36
2025-10-11,B+,5,5,10,1798,4.79
2025-10-11,B-,0,5,10,1798,0.16
2025-10-11,O+,7,5,10,1798,4.06
2025-10-11,O-,0,5,10,1798,0.58
2025-10-12,A+,1,6,10,1799,2.62
2025-10-12,A-,0,6,10,1799,0.41
2025-10-12,AB+,1,6,10,1799,0.57
2025-10-12,AB-,0,6,10,1799,0.3
2025-10-12,B+,7,6,10,1799,5.06
2025-10-12,B-,0,6,10,1799,0.14
2025-10-12,O+,1,6,10,1799,4.0
2025-10-12,O-,0,6,10,1799,0.54
2025-10-13,A+,1,0,10,1800,2.66
2025-10-13,A-,0,0,10,1800,0.38
2025-10-13,AB+,2,0,10,1800,0.71
2025-10-13,AB-,0,0,10,1800,0.26
2025-10-13,B+,3,0,10,1800,5.0
2025-10-13,B-,1,0,10,1800,0.21
2025-10-13,O+,6,0,10,1800,4.34
2025-10-13,O-,0,0,10,1800,0.56
2025-10-14,A+,4,1,10,1801,2.71
2025-10-14,A-,0,1,10,1801,0.41
2025-10-14,AB+,0,1,10,1801,0.57
2025-10-14,AB-,0,1,10,1801,0.31
2025-10-14,B+,2,1,10,1801,4.72
2025-10-14,B-,0,1,10,1801,0.12
2025-10-14,O+,7,1,10,1801,4.65
2025-10-14,O-,0,1,10,1801,0.46
2025-10-15,A+,0,2,10,1802,2.5
2025-10-15,A-,0,2,10,1802,0.3
2025-10-15,AB+,0,2,10,1802,0.54
2025-10-15,AB-,1,2,10,1802,0.37
2025-10-15,B+,1,2,10,1802,4.7
2025-10-15,B-,0,2,10,1802,0.09
2025-10-15,O+,4,2,10,1802,4.52
2025-10-15,O-,0,2,10,1802,0.36
2025-10-16,A+,2,3,10,1803,2.34
2025-10-16,A-,0,3,10,1803,0.21
2025-10-16,AB+,1,3,10,1803,0.61
2025-10-16,AB-,1,3,10,1803,0.45
2025-10-16,B+,5,3,10,1803,4.81
2025-10-16,B-,0,3,10,1803,0.14
2025-10-16,O+,7,3,10,1803,4.67
2025-10-16,O-,0,3,10,1803,0.41
2025-10-17,A+,0,4,10,1804,2.3
2025-10-17,A-,0,4,10,1804,0.25
2025-10-17,AB+,0,4,10,1804,0.64
2025-10-17,AB-,0,4,10,1804,0.36
2025-10-17,B+,7,4,10,1804,5.05
2025-10-17,B-,2,4,10,1804,0.3
2025-10-17,O+,8,4,10,1804,4.91
2025-10-17,O-,2,4,10,1804,0.45
2025-10-18,A+,6,5,10,1805,2.85
2025-10-18,A-,0,5,10,1805,0.34
2025-10-18,AB+,0,5,10,1805,0.57
2025-10-18,AB-,0,5,10,1805,0.44
2025-10-18,B+,5,5,10,1805,5.02
2025-10-18,B-,0,5,10,1805,0.33
2025-10-18,O+,5,5,10,1805,5.06
2025-10-18,O-,0,5,10,1805,0.39
2025-10-19,A+,3,6,10,1806,2.84
2025-10-19,A-,1,6,10,1806,0.34
2025-10-19,AB+,2,6,10,1806,0.66
2025-10-19,AB-,1,6,10,1806,0.48
2025-10-19,B+,6,6,10,1806,4.84
2025-10-19,B-,0,6,10,1806,0.33
2025-10-19,O+,8,6,10,1806,5.57
2025-10-19,O-,0,6,10,1806,0.44
2025-10-20,A+,2,0,10,1807,2.89
2025-10-20,A-,0,0,10,1807,0.36
2025-10-20,AB+,0,0,10,1807,0.66
2025-10-20,AB-,1,0,10,1807,0.55
2025-10-20,B+,2,0,10,1807,4.73
2025-10-20,B-,0,0,10,1807,0.27
2025-10-20,O+,4,0,10,1807,5.49
2025-10-20,O-,0,0,10,1807,0.36
2025-10-21,A+,3,1,10,1808,2.9
2025-10-21,A-,0,1,10,1808,0.31
2025-10-21,AB+,0,1,10,1808,0.61
2025-10-21,AB-,0,1,10,1808,0.52
2025-10-21,B+,7,1,10,1808,5.05
2025-10-21,B-,0,1,10,1808,0.31
2025-10-21,O+,5,1,10,1808,5.45
2025-10-21,O-,1,1,10,1808,0.33
2025-10-22,A+,0,2,10,1809,2.92
2025-10-22,A-,0,2,10,1809,0.33
2025-10-22,AB+,1,2,10,1809,0.73
2025-10-22,AB-,0,2,10,1809,0.52
2025-10-22,B+,7,2,10,1809,5.29
2025-10-22,B-,0,2,10,1809,0.3
2025-10-22,O+,6,2,10,1809,5.68
2025-10-22,O-,0,2,10,1809,0.34
2025-10-23,A+,1,3,10,1810,2.62
2025-10-23,A-,1,3,10,1810,0.42
2025-10-23,AB+,1,3,10,1810,0.82
2025-10-23,AB-,0,3,10,1810,0.54
2025-10-23,B+,7,3,10,1810,5.54
2025-10-23,B-,0,3,10,1810,0.31
2025-10-23,O+,5,3,10,1810,5.84
2025-10-23,O-,0,3,10,1810,0.34
2025-10-24,A+,4,4,10,1811,2.48
2025-10-24,A-,1,4,10,1811,0.44
2025-10-24,AB+,0,4,10,1811,0.83
2025-10-24,AB-,0,4,10,1811,0.46
2025-10-24,B+,1,4,10,1811,5.19
2025-10-24,B-,0,4,10,1811,0.28
2025-10-24,O+,3,4,10,1811,6.04
2025-10-24,O-,0,4,10,1811,0.27
2025-10-25,A+,0,5,10,1812,2.15
2025-10-25,A-,0,5,10,1812,0.26
2025-10-25,AB+,0,5,10,1812,0.66
2025-10-25,AB-,1,5,10,1812,0.42
2025-10-25,B+,4,5,10,1812,5.09
2025-10-25,B-,1,5,10,1812,0.36
2025-10-25,O+,6,5,10,1812,5.98
2025-10-25,O-,0,5,10,1812,0.32
2025-10-26,A+,3,6,10,1813,2.39
2025-10-26,A-,0,6,10,1813,0.34
2025-10-26,AB+,0,6,10,1813,0.65
2025-10-26,AB-,1,6,10,1813,0.55
2025-10-26,B+,1,6,10,1813,4.64
2025-10-26,B-,0,6,10,1813,0.35
2025-10-26,O+,5,6,10,1813,6.28
2025-10-26,O-,1,6,10,1813,0.37
2025-10-27,A+,3,0,10,1814,2.51
2025-10-27,A-,0,0,10,1814,0.31
2025-10-27,AB+,0,0,10,1814,0.46
2025-10-27,AB-,0,0,10,1814,0.54
2025-10-27,B+,6,0,10,1814,4.9
2025-10-27,B-,1,0,10,1814,0.39
2025-10-27,O+,4,0,10,1814,6.15
2025-10-27,O-,1,0,10,1814,0.48
2025-10-28,A+,2,1,10,1815,2.38
2025-10-28,A-,1,1,10,1815,0.42
2025-10-28,AB+,2,1,10,1815,0.67
2025-10-28,AB-,1,1,10,1815,0.64
2025-10-28,B+,7,1,10,1815,5.31
2025-10-28,B-,0,1,10,1815,0.41
2025-10-28,O+,4,1,10,1815,5.94
2025-10-28,O-,0,1,10,1815,0.5
2025-10-29,A+,3,2,10,1816,2.64
2025-10-29,A-,0,2,10,1816,0.42
2025-10-29,AB+,0,2,10,1816,0.65
2025-10-29,AB-,0,2,10,1816,0.52
2025-10-29,B+,4,2,10,1816,5.5
2025-10-29,B-,1,2,10,1816,0.45
2025-10-29,O+,3,2,10,1816,5.81
2025-10-29,O-,0,2,10,1816,0.45
2025-10-30,A+,4,3,10,1817,2.76
2025-10-30,A-,0,3,10,1817,0.4
2025-10-30,AB+,1,3,10,1817,0.64
2025-10-30,AB-,0,3,10,1817,0.46
2025-10-30,B+,6,3,10,1817,5.6
2025-10-30,B-,0,3,10,1817,0.47
2025-10-30,O+,5,3,10,1817,5.69
2025-10-30,O-,1,3,10,1817,0.56
2025-10-31,A+,5,4,10,1818,3.19
2025-10-31,A-,0,4,10,1818,0.44
2025-10-31,AB+,1,4,10,1818,0.76
2025-10-31,AB-,0,4,10,1818,0.48
2025-10-31,B+,2,4,10,1818,5.21
2025-10-31,B-,2,4,10,1818,0.47
2025-10-31,O+,3,4,10,1818,5.28
2025-10-31,O-,1,4,10,1818,0.46
2025-11-01,A+,6,5,11,1819,3.17
2025-11-01,A-,0,5,11,1819,0.41
2025-11-01,AB+,1,5,11,1819,0.81
2025-11-01,AB-,1,5,11,1819,0.57
2025-11-01,B+,1,5,11,1819,4.89
2025-11-01,B-,0,5,11,1819,0.46
2025-11-01,O+,11,5,11,1819,5.8
2025-11-01,O-,1,5,11,1819,0.58
2025-11-02,A+,5,6,11,1820,3.36
2025-11-02,A-,0,6,11,1820,0.37
2025-11-02,AB+,0,6,11,1820,0.68
2025-11-02,AB-,0,6,11,1820,0.51
2025-11-02,B+,7,6,11,1820,5.04
2025-11-02,B-,1,6,11,1820,0.57
2025-11-02,O+,9,6,11,1820,5.89
2025-11-02,O-,0,6,11,1820,0.59
2025-11-03,A+,4,0,11,1821,3.53
2025-11-03,A-,1,0,11,1821,0.47
2025-11-03,AB+,0,0,11,1821,0.71
2025-11-03,AB-,0,0,11,1821,0.42
2025-11-03,B+,4,0,11,1821,5.16
2025-11-03,B-,3,0,11,1821,0.79
2025-11-03,O+,6,0,11,1821,6.02
2025-11-03,O-,0,0,11,1821,0.57
2025-11-04,A+,2,1,11,1822,3.41
2025-11-04,A-,0,1,11,1822,0.42
2025-11-04,AB+,0,1,11,1822,0.66
2025-11-04,AB-,0,1,11,1822,0.39
2025-11-04,B+,4,1,11,1822,4.88
2025-11-04,B-,1,1,11,1822,0.84
2025-11-04,O+,4,1,11,1822,5.89
2025-11-04,O-,2,1,11,1822,0.63
2025-11-05,A+,1,2,11,1823,3.46
2025-11-05,A-,1,2,11,1823,0.49
2025-11-05,AB+,1,2,11,1823,0.65
2025-11-05,AB-,0,2,11,1823,0.39
2025-11-05,B+,8,2,11,1823,4.99
2025-11-05,B-,0,2,11,1823,0.88
2025-11-05,O+,10,2,11,1823,6.28
2025-11-05,O-,1,2,11,1823,0.78
2025-11-06,A+,6,3,11,1824,3.96
2025-11-06,A-,0,3,11,1824,0.49
2025-11-06,AB+,0,3,11,1824,0.65
2025-11-06,AB-,0,3,11,1824,0.44
2025-11-06,B+,9,3,11,1824,5.21
2025-11-06,B-,0,3,11,1824,0.9
2025-11-06,O+,10,3,11,1824,6.7
2025-11-06,O-,1,3,11,1824,0.85
2025-11-07,A+,4,4,11,1825,3.94
2025-11-07,A-,1,4,11,1825,0.49
2025-11-07,AB+,2,4,11,1825,0.82
2025-11-07,AB-,0,4,11,1825,0.44
2025-11-07,B+,7,4,11,1825,5.68
2025-11-07,B-,2,4,11,1825,1.06
2025-11-07,O+,8,4,11,1825,7.09
2025-11-07,O-,2,4,11,1825,1.02
